{"filecode":"dy07qmkz71zb","title":"Dood Share Ceweknya Marah Gak Mau Di Nal Stream","deskripsi":"Nonton Dood Share Ceweknya Marah Gak Mau Di Nal Stream gratis. Ukuran File: 137.00 MB, Durasi: 02:17. Populer: 3926 tayangan. Diunggah pada 2023-10-05 20:43:16 melalui doodstream. Kata Kunci Terkait: .","tag":null,"protected_embed":"https://dodl.pages.dev/dy07qmkz71zb","protected_dl":"https://myvidplay.com/d/dy07qmkz71zb","single_img":"https://postercdn.net/snaps/e5qs8v0va5kzxdn0.jpg","splash_img":"https://postercdn.net/splash/e5qs8v0va5kzxdn0.jpg","size":"143654912","length":"137","duration":"PT2M17S","views":"3926","uploaded":"2023-10-05 20:43:16","last_view":"2023-10-05 20:43:16","api_source":"doodstream","kategori":"Video Dood","page":104,"index":99}