{"filecode":"dy50loqjo57k","title":"Ngentot Mahasiswi Mulus Gaya Doggystyle Bokepsin Yakwad Video Viral Doods Pro Simontok","deskripsi":"Nonton Ngentot Mahasiswi Mulus Gaya Doggystyle Bokepsin Yakwad Video Viral Doods Pro Simontok gratis. Ukuran File: 329.00 MB, Durasi: 05:29. Populer: 2701 tayangan. Diunggah pada 2024-02-08 20:29:57 melalui doodstream. Kata Kunci Terkait: .","tag":null,"protected_embed":"https://dodl.pages.dev/dy50loqjo57k","protected_dl":"https://myvidplay.com/d/dy50loqjo57k","single_img":"https://postercdn.net/snaps/yunuukpazhkyj7o9.jpg","splash_img":"https://postercdn.net/splash/yunuukpazhkyj7o9.jpg","size":"344981504","length":"329","duration":"PT5M29S","views":"2701","uploaded":"2024-02-08 20:29:57","last_view":"2024-02-08 20:29:57","api_source":"doodstream","kategori":"Video Viral","page":58,"index":74}