{"filecode":"dy52g1dhgfzg","title":"Ngewe Cewek Toge Video Indo Viral Colmek Staklam Terupdate","deskripsi":"Nonton Ngewe Cewek Toge Video Indo Viral Colmek Staklam Terupdate gratis. Ukuran File: 120.00 MB, Durasi: 02:00. Populer: 1108 tayangan. Diunggah pada 2023-08-26 13:28:10 melalui doodstream. Kata Kunci Terkait: .","tag":null,"protected_embed":"https://dodl.pages.dev/dy52g1dhgfzg","protected_dl":"https://myvidplay.com/d/dy52g1dhgfzg","single_img":"https://postercdn.net/snaps/9vcsq7hoxqc62n39.jpg","splash_img":"https://postercdn.net/splash/9vcsq7hoxqc62n39.jpg","size":"125829120","length":"120","duration":"PT2M","views":"1108","uploaded":"2023-08-26 13:28:10","last_view":"2023-08-26 13:28:10","api_source":"doodstream","kategori":"Video Viral","page":112,"index":107}