{"filecode":"dy5jmbh5yk6l","title":"Bokep Indo Ratih Maharani Colmek Full Video Sangetube Viral Sotwe Cantik Tobrut","deskripsi":"Nonton Bokep Indo Ratih Maharani Colmek Full Video Sangetube Viral Sotwe Cantik Tobrut gratis. Ukuran File: 594.00 MB, Durasi: 09:54. Populer: 967 tayangan. Diunggah pada 2023-11-27 04:20:02 melalui doodstream. Kata Kunci Terkait: .","tag":null,"protected_embed":"https://dodl.pages.dev/dy5jmbh5yk6l","protected_dl":"https://myvidplay.com/d/dy5jmbh5yk6l","single_img":"https://postercdn.net/snaps/qpx9unjrsvewijfc.jpg","splash_img":"https://postercdn.net/splash/qpx9unjrsvewijfc.jpg","size":"622854144","length":"594","duration":"PT9M54S","views":"967","uploaded":"2023-11-27 04:20:02","last_view":"2023-11-27 04:20:02","api_source":"doodstream","kategori":"Video Viral","page":80,"index":128}