{"filecode":"dy8fadndy57x","title":"Bokep Indo Hijab Zilla Pap Toket Di Toilet Bokepsin Com Dood Tele","deskripsi":"Nonton Bokep Indo Hijab Zilla Pap Toket Di Toilet Bokepsin Com Dood Tele gratis. Ukuran File: 86.00 MB, Durasi: 01:26. Populer: 1539 tayangan. Diunggah pada 2024-08-08 02:05:17 melalui doodstream. Kata Kunci Terkait: .","tag":null,"protected_embed":"https://dodl.pages.dev/dy8fadndy57x","protected_dl":"https://myvidplay.com/d/dy8fadndy57x","single_img":"https://postercdn.net/snaps/l2qkoxxhkp20ajwn.jpg","splash_img":"https://postercdn.net/splash/l2qkoxxhkp20ajwn.jpg","size":"90177536","length":"86","duration":"PT1M26S","views":"1539","uploaded":"2024-08-08 02:05:17","last_view":"2024-08-08 02:05:17","api_source":"doodstream","kategori":"Video Hijab","page":40,"index":37}