{"filecode":"dy9aavjoqom4","title":"Indo Bb Bokep Jilbobs Bbw Tante Yona Sange Berat Link Web Dood","deskripsi":"Nonton Indo Bb Bokep Jilbobs Bbw Tante Yona Sange Berat Link Web Dood gratis. Ukuran File: 224.00 MB, Durasi: 03:44. Populer: 25289 tayangan. Diunggah pada 2024-03-07 16:20:11 melalui doodstream. Kata Kunci Terkait: .","tag":null,"protected_embed":"https://dodl.pages.dev/dy9aavjoqom4","protected_dl":"https://myvidplay.com/d/dy9aavjoqom4","single_img":"https://postercdn.net/snaps/n0mhynso2ps7o6y6.jpg","splash_img":"https://postercdn.net/splash/n0mhynso2ps7o6y6.jpg","size":"234881024","length":"224","duration":"PT3M44S","views":"25289","uploaded":"2024-03-07 16:20:11","last_view":"2024-03-07 16:20:11","api_source":"doodstream","kategori":"Video Indo","page":53,"index":25}