{"filecode":"dybjyp10hlfw","title":"Lagi Viral Cewek Ngangkang Bdsm Tetes Lilin Downloader Poophd Video Doodsflix Lokal","deskripsi":"Nonton Lagi Viral Cewek Ngangkang Bdsm Tetes Lilin Downloader Poophd Video Doodsflix Lokal gratis. Ukuran File: 299.00 MB, Durasi: 04:59. Populer: 19545 tayangan. Diunggah pada 2023-07-02 20:24:39 melalui doodstream. Kata Kunci Terkait: .","tag":null,"protected_embed":"https://dodl.pages.dev/dybjyp10hlfw","protected_dl":"https://myvidplay.com/d/dybjyp10hlfw","single_img":"https://postercdn.net/snaps/3qxchegbc8xtftkt.jpg","splash_img":"https://postercdn.net/splash/3qxchegbc8xtftkt.jpg","size":"313524224","length":"299","duration":"PT4M59S","views":"19545","uploaded":"2023-07-02 20:24:39","last_view":"2023-07-02 20:24:39","api_source":"doodstream","kategori":"Video Viral","page":131,"index":172}