{"filecode":"dydnxdh653eu","title":"Talent Nay Naycrt Sotwe Viral Cilbo Popstream Doodflix","deskripsi":"Nonton Talent Nay Naycrt Sotwe Viral Cilbo Popstream Doodflix gratis. Ukuran File: 117.00 MB, Durasi: 01:57. Populer: 34 tayangan. Diunggah pada 2025-10-20 08:57:34 melalui doodstream. Kata Kunci Terkait: .","tag":null,"protected_embed":"https://dodl.pages.dev/dydnxdh653eu","protected_dl":"https://myvidplay.com/d/dydnxdh653eu","single_img":"https://postercdn.net/snaps/zv59b9wfudk72djm.jpg","splash_img":"https://postercdn.net/splash/zv59b9wfudk72djm.jpg","size":"122683392","length":"117","duration":"PT1M57S","views":"34","uploaded":"2025-10-20 08:57:34","last_view":"2025-10-20 08:57:34","api_source":"doodstream","kategori":"Video Viral","page":6,"index":97}