{"filecode":"dydp98b89c6a","title":"Ritual Ngocok Kontol Suami Sebelum Tidur Bokep Id Memeksiana Pemersatu Simontok Terabox","deskripsi":"Nonton Ritual Ngocok Kontol Suami Sebelum Tidur Bokep Id Memeksiana Pemersatu Simontok Terabox gratis. Ukuran File: 665.00 MB, Durasi: 11:05. Populer: 2560 tayangan. Diunggah pada 2023-10-13 20:38:13 melalui doodstream. Kata Kunci Terkait: .","tag":null,"protected_embed":"https://dodl.pages.dev/dydp98b89c6a","protected_dl":"https://myvidplay.com/d/dydp98b89c6a","single_img":"https://postercdn.net/snaps/mk75ac5m48x31f26.jpg","splash_img":"https://postercdn.net/splash/mk75ac5m48x31f26.jpg","size":"697303040","length":"665","duration":"PT11M5S","views":"2560","uploaded":"2023-10-13 20:38:13","last_view":"2023-10-13 20:38:13","api_source":"doodstream","kategori":"Video Terabox","page":98,"index":168}