{"filecode":"dye09onv2yc8","title":"Nyobain Teteh Di Dalam Mobil Video Viral Memeksiana Colmek Twitter","deskripsi":"Nonton Nyobain Teteh Di Dalam Mobil Video Viral Memeksiana Colmek Twitter gratis. Ukuran File: 64.00 MB, Durasi: 01:04. Populer: 126 tayangan. Diunggah pada 2025-01-13 05:24:18 melalui doodstream. Kata Kunci Terkait: .","tag":null,"protected_embed":"https://dodl.pages.dev/dye09onv2yc8","protected_dl":"https://myvidplay.com/d/dye09onv2yc8","single_img":"https://postercdn.net/snaps/vqr7a6yqdozjabiu.jpg","splash_img":"https://postercdn.net/splash/vqr7a6yqdozjabiu.jpg","size":"67108864","length":"64","duration":"PT1M4S","views":"126","uploaded":"2025-01-13 05:24:18","last_view":"2025-01-13 05:24:18","api_source":"doodstream","kategori":"Video Viral","page":24,"index":128}