{"filecode":"dyezp6vzkapy","title":"Mom Beautiffull Body Goal Tante Bunga Semok Montok Live Masakk Sambil Karaoke","deskripsi":"Nonton Mom Beautiffull Body Goal Tante Bunga Semok Montok Live Masakk Sambil Karaoke gratis. Ukuran File: 787.00 MB, Durasi: 13:07. Populer: 16462 tayangan. Diunggah pada 2023-08-22 11:14:31 melalui doodstream. Kata Kunci Terkait: .","tag":null,"protected_embed":"https://dodl.pages.dev/dyezp6vzkapy","protected_dl":"https://myvidplay.com/d/dyezp6vzkapy","single_img":"https://postercdn.net/snaps/omcb04c7056auruo.jpg","splash_img":"https://postercdn.net/splash/omcb04c7056auruo.jpg","size":"825229312","length":"787","duration":"PT13M7S","views":"16462","uploaded":"2023-08-22 11:14:31","last_view":"2023-08-22 11:14:31","api_source":"doodstream","kategori":"Video Live","page":113,"index":103}