{"filecode":"dyhnou0ske1w","title":"Natalia Marquez Jasverken Dood Stream Doods Pro Bokepsin Doodflix Terupdate Asupan","deskripsi":"Nonton Natalia Marquez Jasverken Dood Stream Doods Pro Bokepsin Doodflix Terupdate Asupan gratis. Ukuran File: 246.00 MB, Durasi: 04:06. Populer: 504 tayangan. Diunggah pada 2023-08-17 18:54:08 melalui doodstream. Kata Kunci Terkait: .","tag":null,"protected_embed":"https://dodl.pages.dev/dyhnou0ske1w","protected_dl":"https://myvidplay.com/d/dyhnou0ske1w","single_img":"https://postercdn.net/snaps/4vra7h3csicjm6su.jpg","splash_img":"https://postercdn.net/splash/4vra7h3csicjm6su.jpg","size":"257949696","length":"246","duration":"PT4M6S","views":"504","uploaded":"2023-08-17 18:54:08","last_view":"2023-08-17 18:54:08","api_source":"doodstream","kategori":"Video Dood","page":115,"index":41}