{"filecode":"dykgbefen45t","title":"Amoy Sange Dood Stream Tiktok Lokal Telegram Video Sma","deskripsi":"Nonton Amoy Sange Dood Stream Tiktok Lokal Telegram Video Sma gratis. Ukuran File: 139.00 MB, Durasi: 02:19. Populer: 944 tayangan. Diunggah pada 2023-11-12 20:58:36 melalui doodstream. Kata Kunci Terkait: .","tag":null,"protected_embed":"https://dodl.pages.dev/dykgbefen45t","protected_dl":"https://myvidplay.com/d/dykgbefen45t","single_img":"https://postercdn.net/snaps/wcm82ni0d2nff56l.jpg","splash_img":"https://postercdn.net/splash/wcm82ni0d2nff56l.jpg","size":"145752064","length":"139","duration":"PT2M19S","views":"944","uploaded":"2023-11-12 20:58:36","last_view":"2023-11-12 20:58:36","api_source":"doodstream","kategori":"Video Lokal","page":83,"index":179}