{"filecode":"dyla58zsruc0","title":"Dibj Pacar Hijab Di Rumah Kosong Full Album Bokepsin Doods Pro Terupdate","deskripsi":"Nonton Dibj Pacar Hijab Di Rumah Kosong Full Album Bokepsin Doods Pro Terupdate gratis. Ukuran File: 150.00 MB, Durasi: 02:30. Populer: 1450 tayangan. Diunggah pada 2023-12-10 08:08:20 melalui doodstream. Kata Kunci Terkait: .","tag":null,"protected_embed":"https://dodl.pages.dev/dyla58zsruc0","protected_dl":"https://myvidplay.com/d/dyla58zsruc0","single_img":"https://postercdn.net/snaps/dh476slee9kzhqjf.jpg","splash_img":"https://postercdn.net/splash/dh476slee9kzhqjf.jpg","size":"157286400","length":"150","duration":"PT2M30S","views":"1450","uploaded":"2023-12-10 08:08:20","last_view":"2023-12-10 08:08:20","api_source":"doodstream","kategori":"Video Hijab","page":75,"index":23}