{"filecode":"dyn4fd45kk8q","title":"Streaming Bokep Cewek Kampung Nakal Mesum Colipedia Com Link Web Downloader Simintok","deskripsi":"Nonton Streaming Bokep Cewek Kampung Nakal Mesum Colipedia Com Link Web Downloader Simintok gratis. Ukuran File: 131.00 MB, Durasi: 02:11. Populer: 1217 tayangan. Diunggah pada 2023-09-28 23:40:57 melalui doodstream. Kata Kunci Terkait: .","tag":null,"protected_embed":"https://dodl.pages.dev/dyn4fd45kk8q","protected_dl":"https://myvidplay.com/d/dyn4fd45kk8q","single_img":"https://postercdn.net/snaps/wiksr9a6sixfuxrw.jpg","splash_img":"https://postercdn.net/splash/wiksr9a6sixfuxrw.jpg","size":"137363456","length":"131","duration":"PT2M11S","views":"1217","uploaded":"2023-09-28 23:40:57","last_view":"2023-09-28 23:40:57","api_source":"doodstream","kategori":"Video Streaming","page":107,"index":181}