{"filecode":"dyrthw73kvr3","title":"Bokep Indo Siswi Smp Pap Tt Colmek Bokepsin Com Simontok Ful Album","deskripsi":"Nonton Bokep Indo Siswi Smp Pap Tt Colmek Bokepsin Com Simontok Ful Album gratis. Ukuran File: 201.00 MB, Durasi: 03:21. Populer: 1084 tayangan. Diunggah pada 2024-09-14 17:40:47 melalui doodstream. Kata Kunci Terkait: .","tag":null,"protected_embed":"https://dodl.pages.dev/dyrthw73kvr3","protected_dl":"https://myvidplay.com/d/dyrthw73kvr3","single_img":"https://postercdn.net/snaps/vkjaydxc4mls69x5.jpg","splash_img":"https://postercdn.net/splash/vkjaydxc4mls69x5.jpg","size":"210763776","length":"201","duration":"PT3M21S","views":"1084","uploaded":"2024-09-14 17:40:47","last_view":"2024-09-14 17:40:47","api_source":"doodstream","kategori":"Video Indo","page":35,"index":53}