{"filecode":"dyshvyoteln4","title":"Video Bokep Bts Model Ngentot Arzelia Nanda Setelah Sesi Foto Dood Bond","deskripsi":"Nonton Video Bokep Bts Model Ngentot Arzelia Nanda Setelah Sesi Foto Dood Bond gratis. Ukuran File: 438.00 MB, Durasi: 07:18. Populer: 1868 tayangan. Diunggah pada 2023-10-24 23:51:49 melalui doodstream. Kata Kunci Terkait: .","tag":null,"protected_embed":"https://dodl.pages.dev/dyshvyoteln4","protected_dl":"https://myvidplay.com/d/dyshvyoteln4","single_img":"https://postercdn.net/snaps/zb9k06k91hcub073.jpg","splash_img":"https://postercdn.net/splash/zb9k06k91hcub073.jpg","size":"459276288","length":"438","duration":"PT7M18S","views":"1868","uploaded":"2023-10-24 23:51:49","last_view":"2023-10-24 23:51:49","api_source":"doodstream","kategori":"Video Dood","page":89,"index":107}