{"filecode":"dyunqe9bdhdr","title":"Pijat Plus Gratis Ngentot Toket Bagus Com Video Bokep Bokepind Staklam Dodstream","deskripsi":"Nonton Pijat Plus Gratis Ngentot Toket Bagus Com Video Bokep Bokepind Staklam Dodstream gratis. Ukuran File: 1.01 GB, Durasi: 17:17. Populer: 71676 tayangan. Diunggah pada 2023-07-04 21:25:07 melalui doodstream. Kata Kunci Terkait: .","tag":null,"protected_embed":"https://dodl.pages.dev/dyunqe9bdhdr","protected_dl":"https://myvidplay.com/d/dyunqe9bdhdr","single_img":"https://postercdn.net/snaps/98vkzil43e7jqje8.jpg","splash_img":"https://postercdn.net/splash/98vkzil43e7jqje8.jpg","size":"1087373312","length":"1037","duration":"PT17M17S","views":"71676","uploaded":"2023-07-04 21:25:07","last_view":"2023-07-04 21:25:07","api_source":"doodstream","kategori":"Video Bokep","page":129,"index":129}