{"filecode":"dyut8uz6g873","title":"Jilbab Ngintip Mesum Di Saung Asupanbancolmu Dood Stream Indonesia Popstream Bokepsin Simintok","deskripsi":"Nonton Jilbab Ngintip Mesum Di Saung Asupanbancolmu Dood Stream Indonesia Popstream Bokepsin Simintok gratis. Ukuran File: 299.00 MB, Durasi: 04:59. Populer: 43009 tayangan. Diunggah pada 2023-08-07 21:39:01 melalui doodstream. Kata Kunci Terkait: .","tag":null,"protected_embed":"https://dodl.pages.dev/dyut8uz6g873","protected_dl":"https://myvidplay.com/d/dyut8uz6g873","single_img":"https://postercdn.net/snaps/l8q2g0y5elvc6553.jpg","splash_img":"https://postercdn.net/splash/l8q2g0y5elvc6553.jpg","size":"313524224","length":"299","duration":"PT4M59S","views":"43009","uploaded":"2023-08-07 21:39:01","last_view":"2023-08-07 21:39:01","api_source":"doodstream","kategori":"Video Indonesia","page":121,"index":156}