{"filecode":"dyxlb62g22kx","title":"Bokep Ngentot Bangunin Pacar Toge Pake Kontol Full Album Viral Toketbagus Pekoblive","deskripsi":"Nonton Bokep Ngentot Bangunin Pacar Toge Pake Kontol Full Album Viral Toketbagus Pekoblive gratis. Ukuran File: 115.00 MB, Durasi: 01:55. Populer: 546 tayangan. Diunggah pada 2024-02-06 08:33:56 melalui doodstream. Kata Kunci Terkait: .","tag":null,"protected_embed":"https://dodl.pages.dev/dyxlb62g22kx","protected_dl":"https://myvidplay.com/d/dyxlb62g22kx","single_img":"https://postercdn.net/snaps/4xovg3tn7gc792ic.jpg","splash_img":"https://postercdn.net/splash/4xovg3tn7gc792ic.jpg","size":"120586240","length":"115","duration":"PT1M55S","views":"546","uploaded":"2024-02-06 08:33:56","last_view":"2024-02-06 08:33:56","api_source":"doodstream","kategori":"Video Viral","page":59,"index":51}