{"filecode":"dyxl32sncfsy","title":"Yunita Tante Jilbab Binal Lakinya Ga Kuat Video Pemersatu Bangsa Doods Pro","deskripsi":"Nonton Yunita Tante Jilbab Binal Lakinya Ga Kuat Video Pemersatu Bangsa Doods Pro gratis. Ukuran File: 1.36 GB, Durasi: 23:13. Populer: 3640 tayangan. Diunggah pada 2023-12-30 17:41:37 melalui doodstream. Kata Kunci Terkait: .","tag":null,"protected_embed":"https://dodl.pages.dev/dyxl32sncfsy","protected_dl":"https://myvidplay.com/d/dyxl32sncfsy","single_img":"https://postercdn.net/snaps/eh0cvt4f81vy952d.jpg","splash_img":"https://postercdn.net/splash/eh0cvt4f81vy952d.jpg","size":"1460666368","length":"1393","duration":"PT23M13S","views":"3640","uploaded":"2023-12-30 17:41:37","last_view":"2023-12-30 17:41:37","api_source":"doodstream","kategori":"Video Yunita","page":65,"index":185}