{"filecode":"td0lbf144pea","title":"Prosesi Foto Bugil Lagi Viral Doodstream Video Links Live","deskripsi":"Nonton Prosesi Foto Bugil Lagi Viral Doodstream Video Links Live gratis. Ukuran File: 1.28 GB, Durasi: 21:46. Populer: 484 tayangan. Diunggah pada 2023-10-18 09:10:56 melalui doodstream. Kata Kunci Terkait: .","tag":null,"protected_embed":"https://dodl.pages.dev/td0lbf144pea","protected_dl":"https://myvidplay.com/d/td0lbf144pea","single_img":"https://postercdn.net/snaps/k41kapzp5gcn7zah.jpg","splash_img":"https://postercdn.net/splash/k41kapzp5gcn7zah.jpg","size":"1369440256","length":"1306","duration":"PT21M46S","views":"484","uploaded":"2023-10-18 09:10:56","last_view":"2023-10-18 09:10:56","api_source":"doodstream","kategori":"Video Viral","page":95,"index":53}