{"filecode":"td36zxx9lx75","title":"Bokep Binor Jawa Ml Selingkuh Disamping Anaknya Live Doodflix Sotwe Doostream Ngentot","deskripsi":"Nonton Bokep Binor Jawa Ml Selingkuh Disamping Anaknya Live Doodflix Sotwe Doostream Ngentot gratis. Ukuran File: 72.00 MB, Durasi: 01:12. Populer: 981 tayangan. Diunggah pada 2025-11-17 13:28:00 melalui lulustream. Kata Kunci Terkait: .","tag":null,"protected_embed":"https://luvluv.pages.dev/td36zxx9lx75","protected_dl":"https://lulustream.com/d/td36zxx9lx75","single_img":"https://img.lulucdn.com/td36zxx9lx75_t.jpg","splash_img":"https://img.lulucdn.com/td36zxx9lx75_xt.jpg","size":"75497472","length":"72","duration":"PT1M12S","views":981,"uploaded":"2025-11-17 13:28:00","last_view":"2025-11-17 13:28:00","api_source":"lulustream","kategori":"Video Bokep","page":3,"index":23}