{"filecode":"td4ikjp0kqet","title":"Abel Abg Cantik Di Entot Bertiga Sama Pacarnya Hotel Simintok Streaming Dood","deskripsi":"Nonton Abel Abg Cantik Di Entot Bertiga Sama Pacarnya Hotel Simintok Streaming Dood gratis. Ukuran File: 232.00 MB, Durasi: 03:52. Populer: 387 tayangan. Diunggah pada 2024-12-29 07:17:22 melalui doodstream. Kata Kunci Terkait: .","tag":null,"protected_embed":"https://dodl.pages.dev/td4ikjp0kqet","protected_dl":"https://myvidplay.com/d/td4ikjp0kqet","single_img":"https://postercdn.net/snaps/8f9rlnbnp1jmmztp.jpg","splash_img":"https://postercdn.net/splash/8f9rlnbnp1jmmztp.jpg","size":"243269632","length":"232","duration":"PT3M52S","views":"387","uploaded":"2024-12-29 07:17:22","last_view":"2024-12-29 07:17:22","api_source":"doodstream","kategori":"Video Streaming","page":30,"index":21}