{"filecode":"td51wf0i2a6s","title":"Janda Telanjang Dada Avtub Doodstreem Bokep Video Twitter Bochiel Pejuang Lendir","deskripsi":"Nonton Janda Telanjang Dada Avtub Doodstreem Bokep Video Twitter Bochiel Pejuang Lendir gratis. Ukuran File: 1.33 GB, Durasi: 22:45. Populer: 28448 tayangan. Diunggah pada 2023-05-12 23:36:47 melalui doodstream. Kata Kunci Terkait: .","tag":null,"protected_embed":"https://dodl.pages.dev/td51wf0i2a6s","protected_dl":"https://myvidplay.com/d/td51wf0i2a6s","single_img":"https://postercdn.net/snaps/xl5u0adx22re2xsg.jpg","splash_img":"https://postercdn.net/splash/xl5u0adx22re2xsg.jpg","size":"1431306240","length":"1365","duration":"PT22M45S","views":"28448","uploaded":"2023-05-12 23:36:47","last_view":"2023-05-12 23:36:47","api_source":"doodstream","kategori":"Video Janda","page":136,"index":110}