{"filecode":"td5a80wxqy79","title":"Bokep Indo Dance Anal Crot Dimulut Bokepsin Asupan Video Viral Bokepsatset Yakwad","deskripsi":"Nonton Bokep Indo Dance Anal Crot Dimulut Bokepsin Asupan Video Viral Bokepsatset Yakwad gratis. Ukuran File: 1.62 GB, Durasi: 27:38. Populer: 2522 tayangan. Diunggah pada 2023-11-03 06:29:47 melalui doodstream. Kata Kunci Terkait: .","tag":null,"protected_embed":"https://dodl.pages.dev/td5a80wxqy79","protected_dl":"https://myvidplay.com/d/td5a80wxqy79","single_img":"https://postercdn.net/snaps/h3wm95tp9ydb8qb7.jpg","splash_img":"https://postercdn.net/splash/h3wm95tp9ydb8qb7.jpg","size":"1738539008","length":"1658","duration":"PT27M38S","views":"2522","uploaded":"2023-11-03 06:29:47","last_view":"2023-11-03 06:29:47","api_source":"doodstream","kategori":"Video Viral","page":87,"index":47}