{"filecode":"td5tyixbxcyg","title":"Bokep Indo Pap Bugil Seleb Virly Virginia Viral Memeksiana Doodsflix Bokepsin Dodstream","deskripsi":"Nonton Bokep Indo Pap Bugil Seleb Virly Virginia Viral Memeksiana Doodsflix Bokepsin Dodstream gratis. Ukuran File: 69.00 MB, Durasi: 01:09. Populer: 2050 tayangan. Diunggah pada 2024-02-10 01:40:24 melalui doodstream. Kata Kunci Terkait: .","tag":null,"protected_embed":"https://dodl.pages.dev/td5tyixbxcyg","protected_dl":"https://myvidplay.com/d/td5tyixbxcyg","single_img":"https://postercdn.net/snaps/kx5578hgr25bv9dn.jpg","splash_img":"https://postercdn.net/splash/kx5578hgr25bv9dn.jpg","size":"72351744","length":"69","duration":"PT1M9S","views":"2050","uploaded":"2024-02-10 01:40:24","last_view":"2024-02-10 01:40:24","api_source":"doodstream","kategori":"Video Viral","page":58,"index":14}