{"filecode":"td6j2o5qrgxs","title":"Ngewe Cewek Pirang Di Kasur Sampai Capek Berdesah Lulustream Pekoblive Video Colmek","deskripsi":"Nonton Ngewe Cewek Pirang Di Kasur Sampai Capek Berdesah Lulustream Pekoblive Video Colmek gratis. Ukuran File: 80.00 MB, Durasi: 01:20. Populer: 216 tayangan. Diunggah pada 2025-01-18 06:03:30 melalui doodstream. Kata Kunci Terkait: .","tag":null,"protected_embed":"https://dodl.pages.dev/td6j2o5qrgxs","protected_dl":"https://myvidplay.com/d/td6j2o5qrgxs","single_img":"https://postercdn.net/snaps/gbsisp7zuszvcp52.jpg","splash_img":"https://postercdn.net/splash/gbsisp7zuszvcp52.jpg","size":"83886080","length":"80","duration":"PT1M20S","views":"216","uploaded":"2025-01-18 06:03:30","last_view":"2025-01-18 06:03:30","api_source":"doodstream","kategori":"Video Lulustream","page":17,"index":92}