{"filecode":"td7kpgjyh5ih","title":"Vcs Hijab Tobrut Nemenin Kerja Sambil Pamer Uting Update Streaming Twitter Asupan","deskripsi":"Nonton Vcs Hijab Tobrut Nemenin Kerja Sambil Pamer Uting Update Streaming Twitter Asupan gratis. Ukuran File: 123.00 MB, Durasi: 02:03. Populer: 7346 tayangan. Diunggah pada 2025-01-13 05:18:24 melalui doodstream. Kata Kunci Terkait: .","tag":null,"protected_embed":"https://dodl.pages.dev/td7kpgjyh5ih","protected_dl":"https://myvidplay.com/d/td7kpgjyh5ih","single_img":"https://postercdn.net/snaps/32q4prnbwxhrw2sz.jpg","splash_img":"https://postercdn.net/splash/32q4prnbwxhrw2sz.jpg","size":"128974848","length":"123","duration":"PT2M3S","views":"7346","uploaded":"2025-01-13 05:18:24","last_view":"2025-01-13 05:18:24","api_source":"doodstream","kategori":"Video Hijab","page":28,"index":94}