{"filecode":"td8dq14l4y1t","title":"Mxdlp Fucking Machine Collection Akiho Yoshizawa Kana Yume Yui Hatano Nozomi Aso","deskripsi":"Nonton Mxdlp Fucking Machine Collection Akiho Yoshizawa Kana Yume Yui Hatano Nozomi Aso gratis. Ukuran File: 17.16 GB, Durasi: 04:52:51. Populer: 14 tayangan. Diunggah pada 2025-01-13 05:25:38 melalui doodstream. Kata Kunci Terkait: .","tag":null,"protected_embed":"https://dodl.pages.dev/td8dq14l4y1t","protected_dl":"https://myvidplay.com/d/td8dq14l4y1t","single_img":"https://postercdn.net/snaps/k384hymt0t4nd0hy.jpg","splash_img":"https://postercdn.net/splash/k384hymt0t4nd0hy.jpg","size":"18424528896","length":"17571","duration":"PT292M51S","views":"14","uploaded":"2025-01-13 05:25:38","last_view":"2025-01-13 05:25:38","api_source":"doodstream","kategori":"Video Mxdlp","page":23,"index":179}