{"filecode":"td9dbrkwof9p","title":"Bo Michat Pokeh Croot Dood Stream Memeksiana Viral Yakwad Live Toketbagus","deskripsi":"Nonton Bo Michat Pokeh Croot Dood Stream Memeksiana Viral Yakwad Live Toketbagus gratis. Ukuran File: 229.00 MB, Durasi: 03:49. Populer: 3776 tayangan. Diunggah pada 2023-10-18 17:13:13 melalui doodstream. Kata Kunci Terkait: .","tag":null,"protected_embed":"https://dodl.pages.dev/td9dbrkwof9p","protected_dl":"https://myvidplay.com/d/td9dbrkwof9p","single_img":"https://postercdn.net/snaps/6os1bnaek4vjph6c.jpg","splash_img":"https://postercdn.net/splash/6os1bnaek4vjph6c.jpg","size":"240123904","length":"229","duration":"PT3M49S","views":"3776","uploaded":"2023-10-18 17:13:13","last_view":"2023-10-18 17:13:13","api_source":"doodstream","kategori":"Video Viral","page":94,"index":133}