{"filecode":"tdawys142wpp","title":"Bokep Indo Ngajak Pacar Staycation Cuma Mau Minta Jatah Twitter Popstream Tiktok","deskripsi":"Nonton Bokep Indo Ngajak Pacar Staycation Cuma Mau Minta Jatah Twitter Popstream Tiktok gratis. Ukuran File: 1.03 GB, Durasi: 17:36. Populer: 2713 tayangan. Diunggah pada 2023-10-10 09:09:15 melalui doodstream. Kata Kunci Terkait: .","tag":null,"protected_embed":"https://dodl.pages.dev/tdawys142wpp","protected_dl":"https://myvidplay.com/d/tdawys142wpp","single_img":"https://postercdn.net/snaps/085abbjz998lhyml.jpg","splash_img":"https://postercdn.net/splash/085abbjz998lhyml.jpg","size":"1107296256","length":"1056","duration":"PT17M36S","views":"2713","uploaded":"2023-10-10 09:09:15","last_view":"2023-10-10 09:09:15","api_source":"doodstream","kategori":"Video Indo","page":99,"index":178}