{"filecode":"tdb01005rxlc","title":"Ngentot Memek Tembem Abg Sampe Nangis Kesakitan Bokepsatset Tobrut Cantik Jilbab","deskripsi":"Nonton Ngentot Memek Tembem Abg Sampe Nangis Kesakitan Bokepsatset Tobrut Cantik Jilbab gratis. Ukuran File: 132.00 MB, Durasi: 02:12. Populer: 2690 tayangan. Diunggah pada 2023-12-10 08:50:03 melalui doodstream. Kata Kunci Terkait: .","tag":null,"protected_embed":"https://dodl.pages.dev/tdb01005rxlc","protected_dl":"https://myvidplay.com/d/tdb01005rxlc","single_img":"https://postercdn.net/snaps/56oxaa1l93c43i3h.jpg","splash_img":"https://postercdn.net/splash/56oxaa1l93c43i3h.jpg","size":"138412032","length":"132","duration":"PT2M12S","views":"2690","uploaded":"2023-12-10 08:50:03","last_view":"2023-12-10 08:50:03","api_source":"doodstream","kategori":"Video Abg","page":74,"index":101}