{"filecode":"tddfyyrq8c1c","title":"Kumpulan Pap Mandi Just Vivi Colmek Narsis Buat Sayang Videos Video Bokep","deskripsi":"Nonton Kumpulan Pap Mandi Just Vivi Colmek Narsis Buat Sayang Videos Video Bokep gratis. Ukuran File: 1.33 GB, Durasi: 22:44. Populer: 35 tayangan. Diunggah pada 2025-10-20 08:55:52 melalui doodstream. Kata Kunci Terkait: .","tag":null,"protected_embed":"https://dodl.pages.dev/tddfyyrq8c1c","protected_dl":"https://myvidplay.com/d/tddfyyrq8c1c","single_img":"https://postercdn.net/snaps/kpvmlsk64gwmc3x4.jpg","splash_img":"https://postercdn.net/splash/kpvmlsk64gwmc3x4.jpg","size":"1430257664","length":"1364","duration":"PT22M44S","views":"35","uploaded":"2025-10-20 08:55:52","last_view":"2025-10-20 08:55:52","api_source":"doodstream","kategori":"Video Bokep","page":6,"index":116}