{"filecode":"tddlv27h3q5t","title":"Malemjumat Bokep Barat Demi Nilai Bagus Ibu Dan Anak Di Entot Dosen","deskripsi":"Nonton Malemjumat Bokep Barat Demi Nilai Bagus Ibu Dan Anak Di Entot Dosen gratis. Ukuran File: 756.00 MB, Durasi: 12:36. Populer: 5932 tayangan. Diunggah pada 2023-11-03 06:28:20 melalui doodstream. Kata Kunci Terkait: .","tag":null,"protected_embed":"https://dodl.pages.dev/tddlv27h3q5t","protected_dl":"https://myvidplay.com/d/tddlv27h3q5t","single_img":"https://postercdn.net/snaps/dfxs3xtdlzxbg1jh.jpg","splash_img":"https://postercdn.net/splash/dfxs3xtdlzxbg1jh.jpg","size":"792723456","length":"756","duration":"PT12M36S","views":"5932","uploaded":"2023-11-03 06:28:20","last_view":"2023-11-03 06:28:20","api_source":"doodstream","kategori":"Video Barat","page":87,"index":71}