{"filecode":"tdfs18oima3z","title":"Bokep Jepang Cewek Cantik Dipijat Plus Simontok Bokepind Tiktok Lagi Viral Indonesia","deskripsi":"Nonton Bokep Jepang Cewek Cantik Dipijat Plus Simontok Bokepind Tiktok Lagi Viral Indonesia gratis. Ukuran File: 3.60 GB, Durasi: 01:01:29. Populer: 1582 tayangan. Diunggah pada 2024-08-08 02:03:21 melalui doodstream. Kata Kunci Terkait: .","tag":null,"protected_embed":"https://dodl.pages.dev/tdfs18oima3z","protected_dl":"https://myvidplay.com/d/tdfs18oima3z","single_img":"https://postercdn.net/snaps/vw8rcm8cx76cxplr.jpg","splash_img":"https://postercdn.net/splash/vw8rcm8cx76cxplr.jpg","size":"3868196864","length":"3689","duration":"PT61M29S","views":"1582","uploaded":"2024-08-08 02:03:21","last_view":"2024-08-08 02:03:21","api_source":"doodstream","kategori":"Video Viral","page":41,"index":44}