{"filecode":"tdgdqedms7jz","title":"Jilbab Dientod Kuli Bangunan Lagi Viral Ngentot Streaming Doods Pro Lokal","deskripsi":"Nonton Jilbab Dientod Kuli Bangunan Lagi Viral Ngentot Streaming Doods Pro Lokal gratis. Ukuran File: 90.00 MB, Durasi: 01:30. Populer: 1972 tayangan. Diunggah pada 2023-12-30 17:41:45 melalui doodstream. Kata Kunci Terkait: .","tag":null,"protected_embed":"https://dodl.pages.dev/tdgdqedms7jz","protected_dl":"https://myvidplay.com/d/tdgdqedms7jz","single_img":"https://postercdn.net/snaps/pfoowy63md6duit0.jpg","splash_img":"https://postercdn.net/splash/pfoowy63md6duit0.jpg","size":"94371840","length":"90","duration":"PT1M30S","views":"1972","uploaded":"2023-12-30 17:41:45","last_view":"2023-12-30 17:41:45","api_source":"doodstream","kategori":"Video Viral","page":65,"index":179}