{"filecode":"tdioc9osqc3c","title":"Bokep Indo Ngapel Pacar Saat Rumahnya Sepi Id Doods Pro Bokepsatset Doodsflix","deskripsi":"Nonton Bokep Indo Ngapel Pacar Saat Rumahnya Sepi Id Doods Pro Bokepsatset Doodsflix gratis. Ukuran File: 640.00 MB, Durasi: 10:40. Populer: 11399 tayangan. Diunggah pada 2023-10-13 20:39:59 melalui doodstream. Kata Kunci Terkait: .","tag":null,"protected_embed":"https://dodl.pages.dev/tdioc9osqc3c","protected_dl":"https://myvidplay.com/d/tdioc9osqc3c","single_img":"https://postercdn.net/snaps/51gbmljt101kvts3.jpg","splash_img":"https://postercdn.net/splash/51gbmljt101kvts3.jpg","size":"671088640","length":"640","duration":"PT10M40S","views":"11399","uploaded":"2023-10-13 20:39:59","last_view":"2023-10-13 20:39:59","api_source":"doodstream","kategori":"Video Indo","page":98,"index":128}