{"filecode":"tdk665m66b2z","title":"Bokep Ngintip Anak Sma Di Ewe Guru Olahraga Lagi Viral Simintok Lokal","deskripsi":"Nonton Bokep Ngintip Anak Sma Di Ewe Guru Olahraga Lagi Viral Simintok Lokal gratis. Ukuran File: 93.00 MB, Durasi: 01:33. Populer: 1783 tayangan. Diunggah pada 2024-08-08 02:05:43 melalui doodstream. Kata Kunci Terkait: .","tag":null,"protected_embed":"https://dodl.pages.dev/tdk665m66b2z","protected_dl":"https://myvidplay.com/d/tdk665m66b2z","single_img":"https://postercdn.net/snaps/i76rubs5c5zq1ufl.jpg","splash_img":"https://postercdn.net/splash/i76rubs5c5zq1ufl.jpg","size":"97517568","length":"93","duration":"PT1M33S","views":"1783","uploaded":"2024-08-08 02:05:43","last_view":"2024-08-08 02:05:43","api_source":"doodstream","kategori":"Video Viral","page":39,"index":168}