{"filecode":"tdkwouoty6yf","title":"Yang Lagi Viral Scandal Anak Batam Rame Di Grup Wa Episode","deskripsi":"Nonton Yang Lagi Viral Scandal Anak Batam Rame Di Grup Wa Episode gratis. Ukuran File: 294.00 MB, Durasi: 04:54. Populer: 273 tayangan. Diunggah pada 2025-01-11 00:01:11 melalui doodstream. Kata Kunci Terkait: .","tag":null,"protected_embed":"https://dodl.pages.dev/tdkwouoty6yf","protected_dl":"https://myvidplay.com/d/tdkwouoty6yf","single_img":"https://postercdn.net/snaps/jobtbclofnxp55ub.jpg","splash_img":"https://postercdn.net/splash/jobtbclofnxp55ub.jpg","size":"308281344","length":"294","duration":"PT4M54S","views":"273","uploaded":"2025-01-11 00:01:11","last_view":"2025-01-11 00:01:11","api_source":"doodstream","kategori":"Video Viral","page":29,"index":89}