{"filecode":"tdlgwdm9ahmn","title":"Avivaa Tobrut Telegram Live Bokep31 Website Ful Album","deskripsi":"Nonton Avivaa Tobrut Telegram Live Bokep31 Website Ful Album gratis. Ukuran File: 427.00 MB, Durasi: 07:07. Populer: 563 tayangan. Diunggah pada 2025-10-20 09:01:56 melalui doodstream. Kata Kunci Terkait: .","tag":null,"protected_embed":"https://dodl.pages.dev/tdlgwdm9ahmn","protected_dl":"https://myvidplay.com/d/tdlgwdm9ahmn","single_img":"https://postercdn.net/snaps/s130cr3vzzq4fyy6.jpg","splash_img":"https://postercdn.net/splash/s130cr3vzzq4fyy6.jpg","size":"447741952","length":"427","duration":"PT7M7S","views":"563","uploaded":"2025-10-20 09:01:56","last_view":"2025-10-20 09:01:56","api_source":"doodstream","kategori":"Video Telegram","page":6,"index":17}