{"filecode":"tdm3i4z8glbk","title":"Abg Cantik Mulus Keenakan Di Ewe Jasverken Poophd Links Xpanas Website Simontok","deskripsi":"Nonton Abg Cantik Mulus Keenakan Di Ewe Jasverken Poophd Links Xpanas Website Simontok gratis. Ukuran File: 61.00 MB, Durasi: 01:01. Populer: 6376 tayangan. Diunggah pada 2023-08-17 18:54:28 melalui doodstream. Kata Kunci Terkait: .","tag":null,"protected_embed":"https://dodl.pages.dev/tdm3i4z8glbk","protected_dl":"https://myvidplay.com/d/tdm3i4z8glbk","single_img":"https://postercdn.net/snaps/n58fu4h9jmd9znbj.jpg","splash_img":"https://postercdn.net/splash/n58fu4h9jmd9znbj.jpg","size":"63963136","length":"61","duration":"PT1M1S","views":"6376","uploaded":"2023-08-17 18:54:28","last_view":"2023-08-17 18:54:28","api_source":"doodstream","kategori":"Video Abg","page":115,"index":31}