{"filecode":"tdpcyb223l4w","title":"Lia Update Bokepind Video Indo Lokal Tobrut Links","deskripsi":"Nonton Lia Update Bokepind Video Indo Lokal Tobrut Links gratis. Ukuran File: 1.12 GB, Durasi: 19:07. Populer: 112 tayangan. Diunggah pada 2025-01-13 05:26:58 melalui doodstream. Kata Kunci Terkait: .","tag":null,"protected_embed":"https://dodl.pages.dev/tdpcyb223l4w","protected_dl":"https://myvidplay.com/d/tdpcyb223l4w","single_img":"https://postercdn.net/snaps/xuixzy2koo8d856x.jpg","splash_img":"https://postercdn.net/splash/xuixzy2koo8d856x.jpg","size":"1202716672","length":"1147","duration":"PT19M7S","views":"112","uploaded":"2025-01-13 05:26:58","last_view":"2025-01-13 05:26:58","api_source":"doodstream","kategori":"Video Indo","page":23,"index":123}