{"filecode":"tdqm2nzg7jff","title":"Entot Wanita Hijab Pink Avtub Dood Stream Streaming Doostream Bokepin Sotwe Dodstream","deskripsi":"Nonton Entot Wanita Hijab Pink Avtub Dood Stream Streaming Doostream Bokepin Sotwe Dodstream gratis. Ukuran File: 69.00 MB, Durasi: 01:09. Populer: 3187 tayangan. Diunggah pada 2023-10-05 16:35:17 melalui doodstream. Kata Kunci Terkait: .","tag":null,"protected_embed":"https://dodl.pages.dev/tdqm2nzg7jff","protected_dl":"https://myvidplay.com/d/tdqm2nzg7jff","single_img":"https://postercdn.net/snaps/v2jf0g5h6cja00dj.jpg","splash_img":"https://postercdn.net/splash/v2jf0g5h6cja00dj.jpg","size":"72351744","length":"69","duration":"PT1M9S","views":"3187","uploaded":"2023-10-05 16:35:17","last_view":"2023-10-05 16:35:17","api_source":"doodstream","kategori":"Video Hijab","page":104,"index":127}