{"filecode":"tdqshc5o7h9p","title":"Mbah Maryono Pijat Memek Bini Orang Santuy Staklam Sotwe Doods Pro Live","deskripsi":"Nonton Mbah Maryono Pijat Memek Bini Orang Santuy Staklam Sotwe Doods Pro Live gratis. Ukuran File: 184.00 MB, Durasi: 03:04. Populer: 20792 tayangan. Diunggah pada 2023-10-08 02:46:40 melalui doodstream. Kata Kunci Terkait: .","tag":null,"protected_embed":"https://dodl.pages.dev/tdqshc5o7h9p","protected_dl":"https://myvidplay.com/d/tdqshc5o7h9p","single_img":"https://postercdn.net/snaps/pi7ic70o8od7hgth.jpg","splash_img":"https://postercdn.net/splash/pi7ic70o8od7hgth.jpg","size":"192937984","length":"184","duration":"PT3M4S","views":"20792","uploaded":"2023-10-08 02:46:40","last_view":"2023-10-08 02:46:40","api_source":"doodstream","kategori":"Video Pijat","page":101,"index":7}