{"filecode":"tdulex1x58ar","title":"Bokep Abg Binal Di Doggy Depan Cermin Cilbo Indo Bokepsin Bokepind Twitter","deskripsi":"Nonton Bokep Abg Binal Di Doggy Depan Cermin Cilbo Indo Bokepsin Bokepind Twitter gratis. Ukuran File: 195.00 MB, Durasi: 03:15. Populer: 1225 tayangan. Diunggah pada 2023-09-23 23:56:18 melalui doodstream. Kata Kunci Terkait: .","tag":null,"protected_embed":"https://dodl.pages.dev/tdulex1x58ar","protected_dl":"https://myvidplay.com/d/tdulex1x58ar","single_img":"https://postercdn.net/snaps/l7ue10xu8ppo9p83.jpg","splash_img":"https://postercdn.net/splash/l7ue10xu8ppo9p83.jpg","size":"204472320","length":"195","duration":"PT3M15S","views":"1225","uploaded":"2023-09-23 23:56:18","last_view":"2023-09-23 23:56:18","api_source":"doodstream","kategori":"Video Indo","page":108,"index":137}