{"filecode":"tdv7ln0hcwvy","title":"Hijab Daisy Bae Main Di Tangga Darurat Simintok Bokep31 Videos Pekoblive Ngentot","deskripsi":"Nonton Hijab Daisy Bae Main Di Tangga Darurat Simintok Bokep31 Videos Pekoblive Ngentot gratis. Ukuran File: 480.00 MB, Durasi: 08:00. Populer: 697 tayangan. Diunggah pada 2025-01-13 05:18:48 melalui doodstream. Kata Kunci Terkait: .","tag":null,"protected_embed":"https://dodl.pages.dev/tdv7ln0hcwvy","protected_dl":"https://myvidplay.com/d/tdv7ln0hcwvy","single_img":"https://postercdn.net/snaps/tefz5p6wogvbmrr7.jpg","splash_img":"https://postercdn.net/splash/tefz5p6wogvbmrr7.jpg","size":"503316480","length":"480","duration":"PT8M","views":"697","uploaded":"2025-01-13 05:18:48","last_view":"2025-01-13 05:18:48","api_source":"doodstream","kategori":"Video Hijab","page":28,"index":34}