{"filecode":"tdvn4u5wxbgm","title":"Penyepong Handal Bokep Indo Viral Twitter Enakin Aja Dood Stream","deskripsi":"Nonton Penyepong Handal Bokep Indo Viral Twitter Enakin Aja Dood Stream gratis. Ukuran File: 43.00 MB, Durasi: 00:43. Populer: 1541 tayangan. Diunggah pada 2024-01-04 19:30:56 melalui doodstream. Kata Kunci Terkait: .","tag":null,"protected_embed":"https://dodl.pages.dev/tdvn4u5wxbgm","protected_dl":"https://myvidplay.com/d/tdvn4u5wxbgm","single_img":"https://postercdn.net/snaps/gifa6bxirejsv8pl.jpg","splash_img":"https://postercdn.net/splash/gifa6bxirejsv8pl.jpg","size":"45088768","length":"43","duration":"PT43S","views":"1541","uploaded":"2024-01-04 19:30:56","last_view":"2024-01-04 19:30:56","api_source":"doodstream","kategori":"Video Viral","page":64,"index":56}