{"filecode":"tdwm7azxiz6b","title":"Nonton Janda Pirang Solo Dirumah Indo Live Video Colmek Simontok Dood Tele","deskripsi":"Nonton Nonton Janda Pirang Solo Dirumah Indo Live Video Colmek Simontok Dood Tele gratis. Ukuran File: 90.00 MB, Durasi: 01:30. Populer: 930 tayangan. Diunggah pada 2023-11-23 00:51:51 melalui doodstream. Kata Kunci Terkait: .","tag":null,"protected_embed":"https://dodl.pages.dev/tdwm7azxiz6b","protected_dl":"https://myvidplay.com/d/tdwm7azxiz6b","single_img":"https://postercdn.net/snaps/f2inlokrdtq9yf3w.jpg","splash_img":"https://postercdn.net/splash/f2inlokrdtq9yf3w.jpg","size":"94371840","length":"90","duration":"PT1M30S","views":"930","uploaded":"2023-11-23 00:51:51","last_view":"2023-11-23 00:51:51","api_source":"doodstream","kategori":"Video Indo","page":83,"index":28}