{"filecode":"tdwwx3uoya2t","title":"Abg Cantik Paling Seneng Colmek Bokep Indo Viral Pejuang Lendir Ful Album","deskripsi":"Nonton Abg Cantik Paling Seneng Colmek Bokep Indo Viral Pejuang Lendir Ful Album gratis. Ukuran File: 102.00 MB, Durasi: 01:42. Populer: 1055 tayangan. Diunggah pada 2023-10-07 20:42:42 melalui doodstream. Kata Kunci Terkait: .","tag":null,"protected_embed":"https://dodl.pages.dev/tdwwx3uoya2t","protected_dl":"https://myvidplay.com/d/tdwwx3uoya2t","single_img":"https://postercdn.net/snaps/tjehhycr2ho6b0wm.jpg","splash_img":"https://postercdn.net/splash/tjehhycr2ho6b0wm.jpg","size":"106954752","length":"102","duration":"PT1M42S","views":"1055","uploaded":"2023-10-07 20:42:42","last_view":"2023-10-07 20:42:42","api_source":"doodstream","kategori":"Video Viral","page":101,"index":143}