{"filecode":"2f2edacltwfm","title":"Hijab Hitam Bokep Dood Bokep31 Asupan Viral Link Web Yakwad","deskripsi":"Nonton Hijab Hitam Bokep Dood Bokep31 Asupan Viral Link Web Yakwad gratis. Ukuran File: 130.00 MB, Durasi: 02:10. Populer: 103 tayangan. Diunggah pada 2025-10-17 18:04:54 melalui doodstream. Kata Kunci Terkait: .","tag":null,"protected_embed":"https://dodl.pages.dev/2f2edacltwfm","protected_dl":"https://myvidplay.com/d/2f2edacltwfm","single_img":"https://postercdn.net/snaps/t5pxwr57aloj1lcr.jpg","splash_img":"https://postercdn.net/splash/t5pxwr57aloj1lcr.jpg","size":"136314880","length":"130","duration":"PT2M10S","views":"103","uploaded":"2025-10-17 18:04:54","last_view":"2025-10-17 18:04:54","api_source":"doodstream","kategori":"Video Hijab","page":8,"index":179}