{"filecode":"2f5audjhw9za","title":"Ukhti Paling Jago Service Doodsflix Videos Bokep Dood Video Viral Downloader","deskripsi":"Nonton Ukhti Paling Jago Service Doodsflix Videos Bokep Dood Video Viral Downloader gratis. Ukuran File: 801.00 MB, Durasi: 13:21. Populer: 3859 tayangan. Diunggah pada 2023-10-02 21:15:54 melalui doodstream. Kata Kunci Terkait: .","tag":null,"protected_embed":"https://dodl.pages.dev/2f5audjhw9za","protected_dl":"https://myvidplay.com/d/2f5audjhw9za","single_img":"https://postercdn.net/snaps/guo0t21omwseo3ay.jpg","splash_img":"https://postercdn.net/splash/guo0t21omwseo3ay.jpg","size":"839909376","length":"801","duration":"PT13M21S","views":"3859","uploaded":"2023-10-02 21:15:54","last_view":"2023-10-02 21:15:54","api_source":"doodstream","kategori":"Video Viral","page":106,"index":115}