{"filecode":"2f5vpyz77siu","title":"Live Ngewe Toge Dood Stream Indonesia Pekoblive Simontok Indo","deskripsi":"Nonton Live Ngewe Toge Dood Stream Indonesia Pekoblive Simontok Indo gratis. Ukuran File: 1.41 GB, Durasi: 24:00. Populer: 955 tayangan. Diunggah pada 2023-08-26 13:28:10 melalui doodstream. Kata Kunci Terkait: .","tag":null,"protected_embed":"https://dodl.pages.dev/2f5vpyz77siu","protected_dl":"https://myvidplay.com/d/2f5vpyz77siu","single_img":"https://postercdn.net/snaps/nvz656u42j0ytsfi.jpg","splash_img":"https://postercdn.net/splash/nvz656u42j0ytsfi.jpg","size":"1509949440","length":"1440","duration":"PT24M","views":"955","uploaded":"2023-08-26 13:28:10","last_view":"2023-08-26 13:28:10","api_source":"doodstream","kategori":"Video Indo","page":112,"index":112}