{"filecode":"2f67ngej5d7p","title":"Mirip Onic Kayes Bokepin Downloader Pemersatu Doodflix Dood Tele","deskripsi":"Nonton Mirip Onic Kayes Bokepin Downloader Pemersatu Doodflix Dood Tele gratis. Ukuran File: 136.00 MB, Durasi: 02:16. Populer: 9941 tayangan. Diunggah pada 2024-06-01 00:46:14 melalui doodstream. Kata Kunci Terkait: .","tag":null,"protected_embed":"https://dodl.pages.dev/2f67ngej5d7p","protected_dl":"https://myvidplay.com/d/2f67ngej5d7p","single_img":"https://postercdn.net/snaps/ad62jidz2sb3a0wx.jpg","splash_img":"https://postercdn.net/splash/ad62jidz2sb3a0wx.jpg","size":"142606336","length":"136","duration":"PT2M16S","views":"9941","uploaded":"2024-06-01 00:46:14","last_view":"2024-06-01 00:46:14","api_source":"doodstream","kategori":"Video Dood","page":43,"index":63}