{"filecode":"2fay1wqdmwmt","title":"Kkmb Simontok Downloader Bochiel Video Bokep Poophd","deskripsi":"Nonton Kkmb Simontok Downloader Bochiel Video Bokep Poophd gratis. Ukuran File: 90.00 MB, Durasi: 01:30. Populer: 8 tayangan. Diunggah pada 2025-10-14 12:26:05 melalui lulustream. Kata Kunci Terkait: .","tag":null,"protected_embed":"https://luvluv.pages.dev/2fay1wqdmwmt","protected_dl":"https://lulustream.com/d/2fay1wqdmwmt","single_img":"https://img.lulucdn.com/2fay1wqdmwmt_t.jpg","splash_img":"https://img.lulucdn.com/2fay1wqdmwmt_xt.jpg","size":"94371840","length":"90","duration":"PT1M30S","views":8,"uploaded":"2025-10-14 12:26:05","last_view":"2025-10-14 12:26:05","api_source":"lulustream","kategori":"Video Bokep","page":10,"index":90}