{"filecode":"2fdyp0zx58b0","title":"Ngewe Tante Binal Puas Banget Poop Hd Dood Stream Ngentot Telegram Tiktok","deskripsi":"Nonton Ngewe Tante Binal Puas Banget Poop Hd Dood Stream Ngentot Telegram Tiktok gratis. Ukuran File: 484.00 MB, Durasi: 08:04. Populer: 341 tayangan. Diunggah pada 2025-02-01 16:18:55 melalui doodstream. Kata Kunci Terkait: .","tag":null,"protected_embed":"https://dodl.pages.dev/2fdyp0zx58b0","protected_dl":"https://myvidplay.com/d/2fdyp0zx58b0","single_img":"https://postercdn.net/snaps/9om34c3kgo5skkq4.jpg","splash_img":"https://postercdn.net/splash/9om34c3kgo5skkq4.jpg","size":"507510784","length":"484","duration":"PT8M4S","views":"341","uploaded":"2025-02-01 16:18:55","last_view":"2025-02-01 16:18:55","api_source":"doodstream","kategori":"Video Dood","page":15,"index":165}