{"filecode":"2feen6y9bdcj","title":"Zara Pakai Lingerie Hitam Terabox Yakwad Lagi Viral Doodstream Bokepin","deskripsi":"Nonton Zara Pakai Lingerie Hitam Terabox Yakwad Lagi Viral Doodstream Bokepin gratis. Ukuran File: 1.15 GB, Durasi: 19:34. Populer: 1459 tayangan. Diunggah pada 2025-01-13 05:24:18 melalui doodstream. Kata Kunci Terkait: .","tag":null,"protected_embed":"https://dodl.pages.dev/2feen6y9bdcj","protected_dl":"https://myvidplay.com/d/2feen6y9bdcj","single_img":"https://postercdn.net/snaps/iblnlkcxie5wc44g.jpg","splash_img":"https://postercdn.net/splash/iblnlkcxie5wc44g.jpg","size":"1231028224","length":"1174","duration":"PT19M34S","views":"1459","uploaded":"2025-01-13 05:24:18","last_view":"2025-01-13 05:24:18","api_source":"doodstream","kategori":"Video Viral","page":24,"index":83}