{"filecode":"2fflplrtljzd","title":"Bokep Indo Live Ngewe Tante Donna Molla Toge Montok Viral Video Dood","deskripsi":"Nonton Bokep Indo Live Ngewe Tante Donna Molla Toge Montok Viral Video Dood gratis. Ukuran File: 5.98 GB, Durasi: 01:42:02. Populer: 2336 tayangan. Diunggah pada 2024-02-15 15:23:03 melalui doodstream. Kata Kunci Terkait: .","tag":null,"protected_embed":"https://dodl.pages.dev/2fflplrtljzd","protected_dl":"https://myvidplay.com/d/2fflplrtljzd","single_img":"https://postercdn.net/snaps/7qdr1l20tnt57vms.jpg","splash_img":"https://postercdn.net/splash/7qdr1l20tnt57vms.jpg","size":"6419382272","length":"6122","duration":"PT102M2S","views":"2336","uploaded":"2024-02-15 15:23:03","last_view":"2024-02-15 15:23:03","api_source":"doodstream","kategori":"Video Viral","page":56,"index":125}