{"filecode":"2fgrqiu9gqjy","title":"Di Jilat Kucing Toketbagus Xpanas Lulustream Simontok Yakwad","deskripsi":"Nonton Di Jilat Kucing Toketbagus Xpanas Lulustream Simontok Yakwad gratis. Ukuran File: 117.00 MB, Durasi: 01:57. Populer: 2816 tayangan. Diunggah pada 2024-03-08 12:04:07 melalui doodstream. Kata Kunci Terkait: .","tag":null,"protected_embed":"https://dodl.pages.dev/2fgrqiu9gqjy","protected_dl":"https://myvidplay.com/d/2fgrqiu9gqjy","single_img":"https://postercdn.net/snaps/4ze2ps08azpbwg7o.jpg","splash_img":"https://postercdn.net/splash/4ze2ps08azpbwg7o.jpg","size":"122683392","length":"117","duration":"PT1M57S","views":"2816","uploaded":"2024-03-08 12:04:07","last_view":"2024-03-08 12:04:07","api_source":"doodstream","kategori":"Video Lulustream","page":52,"index":90}