{"filecode":"2fhbcs86xyxx","title":"New Meruchan Ngentt Bokepind Poophd Bochiel Video Sma Link Web","deskripsi":"Nonton New Meruchan Ngentt Bokepind Poophd Bochiel Video Sma Link Web gratis. Ukuran File: 589.00 MB, Durasi: 09:49. Populer: 1335 tayangan. Diunggah pada 2025-01-13 05:27:20 melalui doodstream. Kata Kunci Terkait: .","tag":null,"protected_embed":"https://dodl.pages.dev/2fhbcs86xyxx","protected_dl":"https://myvidplay.com/d/2fhbcs86xyxx","single_img":"https://postercdn.net/snaps/7yo7ipaa1ae1lwbr.jpg","splash_img":"https://postercdn.net/splash/7yo7ipaa1ae1lwbr.jpg","size":"617611264","length":"589","duration":"PT9M49S","views":"1335","uploaded":"2025-01-13 05:27:20","last_view":"2025-01-13 05:27:20","api_source":"doodstream","kategori":"Video Sma","page":22,"index":183}