{"filecode":"2fhjzvo145fc","title":"Pijit Karyawan Kebaya Merah Viral Terupdate Pemersatu Popstream Jilbab","deskripsi":"Nonton Pijit Karyawan Kebaya Merah Viral Terupdate Pemersatu Popstream Jilbab gratis. Ukuran File: 961.00 MB, Durasi: 16:01. Populer: 31426 tayangan. Diunggah pada 2023-11-05 01:06:36 melalui doodstream. Kata Kunci Terkait: .","tag":null,"protected_embed":"https://dodl.pages.dev/2fhjzvo145fc","protected_dl":"https://myvidplay.com/d/2fhjzvo145fc","single_img":"https://postercdn.net/snaps/q2imv0wx82uw8lwc.jpg","splash_img":"https://postercdn.net/splash/q2imv0wx82uw8lwc.jpg","size":"1007681536","length":"961","duration":"PT16M1S","views":"31426","uploaded":"2023-11-05 01:06:36","last_view":"2023-11-05 01:06:36","api_source":"doodstream","kategori":"Video Viral","page":86,"index":140}