{"filecode":"2fl4ov8idled","title":"Ngintip Memek Adik Saat Rumah Sepi Indonesia Dood Bochiel Ful Album Video","deskripsi":"Nonton Ngintip Memek Adik Saat Rumah Sepi Indonesia Dood Bochiel Ful Album Video gratis. Ukuran File: 362.00 MB, Durasi: 06:02. Populer: 11962 tayangan. Diunggah pada 2023-08-07 19:21:04 melalui doodstream. Kata Kunci Terkait: .","tag":null,"protected_embed":"https://dodl.pages.dev/2fl4ov8idled","protected_dl":"https://myvidplay.com/d/2fl4ov8idled","single_img":"https://postercdn.net/snaps/fua9pfmmxppu18jb.jpg","splash_img":"https://postercdn.net/splash/fua9pfmmxppu18jb.jpg","size":"379584512","length":"362","duration":"PT6M2S","views":"11962","uploaded":"2023-08-07 19:21:04","last_view":"2023-08-07 19:21:04","api_source":"doodstream","kategori":"Video Indonesia","page":122,"index":55}