{"filecode":"2fm9bgvyex0d","title":"Bokep Terbaru Gadis Mabuk Di Goyang Sugar Daddy Update Toketbagus Video Sma","deskripsi":"Nonton Bokep Terbaru Gadis Mabuk Di Goyang Sugar Daddy Update Toketbagus Video Sma gratis. Ukuran File: 60.00 MB, Durasi: 01:00. Populer: 10833 tayangan. Diunggah pada 2023-08-26 13:27:38 melalui doodstream. Kata Kunci Terkait: .","tag":null,"protected_embed":"https://dodl.pages.dev/2fm9bgvyex0d","protected_dl":"https://myvidplay.com/d/2fm9bgvyex0d","single_img":"https://postercdn.net/snaps/tlhzty0rf50upb8s.jpg","splash_img":"https://postercdn.net/splash/tlhzty0rf50upb8s.jpg","size":"62914560","length":"60","duration":"PT1M","views":"10833","uploaded":"2023-08-26 13:27:38","last_view":"2023-08-26 13:27:38","api_source":"doodstream","kategori":"Video Terbaru","page":112,"index":158}