{"filecode":"2fn2yanogz9t","title":"Ngentot Ceweknya Lagi Mabuk Toket Bagus Com Doods Pro Doostream Jilbab Video","deskripsi":"Nonton Ngentot Ceweknya Lagi Mabuk Toket Bagus Com Doods Pro Doostream Jilbab Video gratis. Ukuran File: 105.00 MB, Durasi: 01:45. Populer: 9341 tayangan. Diunggah pada 2023-07-04 21:23:08 melalui doodstream. Kata Kunci Terkait: .","tag":null,"protected_embed":"https://dodl.pages.dev/2fn2yanogz9t","protected_dl":"https://myvidplay.com/d/2fn2yanogz9t","single_img":"https://postercdn.net/snaps/cs8c9npmp5i1t3b2.jpg","splash_img":"https://postercdn.net/splash/cs8c9npmp5i1t3b2.jpg","size":"110100480","length":"105","duration":"PT1M45S","views":"9341","uploaded":"2023-07-04 21:23:08","last_view":"2023-07-04 21:23:08","api_source":"doodstream","kategori":"Video Ngentot","page":129,"index":198}