{"filecode":"2fo1w0vmq7zp","title":"Bokep Pacar Keennakan Ngentot Wot Ampe Crot Dalem Dood Stream Video Simontok","deskripsi":"Nonton Bokep Pacar Keennakan Ngentot Wot Ampe Crot Dalem Dood Stream Video Simontok gratis. Ukuran File: 467.00 MB, Durasi: 07:47. Populer: 143 tayangan. Diunggah pada 2025-02-01 16:18:26 melalui doodstream. Kata Kunci Terkait: .","tag":null,"protected_embed":"https://dodl.pages.dev/2fo1w0vmq7zp","protected_dl":"https://myvidplay.com/d/2fo1w0vmq7zp","single_img":"https://postercdn.net/snaps/lop2oquzu3pstb7f.jpg","splash_img":"https://postercdn.net/splash/lop2oquzu3pstb7f.jpg","size":"489684992","length":"467","duration":"PT7M47S","views":"143","uploaded":"2025-02-01 16:18:26","last_view":"2025-02-01 16:18:26","api_source":"doodstream","kategori":"Video Dood","page":15,"index":172}