{"filecode":"2fovuhna03px","title":"Ibu Dosen Sange Berat Tukang Parkirpun Jadi Pelampiasan Asupan Videos Memeksiana Doodstream","deskripsi":"Nonton Ibu Dosen Sange Berat Tukang Parkirpun Jadi Pelampiasan Asupan Videos Memeksiana Doodstream gratis. Ukuran File: 459.00 MB, Durasi: 07:39. Populer: 5210 tayangan. Diunggah pada 2023-10-20 02:10:08 melalui doodstream. Kata Kunci Terkait: .","tag":null,"protected_embed":"https://dodl.pages.dev/2fovuhna03px","protected_dl":"https://myvidplay.com/d/2fovuhna03px","single_img":"https://postercdn.net/snaps/h27rtwnymmsdwpgt.jpg","splash_img":"https://postercdn.net/splash/h27rtwnymmsdwpgt.jpg","size":"481296384","length":"459","duration":"PT7M39S","views":"5210","uploaded":"2023-10-20 02:10:08","last_view":"2023-10-20 02:10:08","api_source":"doodstream","kategori":"Video Doodstream","page":93,"index":62}