{"filecode":"2fpfbkgdmtfw","title":"Abg Hijab Ngewe Di Saat Rumah Sepi Video Viral Website Links Link","deskripsi":"Nonton Abg Hijab Ngewe Di Saat Rumah Sepi Video Viral Website Links Link gratis. Ukuran File: 66.00 MB, Durasi: 01:06. Populer: 3904 tayangan. Diunggah pada 2023-11-15 19:38:19 melalui doodstream. Kata Kunci Terkait: .","tag":null,"protected_embed":"https://dodl.pages.dev/2fpfbkgdmtfw","protected_dl":"https://myvidplay.com/d/2fpfbkgdmtfw","single_img":"https://postercdn.net/snaps/cbofst2el6az352y.jpg","splash_img":"https://postercdn.net/splash/cbofst2el6az352y.jpg","size":"69206016","length":"66","duration":"PT1M6S","views":"3904","uploaded":"2023-11-15 19:38:19","last_view":"2023-11-15 19:38:19","api_source":"doodstream","kategori":"Video Hijab","page":83,"index":109}