{"filecode":"2fpx5cpnvwdq","title":"Viral Indo Stroberi Mandi Bugil Bar Colmek Pakai Terong Sampai Mancur Terbaru","deskripsi":"Nonton Viral Indo Stroberi Mandi Bugil Bar Colmek Pakai Terong Sampai Mancur Terbaru gratis. Ukuran File: 651.00 MB, Durasi: 10:51. Populer: 642 tayangan. Diunggah pada 2024-03-03 16:53:11 melalui doodstream. Kata Kunci Terkait: .","tag":null,"protected_embed":"https://dodl.pages.dev/2fpx5cpnvwdq","protected_dl":"https://myvidplay.com/d/2fpx5cpnvwdq","single_img":"https://postercdn.net/snaps/xlzqg6r5t9x8aur2.jpg","splash_img":"https://postercdn.net/splash/xlzqg6r5t9x8aur2.jpg","size":"682622976","length":"651","duration":"PT10M51S","views":"642","uploaded":"2024-03-03 16:53:11","last_view":"2024-03-03 16:53:11","api_source":"doodstream","kategori":"Video Viral","page":54,"index":178}