{"filecode":"2fto3eic1wwo","title":"Adik Dan Kakak Suka Rasa Ewe Dood Stream Terupdate Doostream Memeksiana Tobrut","deskripsi":"Nonton Adik Dan Kakak Suka Rasa Ewe Dood Stream Terupdate Doostream Memeksiana Tobrut gratis. Ukuran File: 139.00 MB, Durasi: 02:19. Populer: 3958 tayangan. Diunggah pada 2023-12-23 21:39:18 melalui doodstream. Kata Kunci Terkait: .","tag":null,"protected_embed":"https://dodl.pages.dev/2fto3eic1wwo","protected_dl":"https://myvidplay.com/d/2fto3eic1wwo","single_img":"https://postercdn.net/snaps/qbrkxvjfvtzxplxc.jpg","splash_img":"https://postercdn.net/splash/qbrkxvjfvtzxplxc.jpg","size":"145752064","length":"139","duration":"PT2M19S","views":"3958","uploaded":"2023-12-23 21:39:18","last_view":"2023-12-23 21:39:18","api_source":"doodstream","kategori":"Video Dood","page":67,"index":31}