{"filecode":"2fu744chjpvt","title":"Anak Sma Ketagihan Omek Dood Stream Ful Album Pekoblive Terupdate Video Viral","deskripsi":"Nonton Anak Sma Ketagihan Omek Dood Stream Ful Album Pekoblive Terupdate Video Viral gratis. Ukuran File: 140.00 MB, Durasi: 02:20. Populer: 6365 tayangan. Diunggah pada 2023-08-21 13:36:29 melalui doodstream. Kata Kunci Terkait: .","tag":null,"protected_embed":"https://dodl.pages.dev/2fu744chjpvt","protected_dl":"https://myvidplay.com/d/2fu744chjpvt","single_img":"https://postercdn.net/snaps/730ome3u45780by7.jpg","splash_img":"https://postercdn.net/splash/730ome3u45780by7.jpg","size":"146800640","length":"140","duration":"PT2M20S","views":"6365","uploaded":"2023-08-21 13:36:29","last_view":"2023-08-21 13:36:29","api_source":"doodstream","kategori":"Video Viral","page":114,"index":10}