{"filecode":"sd0gg2kp9gnc","title":"Istri Mas Hendrik Jilat Bool Selingkuhan Simontok Terabox Popstream Sotwe","deskripsi":"Nonton Istri Mas Hendrik Jilat Bool Selingkuhan Simontok Terabox Popstream Sotwe gratis. Ukuran File: 38.00 MB, Durasi: 00:38. Populer: 885 tayangan. Diunggah pada 2023-11-24 15:16:28 melalui doodstream. Kata Kunci Terkait: .","tag":null,"protected_embed":"https://dodl.pages.dev/sd0gg2kp9gnc","protected_dl":"https://myvidplay.com/d/sd0gg2kp9gnc","single_img":"https://postercdn.net/snaps/2hlyrr2w5q11wvwj.jpg","splash_img":"https://postercdn.net/splash/2hlyrr2w5q11wvwj.jpg","size":"39845888","length":"38","duration":"PT38S","views":"885","uploaded":"2023-11-24 15:16:28","last_view":"2023-11-24 15:16:28","api_source":"doodstream","kategori":"Video Terabox","page":81,"index":150}