{"filecode":"sd32gg8pdzg6","title":"Bokep Barat Ganggu Kakak Tidur Siang Staklam Tele Yakwad Twitter Simontok","deskripsi":"Nonton Bokep Barat Ganggu Kakak Tidur Siang Staklam Tele Yakwad Twitter Simontok gratis. Ukuran File: 551.00 MB, Durasi: 09:11. Populer: 174 tayangan. Diunggah pada 2024-11-22 03:55:08 melalui doodstream. Kata Kunci Terkait: .","tag":null,"protected_embed":"https://dodl.pages.dev/sd32gg8pdzg6","protected_dl":"https://myvidplay.com/d/sd32gg8pdzg6","single_img":"https://postercdn.net/snaps/rpvey74bxg5tbxai.jpg","splash_img":"https://postercdn.net/splash/rpvey74bxg5tbxai.jpg","size":"577765376","length":"551","duration":"PT9M11S","views":"174","uploaded":"2024-11-22 03:55:08","last_view":"2024-11-22 03:55:08","api_source":"doodstream","kategori":"Video Barat","page":32,"index":24}