{"filecode":"sd3i7nj289zu","title":"Babynge Colmek Brutal Muncrat Httpst Medoodsflixofficial Poop Hd Bokep Dood Bokep31 Folder","deskripsi":"Nonton Babynge Colmek Brutal Muncrat Httpst Medoodsflixofficial Poop Hd Bokep Dood Bokep31 Folder gratis. Ukuran File: 1.29 GB, Durasi: 21:57. Populer: 3619 tayangan. Diunggah pada 2023-11-30 21:52:27 melalui doodstream. Kata Kunci Terkait: .","tag":null,"protected_embed":"https://dodl.pages.dev/sd3i7nj289zu","protected_dl":"https://myvidplay.com/d/sd3i7nj289zu","single_img":"https://postercdn.net/snaps/sd8tgxagm1k9lwfw.jpg","splash_img":"https://postercdn.net/splash/sd8tgxagm1k9lwfw.jpg","size":"1380974592","length":"1317","duration":"PT21M57S","views":"3619","uploaded":"2023-11-30 21:52:27","last_view":"2023-11-30 21:52:27","api_source":"doodstream","kategori":"Video Dood","page":77,"index":27}