{"filecode":"sd5pn3u4q5lb","title":"Bokep Indo Ba Esport Juga Pemain Handal Lokal Tele Doodsflix Yakwad Twitter","deskripsi":"Nonton Bokep Indo Ba Esport Juga Pemain Handal Lokal Tele Doodsflix Yakwad Twitter gratis. Ukuran File: 83.00 MB, Durasi: 01:23. Populer: 571 tayangan. Diunggah pada 2024-11-22 03:57:15 melalui doodstream. Kata Kunci Terkait: .","tag":null,"protected_embed":"https://dodl.pages.dev/sd5pn3u4q5lb","protected_dl":"https://myvidplay.com/d/sd5pn3u4q5lb","single_img":"https://postercdn.net/snaps/0tudls05u6qj1jo9.jpg","splash_img":"https://postercdn.net/splash/0tudls05u6qj1jo9.jpg","size":"87031808","length":"83","duration":"PT1M23S","views":"571","uploaded":"2024-11-22 03:57:15","last_view":"2024-11-22 03:57:15","api_source":"doodstream","kategori":"Video Indo","page":31,"index":56}