{"filecode":"sd8e0smn12bo","title":"Bokep Indo Pov Colok Memek Pacar Baru Simontok Doostream Video Pekoblive Doods","deskripsi":"Nonton Bokep Indo Pov Colok Memek Pacar Baru Simontok Doostream Video Pekoblive Doods gratis. Ukuran File: 65.00 MB, Durasi: 01:05. Populer: 115 tayangan. Diunggah pada 2025-12-03 14:24:32 melalui doodstream. Kata Kunci Terkait: .","tag":null,"protected_embed":"https://dodl.pages.dev/sd8e0smn12bo","protected_dl":"https://myvidplay.com/d/sd8e0smn12bo","single_img":"https://postercdn.net/snaps/tvm2hfl0x5qdyzrc.jpg","splash_img":"https://postercdn.net/splash/tvm2hfl0x5qdyzrc.jpg","size":"68157440","length":"65","duration":"PT1M5S","views":"115","uploaded":"2025-12-03 14:24:32","last_view":"2025-12-03 14:24:32","api_source":"doodstream","kategori":"Video Indo","page":1,"index":181}