{"filecode":"sd8kdnma7yut","title":"Lesbian College Girls Having Fun And Squirt Free Porn C X Hamster","deskripsi":"Nonton Lesbian College Girls Having Fun And Squirt Free Porn C X Hamster gratis. Ukuran File: 1.02 GB, Durasi: 17:27. Populer: 2117 tayangan. Diunggah pada 2024-01-04 14:53:43 melalui doodstream. Kata Kunci Terkait: .","tag":null,"protected_embed":"https://dodl.pages.dev/sd8kdnma7yut","protected_dl":"https://myvidplay.com/d/sd8kdnma7yut","single_img":"https://postercdn.net/snaps/q0k49djs4xsmmac6.jpg","splash_img":"https://postercdn.net/splash/q0k49djs4xsmmac6.jpg","size":"1097859072","length":"1047","duration":"PT17M27S","views":"2117","uploaded":"2024-01-04 14:53:43","last_view":"2024-01-04 14:53:43","api_source":"doodstream","kategori":"Video Lesbian","page":64,"index":106}