{"filecode":"sd9gmv7engqr","title":"Sma Bolos Sekolah Ngewe Di Hutan Dood Stream Terabox Ful Album Ngentot","deskripsi":"Nonton Sma Bolos Sekolah Ngewe Di Hutan Dood Stream Terabox Ful Album Ngentot gratis. Ukuran File: 171.00 MB, Durasi: 02:51. Populer: 5360 tayangan. Diunggah pada 2023-10-23 06:50:27 melalui doodstream. Kata Kunci Terkait: .","tag":null,"protected_embed":"https://dodl.pages.dev/sd9gmv7engqr","protected_dl":"https://myvidplay.com/d/sd9gmv7engqr","single_img":"https://postercdn.net/snaps/4hd5j8zvyo4uannj.jpg","splash_img":"https://postercdn.net/splash/4hd5j8zvyo4uannj.jpg","size":"179306496","length":"171","duration":"PT2M51S","views":"5360","uploaded":"2023-10-23 06:50:27","last_view":"2023-10-23 06:50:27","api_source":"doodstream","kategori":"Video Terabox","page":90,"index":73}