{"filecode":"sdbxcjltdibs","title":"Part Anak Sma Nyewa Hotel Buat Praktek Viral Video Bokep Simontok Full","deskripsi":"Nonton Part Anak Sma Nyewa Hotel Buat Praktek Viral Video Bokep Simontok Full gratis. Ukuran File: 209.00 MB, Durasi: 03:29. Populer: 4687 tayangan. Diunggah pada 2023-08-21 13:42:00 melalui doodstream. Kata Kunci Terkait: .","tag":null,"protected_embed":"https://dodl.pages.dev/sdbxcjltdibs","protected_dl":"https://myvidplay.com/d/sdbxcjltdibs","single_img":"https://postercdn.net/snaps/0kx26avnfz9zovht.jpg","splash_img":"https://postercdn.net/splash/0kx26avnfz9zovht.jpg","size":"219152384","length":"209","duration":"PT3M29S","views":"4687","uploaded":"2023-08-21 13:42:00","last_view":"2023-08-21 13:42:00","api_source":"doodstream","kategori":"Video Viral","page":113,"index":193}