{"filecode":"sdenxy5su1tn","title":"Anak Sma Ngewe Di Toilet Umum Lagi Viral Doods Pro Cantik Tobrut","deskripsi":"Nonton Anak Sma Ngewe Di Toilet Umum Lagi Viral Doods Pro Cantik Tobrut gratis. Ukuran File: 633.00 MB, Durasi: 10:33. Populer: 2656 tayangan. Diunggah pada 2023-10-05 21:01:33 melalui doodstream. Kata Kunci Terkait: .","tag":null,"protected_embed":"https://dodl.pages.dev/sdenxy5su1tn","protected_dl":"https://myvidplay.com/d/sdenxy5su1tn","single_img":"https://postercdn.net/snaps/7dykv4pwnt8pay7f.jpg","splash_img":"https://postercdn.net/splash/7dykv4pwnt8pay7f.jpg","size":"663748608","length":"633","duration":"PT10M33S","views":"2656","uploaded":"2023-10-05 21:01:33","last_view":"2023-10-05 21:01:33","api_source":"doodstream","kategori":"Video Viral","page":103,"index":134}