{"filecode":"sdf3xvocvupj","title":"Milk Reuniting With A Busty Bangkok Sweetie Big Ass Asian Sex Diary","deskripsi":"Nonton Milk Reuniting With A Busty Bangkok Sweetie Big Ass Asian Sex Diary gratis. Ukuran File: 1.52 GB, Durasi: 25:58. Populer: 3415 tayangan. Diunggah pada 2023-07-02 20:24:01 melalui doodstream. Kata Kunci Terkait: .","tag":null,"protected_embed":"https://dodl.pages.dev/sdf3xvocvupj","protected_dl":"https://myvidplay.com/d/sdf3xvocvupj","single_img":"https://postercdn.net/snaps/1yctwba5x9veu2hb.jpg","splash_img":"https://postercdn.net/splash/1yctwba5x9veu2hb.jpg","size":"1633681408","length":"1558","duration":"PT25M58S","views":"3415","uploaded":"2023-07-02 20:24:01","last_view":"2023-07-02 20:24:01","api_source":"doodstream","kategori":"Video Milk","page":132,"index":44}