{"filecode":"sdf43mukri9u","title":"Ukhti Jilbab Pink Dood Stream Staklam Live Lokal Website Doodflix","deskripsi":"Nonton Ukhti Jilbab Pink Dood Stream Staklam Live Lokal Website Doodflix gratis. Ukuran File: 1.67 GB, Durasi: 28:33. Populer: 1893 tayangan. Diunggah pada 2023-10-02 21:15:54 melalui doodstream. Kata Kunci Terkait: .","tag":null,"protected_embed":"https://dodl.pages.dev/sdf43mukri9u","protected_dl":"https://myvidplay.com/d/sdf43mukri9u","single_img":"https://postercdn.net/snaps/vxpfmo1piew4f3y0.jpg","splash_img":"https://postercdn.net/splash/vxpfmo1piew4f3y0.jpg","size":"1796210688","length":"1713","duration":"PT28M33S","views":"1893","uploaded":"2023-10-02 21:15:54","last_view":"2023-10-02 21:15:54","api_source":"doodstream","kategori":"Video Lokal","page":106,"index":120}