{"filecode":"sdfzgm0desgv","title":"Jilbab Bugil Buka Hijab Rambutnya Pirang Dood Stream Pekoblive Xpanas Popstream Video","deskripsi":"Nonton Jilbab Bugil Buka Hijab Rambutnya Pirang Dood Stream Pekoblive Xpanas Popstream Video gratis. Ukuran File: 359.00 MB, Durasi: 05:59. Populer: 1483 tayangan. Diunggah pada 2023-12-23 08:21:25 melalui doodstream. Kata Kunci Terkait: .","tag":null,"protected_embed":"https://dodl.pages.dev/sdfzgm0desgv","protected_dl":"https://myvidplay.com/d/sdfzgm0desgv","single_img":"https://postercdn.net/snaps/5g5gx9nh917vuyls.jpg","splash_img":"https://postercdn.net/splash/5g5gx9nh917vuyls.jpg","size":"376438784","length":"359","duration":"PT5M59S","views":"1483","uploaded":"2023-12-23 08:21:25","last_view":"2023-12-23 08:21:25","api_source":"doodstream","kategori":"Video Hijab","page":67,"index":82}