{"filecode":"sdhpu8tmketf","title":"Comeback Host Legend Sashimi Sexy Cute Id Mango Full Album Doods Pro","deskripsi":"Nonton Comeback Host Legend Sashimi Sexy Cute Id Mango Full Album Doods Pro gratis. Ukuran File: 2.21 GB, Durasi: 37:42. Populer: 89 tayangan. Diunggah pada 2024-08-31 04:44:22 melalui doodstream. Kata Kunci Terkait: .","tag":null,"protected_embed":"https://dodl.pages.dev/sdhpu8tmketf","protected_dl":"https://myvidplay.com/d/sdhpu8tmketf","single_img":"https://postercdn.net/snaps/pck4fdvhc0bl6yqk.jpg","splash_img":"https://postercdn.net/splash/pck4fdvhc0bl6yqk.jpg","size":"2371878912","length":"2262","duration":"PT37M42S","views":"89","uploaded":"2024-08-31 04:44:22","last_view":"2024-08-31 04:44:22","api_source":"doodstream","kategori":"Video Full","page":38,"index":43}