{"filecode":"sdi3ruk9abcg","title":"Video Pemerkosaan Barat Anak Tahun Bokep Terbaru Asupan Terupdate Terabox Sotwe","deskripsi":"Nonton Video Pemerkosaan Barat Anak Tahun Bokep Terbaru Asupan Terupdate Terabox Sotwe gratis. Ukuran File: 781.00 MB, Durasi: 13:01. Populer: 42709 tayangan. Diunggah pada 2023-09-04 08:24:42 melalui doodstream. Kata Kunci Terkait: .","tag":null,"protected_embed":"https://dodl.pages.dev/sdi3ruk9abcg","protected_dl":"https://myvidplay.com/d/sdi3ruk9abcg","single_img":"https://postercdn.net/snaps/rqjsxbhveiusip17.jpg","splash_img":"https://postercdn.net/splash/rqjsxbhveiusip17.jpg","size":"818937856","length":"781","duration":"PT13M1S","views":"42709","uploaded":"2023-09-04 08:24:42","last_view":"2023-09-04 08:24:42","api_source":"doodstream","kategori":"Video Terbaru","page":110,"index":130}