{"filecode":"sdirnra9i3a3","title":"Bokep Indo Vcs Cewek Toket Mulus Ur Baby Dodstream Lulustream Video Twitter","deskripsi":"Nonton Bokep Indo Vcs Cewek Toket Mulus Ur Baby Dodstream Lulustream Video Twitter gratis. Ukuran File: 1.16 GB, Durasi: 19:43. Populer: 1114 tayangan. Diunggah pada 2024-03-02 16:04:32 melalui doodstream. Kata Kunci Terkait: .","tag":null,"protected_embed":"https://dodl.pages.dev/sdirnra9i3a3","protected_dl":"https://myvidplay.com/d/sdirnra9i3a3","single_img":"https://postercdn.net/snaps/lozifqb75kcgfap0.jpg","splash_img":"https://postercdn.net/splash/lozifqb75kcgfap0.jpg","size":"1240465408","length":"1183","duration":"PT19M43S","views":"1114","uploaded":"2024-03-02 16:04:32","last_view":"2024-03-02 16:04:32","api_source":"doodstream","kategori":"Video Indo","page":55,"index":21}