{"filecode":"sdlt3q0ym09i","title":"Zalva Tiktok Viral Toket Bagus Com Asupan Lagi Bokepind Simintok","deskripsi":"Nonton Zalva Tiktok Viral Toket Bagus Com Asupan Lagi Bokepind Simintok gratis. Ukuran File: 74.00 MB, Durasi: 01:14. Populer: 17173 tayangan. Diunggah pada 2023-07-04 21:39:27 melalui doodstream. Kata Kunci Terkait: .","tag":null,"protected_embed":"https://dodl.pages.dev/sdlt3q0ym09i","protected_dl":"https://myvidplay.com/d/sdlt3q0ym09i","single_img":"https://postercdn.net/snaps/5ecetae21ezu3by5.jpg","splash_img":"https://postercdn.net/splash/5ecetae21ezu3by5.jpg","size":"77594624","length":"74","duration":"PT1M14S","views":"17173","uploaded":"2023-07-04 21:39:27","last_view":"2023-07-04 21:39:27","api_source":"doodstream","kategori":"Video Viral","page":127,"index":71}