{"filecode":"sdnk0oiwrgcb","title":"Video Bokep Siswi Sma Dan Guru Mesum Full Httpsbit Ly Wgiak Pornkai","deskripsi":"Nonton Video Bokep Siswi Sma Dan Guru Mesum Full Httpsbit Ly Wgiak Pornkai gratis. Ukuran File: 1.67 GB, Durasi: 28:35. Populer: 28438 tayangan. Diunggah pada 2023-07-24 12:14:19 melalui doodstream. Kata Kunci Terkait: .","tag":null,"protected_embed":"https://dodl.pages.dev/sdnk0oiwrgcb","protected_dl":"https://myvidplay.com/d/sdnk0oiwrgcb","single_img":"https://postercdn.net/snaps/9hvz48ztozpmxdgt.jpg","splash_img":"https://postercdn.net/splash/9hvz48ztozpmxdgt.jpg","size":"1798307840","length":"1715","duration":"PT28M35S","views":"28438","uploaded":"2023-07-24 12:14:19","last_view":"2023-07-24 12:14:19","api_source":"doodstream","kategori":"Video Sma","page":126,"index":82}