{"filecode":"sdnwzlood1es","title":"Nabila Ratna Live Mesun Sama Ayang Di Kasur Streaming Lagi Viral Link","deskripsi":"Nonton Nabila Ratna Live Mesun Sama Ayang Di Kasur Streaming Lagi Viral Link gratis. Ukuran File: 281.00 MB, Durasi: 04:41. Populer: 1206 tayangan. Diunggah pada 2024-08-31 04:44:16 melalui doodstream. Kata Kunci Terkait: .","tag":null,"protected_embed":"https://dodl.pages.dev/sdnwzlood1es","protected_dl":"https://myvidplay.com/d/sdnwzlood1es","single_img":"https://postercdn.net/snaps/4zxsu6q6sca2ofbw.jpg","splash_img":"https://postercdn.net/splash/4zxsu6q6sca2ofbw.jpg","size":"294649856","length":"281","duration":"PT4M41S","views":"1206","uploaded":"2024-08-31 04:44:16","last_view":"2024-08-31 04:44:16","api_source":"doodstream","kategori":"Video Viral","page":38,"index":62}