{"filecode":"sdo4csa9vuag","title":"Indo Pijit Kocok Jelambar Jakarta Dood Stream Link Web Viral Website Video","deskripsi":"Nonton Indo Pijit Kocok Jelambar Jakarta Dood Stream Link Web Viral Website Video gratis. Ukuran File: 620.00 MB, Durasi: 10:20. Populer: 4027 tayangan. Diunggah pada 2023-09-07 18:06:12 melalui doodstream. Kata Kunci Terkait: .","tag":null,"protected_embed":"https://dodl.pages.dev/sdo4csa9vuag","protected_dl":"https://myvidplay.com/d/sdo4csa9vuag","single_img":"https://postercdn.net/snaps/8zln4399a7114tn7.jpg","splash_img":"https://postercdn.net/splash/8zln4399a7114tn7.jpg","size":"650117120","length":"620","duration":"PT10M20S","views":"4027","uploaded":"2023-09-07 18:06:12","last_view":"2023-09-07 18:06:12","api_source":"doodstream","kategori":"Video Viral","page":110,"index":14}