{"filecode":"sdq7i1x5mggw","title":"Haruka Aizawa Ful Album Asupan Viral Tele Popstream Update","deskripsi":"Nonton Haruka Aizawa Ful Album Asupan Viral Tele Popstream Update gratis. Ukuran File: 2.38 GB, Durasi: 40:39. Populer: 6792 tayangan. Diunggah pada 2023-06-04 22:20:23 melalui doodstream. Kata Kunci Terkait: .","tag":null,"protected_embed":"https://dodl.pages.dev/sdq7i1x5mggw","protected_dl":"https://myvidplay.com/d/sdq7i1x5mggw","single_img":"https://postercdn.net/snaps/t82x1xk4uaw7k1y3.jpg","splash_img":"https://postercdn.net/splash/t82x1xk4uaw7k1y3.jpg","size":"2557476864","length":"2439","duration":"PT40M39S","views":"6792","uploaded":"2023-06-04 22:20:23","last_view":"2023-06-04 22:20:23","api_source":"doodstream","kategori":"Video Viral","page":135,"index":166}