{"filecode":"sdqu3mxyemxg","title":"Di Genjot Hotel Bintang Lima Video Colmek Bokepind Bochiel Full Album Pejuang","deskripsi":"Nonton Di Genjot Hotel Bintang Lima Video Colmek Bokepind Bochiel Full Album Pejuang gratis. Ukuran File: 802.00 MB, Durasi: 13:22. Populer: 255 tayangan. Diunggah pada 2025-11-19 16:00:48 melalui doodstream. Kata Kunci Terkait: .","tag":null,"protected_embed":"https://dodl.pages.dev/sdqu3mxyemxg","protected_dl":"https://myvidplay.com/d/sdqu3mxyemxg","single_img":"https://postercdn.net/snaps/06gtyyl2dskfnmkd.jpg","splash_img":"https://postercdn.net/splash/06gtyyl2dskfnmkd.jpg","size":"840957952","length":"802","duration":"PT13M22S","views":"255","uploaded":"2025-11-19 16:00:48","last_view":"2025-11-19 16:00:48","api_source":"doodstream","kategori":"Video Bintang","page":2,"index":147}