{"filecode":"sds3k0ru2sgh","title":"Cantik Lagi Pamer Toket Gede Bulet Bokep Indo Viral Dood Stream","deskripsi":"Nonton Cantik Lagi Pamer Toket Gede Bulet Bokep Indo Viral Dood Stream gratis. Ukuran File: 66.00 MB, Durasi: 01:06. Populer: 550 tayangan. Diunggah pada 2024-03-02 13:48:57 melalui doodstream. Kata Kunci Terkait: .","tag":null,"protected_embed":"https://dodl.pages.dev/sds3k0ru2sgh","protected_dl":"https://myvidplay.com/d/sds3k0ru2sgh","single_img":"https://postercdn.net/snaps/0uyawkztwzo7m2x8.jpg","splash_img":"https://postercdn.net/splash/0uyawkztwzo7m2x8.jpg","size":"69206016","length":"66","duration":"PT1M6S","views":"550","uploaded":"2024-03-02 13:48:57","last_view":"2024-03-02 13:48:57","api_source":"doodstream","kategori":"Video Viral","page":55,"index":25}