{"filecode":"sdtvbyyaexus","title":"Arachu Pramuka Video Colmek Viral Indonesia Live Bokepsin","deskripsi":"Nonton Arachu Pramuka Video Colmek Viral Indonesia Live Bokepsin gratis. Ukuran File: 225.00 MB, Durasi: 03:45. Populer: 1436 tayangan. Diunggah pada 2025-01-11 00:03:47 melalui doodstream. Kata Kunci Terkait: .","tag":null,"protected_embed":"https://dodl.pages.dev/sdtvbyyaexus","protected_dl":"https://myvidplay.com/d/sdtvbyyaexus","single_img":"https://postercdn.net/snaps/sdfqvty2cj73vw9i.jpg","splash_img":"https://postercdn.net/splash/sdfqvty2cj73vw9i.jpg","size":"235929600","length":"225","duration":"PT3M45S","views":"1436","uploaded":"2025-01-11 00:03:47","last_view":"2025-01-11 00:03:47","api_source":"doodstream","kategori":"Video Viral","page":28,"index":193}