{"filecode":"sdv3pv0wbzcb","title":"Diajakin Main Kerumah Malah Di Doggy Video Viral Pemersatu Doodsflix Simintok Live","deskripsi":"Nonton Diajakin Main Kerumah Malah Di Doggy Video Viral Pemersatu Doodsflix Simintok Live gratis. Ukuran File: 258.00 MB, Durasi: 04:18. Populer: 6515 tayangan. Diunggah pada 2023-09-13 09:34:42 melalui doodstream. Kata Kunci Terkait: .","tag":null,"protected_embed":"https://dodl.pages.dev/sdv3pv0wbzcb","protected_dl":"https://myvidplay.com/d/sdv3pv0wbzcb","single_img":"https://postercdn.net/snaps/dc2pueblpvfuusmb.jpg","splash_img":"https://postercdn.net/splash/dc2pueblpvfuusmb.jpg","size":"270532608","length":"258","duration":"PT4M18S","views":"6515","uploaded":"2023-09-13 09:34:42","last_view":"2023-09-13 09:34:42","api_source":"doodstream","kategori":"Video Viral","page":109,"index":161}