{"filecode":"sdyllthauhpq","title":"Ciwidey Pemersatu Jilbab Pekoblive Simontok Ful Album","deskripsi":"Nonton Ciwidey Pemersatu Jilbab Pekoblive Simontok Ful Album gratis. Ukuran File: 95.00 MB, Durasi: 01:35. Populer: 35138 tayangan. Diunggah pada 2023-06-15 01:16:24 melalui doodstream. Kata Kunci Terkait: .","tag":null,"protected_embed":"https://dodl.pages.dev/sdyllthauhpq","protected_dl":"https://myvidplay.com/d/sdyllthauhpq","single_img":"https://postercdn.net/snaps/3f57kgs4c4qpf46e.jpg","splash_img":"https://postercdn.net/splash/3f57kgs4c4qpf46e.jpg","size":"99614720","length":"95","duration":"PT1M35S","views":"35138","uploaded":"2023-06-15 01:16:24","last_view":"2023-06-15 01:16:24","api_source":"doodstream","kategori":"Video Ciwidey","page":135,"index":62}