{"filecode":"sdyzve4axdme","title":"Janda Setengah Tua Udah Lama Gak Ngewe Pemuasnya Colmek Pejuang Lendir Bokep","deskripsi":"Nonton Janda Setengah Tua Udah Lama Gak Ngewe Pemuasnya Colmek Pejuang Lendir Bokep gratis. Ukuran File: 941.00 MB, Durasi: 15:41. Populer: 2608 tayangan. Diunggah pada 2023-12-05 00:58:31 melalui doodstream. Kata Kunci Terkait: .","tag":null,"protected_embed":"https://dodl.pages.dev/sdyzve4axdme","protected_dl":"https://myvidplay.com/d/sdyzve4axdme","single_img":"https://postercdn.net/snaps/20xdhlat6ia7a7l6.jpg","splash_img":"https://postercdn.net/splash/20xdhlat6ia7a7l6.jpg","size":"986710016","length":"941","duration":"PT15M41S","views":"2608","uploaded":"2023-12-05 00:58:31","last_view":"2023-12-05 00:58:31","api_source":"doodstream","kategori":"Video Janda","page":76,"index":123}