{"filecode":"sdzt872jbjy2","title":"Udah Mau Simontok Doodstream Streaming Yakwad Viral","deskripsi":"Nonton Udah Mau Simontok Doodstream Streaming Yakwad Viral gratis. Ukuran File: 162.00 MB, Durasi: 02:42. Populer: 2317 tayangan. Diunggah pada 2023-08-17 04:49:07 melalui doodstream. Kata Kunci Terkait: .","tag":null,"protected_embed":"https://dodl.pages.dev/sdzt872jbjy2","protected_dl":"https://myvidplay.com/d/sdzt872jbjy2","single_img":"https://postercdn.net/snaps/3uv52xmfzp08coql.jpg","splash_img":"https://postercdn.net/splash/3uv52xmfzp08coql.jpg","size":"169869312","length":"162","duration":"PT2M42S","views":"2317","uploaded":"2023-08-17 04:49:07","last_view":"2023-08-17 04:49:07","api_source":"doodstream","kategori":"Video Viral","page":116,"index":66}