{"filecode":"au1rkxflm5uz","title":"Gadis Mulus Tatoan Toket Gede Bokep Video Doodstream Colmek Telegram Popstream","deskripsi":"Nonton Gadis Mulus Tatoan Toket Gede Bokep Video Doodstream Colmek Telegram Popstream gratis. Ukuran File: 166.00 MB, Durasi: 02:46. Populer: 806 tayangan. Diunggah pada 2023-11-24 15:14:50 melalui doodstream. Kata Kunci Terkait: .","tag":null,"protected_embed":"https://dodl.pages.dev/au1rkxflm5uz","protected_dl":"https://myvidplay.com/d/au1rkxflm5uz","single_img":"https://postercdn.net/snaps/wmlqbyr5jf0rjw31.jpg","splash_img":"https://postercdn.net/splash/wmlqbyr5jf0rjw31.jpg","size":"174063616","length":"166","duration":"PT2M46S","views":"806","uploaded":"2023-11-24 15:14:50","last_view":"2023-11-24 15:14:50","api_source":"doodstream","kategori":"Video Doodstream","page":81,"index":177}