{"filecode":"au4fa19tam5h","title":"Bokep Indo Hijab Viral Ryugall Full Video Nobokep Jilbab Tobrut Doodflix Tele","deskripsi":"Nonton Bokep Indo Hijab Viral Ryugall Full Video Nobokep Jilbab Tobrut Doodflix Tele gratis. Ukuran File: 62.00 MB, Durasi: 01:02. Populer: 573 tayangan. Diunggah pada 2024-03-12 18:42:23 melalui doodstream. Kata Kunci Terkait: .","tag":null,"protected_embed":"https://dodl.pages.dev/au4fa19tam5h","protected_dl":"https://myvidplay.com/d/au4fa19tam5h","single_img":"https://postercdn.net/snaps/qu0e58n49xtdqehh.jpg","splash_img":"https://postercdn.net/splash/qu0e58n49xtdqehh.jpg","size":"65011712","length":"62","duration":"PT1M2S","views":"573","uploaded":"2024-03-12 18:42:23","last_view":"2024-03-12 18:42:23","api_source":"doodstream","kategori":"Video Hijab","page":50,"index":75}