{"filecode":"au5h5csc9c76","title":"Bokep Indo Bercumbu Di Sore Hari Bokeh Bar Pekoblive Full Album Doostream","deskripsi":"Nonton Bokep Indo Bercumbu Di Sore Hari Bokeh Bar Pekoblive Full Album Doostream gratis. Ukuran File: 390.00 MB, Durasi: 06:30. Populer: 2383 tayangan. Diunggah pada 2024-01-11 19:48:19 melalui doodstream. Kata Kunci Terkait: .","tag":null,"protected_embed":"https://dodl.pages.dev/au5h5csc9c76","protected_dl":"https://myvidplay.com/d/au5h5csc9c76","single_img":"https://postercdn.net/snaps/u2rzvs25lpdrexeg.jpg","splash_img":"https://postercdn.net/splash/u2rzvs25lpdrexeg.jpg","size":"408944640","length":"390","duration":"PT6M30S","views":"2383","uploaded":"2024-01-11 19:48:19","last_view":"2024-01-11 19:48:19","api_source":"doodstream","kategori":"Video Indo","page":63,"index":24}