{"filecode":"au83o0j9pywp","title":"Vcs Sama Tante Sange Lulustream Bokep Dood Doodsflix Staklam Doostream","deskripsi":"Nonton Vcs Sama Tante Sange Lulustream Bokep Dood Doodsflix Staklam Doostream gratis. Ukuran File: 179.00 MB, Durasi: 02:59. Populer: 2169 tayangan. Diunggah pada 2023-10-18 09:08:09 melalui doodstream. Kata Kunci Terkait: .","tag":null,"protected_embed":"https://dodl.pages.dev/au83o0j9pywp","protected_dl":"https://myvidplay.com/d/au83o0j9pywp","single_img":"https://postercdn.net/snaps/tciu3wh5euqaz33t.jpg","splash_img":"https://postercdn.net/splash/tciu3wh5euqaz33t.jpg","size":"187695104","length":"179","duration":"PT2M59S","views":"2169","uploaded":"2023-10-18 09:08:09","last_view":"2023-10-18 09:08:09","api_source":"doodstream","kategori":"Video Lulustream","page":95,"index":64}