{"filecode":"aufoucrgh12p","title":"Lesby Cantik Bebasindo Dood Tele Ngentot Bokepin","deskripsi":"Nonton Lesby Cantik Bebasindo Dood Tele Ngentot Bokepin gratis. Ukuran File: 294.00 MB, Durasi: 04:54. Populer: 1861 tayangan. Diunggah pada 2023-08-07 22:39:35 melalui doodstream. Kata Kunci Terkait: .","tag":null,"protected_embed":"https://dodl.pages.dev/aufoucrgh12p","protected_dl":"https://myvidplay.com/d/aufoucrgh12p","single_img":"https://postercdn.net/snaps/784ra9pfftclcwh3.jpg","splash_img":"https://postercdn.net/splash/784ra9pfftclcwh3.jpg","size":"308281344","length":"294","duration":"PT4M54S","views":"1861","uploaded":"2023-08-07 22:39:35","last_view":"2023-08-07 22:39:35","api_source":"doodstream","kategori":"Video Dood","page":121,"index":56}