{"filecode":"aug0ev5oaiot","title":"Janda Bandung Gatel Mesum Lbci Dood Stream Video Viral Bokepsatset Asupan Bokepsin","deskripsi":"Nonton Janda Bandung Gatel Mesum Lbci Dood Stream Video Viral Bokepsatset Asupan Bokepsin gratis. Ukuran File: 1.13 GB, Durasi: 19:16. Populer: 419 tayangan. Diunggah pada 2024-03-07 15:16:16 melalui doodstream. Kata Kunci Terkait: .","tag":null,"protected_embed":"https://dodl.pages.dev/aug0ev5oaiot","protected_dl":"https://myvidplay.com/d/aug0ev5oaiot","single_img":"https://postercdn.net/snaps/zvdnqh32ecw9t987.jpg","splash_img":"https://postercdn.net/splash/zvdnqh32ecw9t987.jpg","size":"1212153856","length":"1156","duration":"PT19M16S","views":"419","uploaded":"2024-03-07 15:16:16","last_view":"2024-03-07 15:16:16","api_source":"doodstream","kategori":"Video Viral","page":53,"index":34}