{"filecode":"auh2eum4ikoz","title":"Bokep Viral Anak Sma Mechele Live Colmek Doodflix Asupan Simintok Terabox Video","deskripsi":"Nonton Bokep Viral Anak Sma Mechele Live Colmek Doodflix Asupan Simintok Terabox Video gratis. Ukuran File: 85.00 MB, Durasi: 01:25. Populer: 49329 tayangan. Diunggah pada 2023-07-02 20:24:57 melalui doodstream. Kata Kunci Terkait: .","tag":null,"protected_embed":"https://dodl.pages.dev/auh2eum4ikoz","protected_dl":"https://myvidplay.com/d/auh2eum4ikoz","single_img":"https://postercdn.net/snaps/72p7qp91nnet9odh.jpg","splash_img":"https://postercdn.net/splash/72p7qp91nnet9odh.jpg","size":"89128960","length":"85","duration":"PT1M25S","views":"49329","uploaded":"2023-07-02 20:24:57","last_view":"2023-07-02 20:24:57","api_source":"doodstream","kategori":"Video Viral","page":131,"index":74}