{"filecode":"aulhsqoahiyo","title":"Film Bokep Thailand Online Gemoy Video Lokal Dood Doodsflix","deskripsi":"Nonton Film Bokep Thailand Online Gemoy Video Lokal Dood Doodsflix gratis. Ukuran File: 906.00 MB, Durasi: 15:06. Populer: 4457 tayangan. Diunggah pada 2023-08-05 20:58:21 melalui doodstream. Kata Kunci Terkait: .","tag":null,"protected_embed":"https://dodl.pages.dev/aulhsqoahiyo","protected_dl":"https://myvidplay.com/d/aulhsqoahiyo","single_img":"https://postercdn.net/snaps/xakjgq38f16cxrrl.jpg","splash_img":"https://postercdn.net/splash/xakjgq38f16cxrrl.jpg","size":"950009856","length":"906","duration":"PT15M6S","views":"4457","uploaded":"2023-08-05 20:58:21","last_view":"2023-08-05 20:58:21","api_source":"doodstream","kategori":"Video Lokal","page":122,"index":185}