{"filecode":"aunwlxiehrxe","title":"Bokep Indo Rahma Jilbab Toge Goyang Bugil Tiktok Nobokep Doostream Simontok Pejuang","deskripsi":"Nonton Bokep Indo Rahma Jilbab Toge Goyang Bugil Tiktok Nobokep Doostream Simontok Pejuang gratis. Ukuran File: 136.00 MB, Durasi: 02:16. Populer: 762 tayangan. Diunggah pada 2025-01-18 06:04:09 melalui doodstream. Kata Kunci Terkait: .","tag":null,"protected_embed":"https://dodl.pages.dev/aunwlxiehrxe","protected_dl":"https://myvidplay.com/d/aunwlxiehrxe","single_img":"https://postercdn.net/snaps/6ml2s56dh172kyqs.jpg","splash_img":"https://postercdn.net/splash/6ml2s56dh172kyqs.jpg","size":"142606336","length":"136","duration":"PT2M16S","views":"762","uploaded":"2025-01-18 06:04:09","last_view":"2025-01-18 06:04:09","api_source":"doodstream","kategori":"Video Indo","page":17,"index":54}