{"filecode":"auq5zy76gwln","title":"Bokep Mahasiswi Gp Cindo Cantik Banget Xbokepfb Full Album Streaming Lulustream Tele","deskripsi":"Nonton Bokep Mahasiswi Gp Cindo Cantik Banget Xbokepfb Full Album Streaming Lulustream Tele gratis. Ukuran File: 464.00 MB, Durasi: 07:44. Populer: 2044 tayangan. Diunggah pada 2023-12-21 23:57:52 melalui doodstream. Kata Kunci Terkait: .","tag":null,"protected_embed":"https://dodl.pages.dev/auq5zy76gwln","protected_dl":"https://myvidplay.com/d/auq5zy76gwln","single_img":"https://postercdn.net/snaps/vhmovhcv0l5d1415.jpg","splash_img":"https://postercdn.net/splash/vhmovhcv0l5d1415.jpg","size":"486539264","length":"464","duration":"PT7M44S","views":"2044","uploaded":"2023-12-21 23:57:52","last_view":"2023-12-21 23:57:52","api_source":"doodstream","kategori":"Video Lulustream","page":67,"index":169}