{"filecode":"auqjxxq0ba2l","title":"Ponakan Seenak Ini Doods Pro Bochiel Bokepind Popstream Cantik Tobrut","deskripsi":"Nonton Ponakan Seenak Ini Doods Pro Bochiel Bokepind Popstream Cantik Tobrut gratis. Ukuran File: 796.00 MB, Durasi: 13:16. Populer: 3763 tayangan. Diunggah pada 2025-01-26 15:26:51 melalui doodstream. Kata Kunci Terkait: .","tag":null,"protected_embed":"https://dodl.pages.dev/auqjxxq0ba2l","protected_dl":"https://myvidplay.com/d/auqjxxq0ba2l","single_img":"https://postercdn.net/snaps/y5r3f4rxfoosu9dw.jpg","splash_img":"https://postercdn.net/splash/y5r3f4rxfoosu9dw.jpg","size":"834666496","length":"796","duration":"PT13M16S","views":"3763","uploaded":"2025-01-26 15:26:51","last_view":"2025-01-26 15:26:51","api_source":"doodstream","kategori":"Video Tobrut","page":16,"index":112}