{"filecode":"auqyugpd9m1w","title":"Ukhty Salisha Ngemut Kontol Toket Bagus Com Bokep Video Folder Jilbab Links","deskripsi":"Nonton Ukhty Salisha Ngemut Kontol Toket Bagus Com Bokep Video Folder Jilbab Links gratis. Ukuran File: 15.00 MB, Durasi: 00:15. Populer: 35942 tayangan. Diunggah pada 2023-07-02 20:22:47 melalui doodstream. Kata Kunci Terkait: .","tag":null,"protected_embed":"https://dodl.pages.dev/auqyugpd9m1w","protected_dl":"https://myvidplay.com/d/auqyugpd9m1w","single_img":"https://postercdn.net/snaps/5grnp9b2q7hxh8je.jpg","splash_img":"https://postercdn.net/splash/5grnp9b2q7hxh8je.jpg","size":"15728640","length":"15","duration":"PT15S","views":"35942","uploaded":"2023-07-02 20:22:47","last_view":"2023-07-02 20:22:47","api_source":"doodstream","kategori":"Video Bokep","page":132,"index":183}