{"filecode":"auvlfszhouz9","title":"Jilbab Tobrut Mirip Cucumilo Dood Stream Memeksiana Video Viral Bokepind Update Bokepsin","deskripsi":"Nonton Jilbab Tobrut Mirip Cucumilo Dood Stream Memeksiana Video Viral Bokepind Update Bokepsin gratis. Ukuran File: 63.00 MB, Durasi: 01:03. Populer: 5124 tayangan. Diunggah pada 2023-12-14 05:05:56 melalui doodstream. Kata Kunci Terkait: .","tag":null,"protected_embed":"https://dodl.pages.dev/auvlfszhouz9","protected_dl":"https://myvidplay.com/d/auvlfszhouz9","single_img":"https://postercdn.net/snaps/1ak2bos0hpdhp4yp.jpg","splash_img":"https://postercdn.net/splash/1ak2bos0hpdhp4yp.jpg","size":"66060288","length":"63","duration":"PT1M3S","views":"5124","uploaded":"2023-12-14 05:05:56","last_view":"2023-12-14 05:05:56","api_source":"doodstream","kategori":"Video Viral","page":70,"index":173}