{"filecode":"auvsr76w53xv","title":"Cewek Smk Jakarta Pusat Toge Crot Porn Kai Com S Embed Video","deskripsi":"Nonton Cewek Smk Jakarta Pusat Toge Crot Porn Kai Com S Embed Video gratis. Ukuran File: 386.00 MB, Durasi: 06:26. Populer: 8199 tayangan. Diunggah pada 2023-08-20 08:04:20 melalui doodstream. Kata Kunci Terkait: .","tag":null,"protected_embed":"https://dodl.pages.dev/auvsr76w53xv","protected_dl":"https://myvidplay.com/d/auvsr76w53xv","single_img":"https://postercdn.net/snaps/wq346p5pq1p3brhe.jpg","splash_img":"https://postercdn.net/splash/wq346p5pq1p3brhe.jpg","size":"404750336","length":"386","duration":"PT6M26S","views":"8199","uploaded":"2023-08-20 08:04:20","last_view":"2023-08-20 08:04:20","api_source":"doodstream","kategori":"Video Toge","page":114,"index":59}