{"filecode":"auyg8mlz18ki","title":"Lgi Mabuk Udh Psrah Pemersatu Bokep Video Bokepin Telegram Doodsflix","deskripsi":"Nonton Lgi Mabuk Udh Psrah Pemersatu Bokep Video Bokepin Telegram Doodsflix gratis. Ukuran File: 329.00 MB, Durasi: 05:29. Populer: 1443 tayangan. Diunggah pada 2025-11-19 16:00:10 melalui doodstream. Kata Kunci Terkait: .","tag":null,"protected_embed":"https://dodl.pages.dev/auyg8mlz18ki","protected_dl":"https://myvidplay.com/d/auyg8mlz18ki","single_img":"https://postercdn.net/snaps/qfoi6kfjky8bxzpj.jpg","splash_img":"https://postercdn.net/splash/qfoi6kfjky8bxzpj.jpg","size":"344981504","length":"329","duration":"PT5M29S","views":"1443","uploaded":"2025-11-19 16:00:10","last_view":"2025-11-19 16:00:10","api_source":"doodstream","kategori":"Video Bokep","page":2,"index":163}