{"filecode":"auyjx02ijj7y","title":"Azizah Skandal Viral Mp Poop Hd Memeksiana Link Web Ngentot Bokep31 Telegram","deskripsi":"Nonton Azizah Skandal Viral Mp Poop Hd Memeksiana Link Web Ngentot Bokep31 Telegram gratis. Ukuran File: 15.00 MB, Durasi: 00:15. Populer: 44335 tayangan. Diunggah pada 2024-08-20 23:15:57 melalui doodstream. Kata Kunci Terkait: .","tag":null,"protected_embed":"https://dodl.pages.dev/auyjx02ijj7y","protected_dl":"https://myvidplay.com/d/auyjx02ijj7y","single_img":"https://postercdn.net/snaps/78oudzlwv3fyt0p3.jpg","splash_img":"https://postercdn.net/splash/78oudzlwv3fyt0p3.jpg","size":"15728640","length":"15","duration":"PT15S","views":"44335","uploaded":"2024-08-20 23:15:57","last_view":"2024-08-20 23:15:57","api_source":"doodstream","kategori":"Video Viral","page":39,"index":17}