{"filecode":"3v0tqruqx6um","title":"Anak Magang Di Gilir Senior Kerjaan Asupan Jilbab Pekoblive Dood Tele Downloader","deskripsi":"Nonton Anak Magang Di Gilir Senior Kerjaan Asupan Jilbab Pekoblive Dood Tele Downloader gratis. Ukuran File: 1.34 GB, Durasi: 22:50. Populer: 825 tayangan. Diunggah pada 2025-01-13 05:18:48 melalui doodstream. Kata Kunci Terkait: .","tag":null,"protected_embed":"https://dodl.pages.dev/3v0tqruqx6um","protected_dl":"https://myvidplay.com/d/3v0tqruqx6um","single_img":"https://postercdn.net/snaps/5b52gbtq9zgftcqe.jpg","splash_img":"https://postercdn.net/splash/5b52gbtq9zgftcqe.jpg","size":"1436549120","length":"1370","duration":"PT22M50S","views":"825","uploaded":"2025-01-13 05:18:48","last_view":"2025-01-13 05:18:48","api_source":"doodstream","kategori":"Video Dood","page":28,"index":7}