{"filecode":"3v46g8581ypg","title":"Cewek Jilbab Pamer Colmek Di Lantai Berdiri Dan Mandi Bebasindo Website Full","deskripsi":"Nonton Cewek Jilbab Pamer Colmek Di Lantai Berdiri Dan Mandi Bebasindo Website Full gratis. Ukuran File: 160.00 MB, Durasi: 02:40. Populer: 2534 tayangan. Diunggah pada 2024-01-19 19:16:12 melalui doodstream. Kata Kunci Terkait: .","tag":null,"protected_embed":"https://dodl.pages.dev/3v46g8581ypg","protected_dl":"https://myvidplay.com/d/3v46g8581ypg","single_img":"https://postercdn.net/snaps/r847hvx6pbzlmzy7.jpg","splash_img":"https://postercdn.net/splash/r847hvx6pbzlmzy7.jpg","size":"167772160","length":"160","duration":"PT2M40S","views":"2534","uploaded":"2024-01-19 19:16:12","last_view":"2024-01-19 19:16:12","api_source":"doodstream","kategori":"Video Colmek","page":62,"index":9}