{"filecode":"3vayewgffc1m","title":"Nabila Seleb Fb Viral New Live Video Sma Videos Bokepsin Bebasindo","deskripsi":"Nonton Nabila Seleb Fb Viral New Live Video Sma Videos Bokepsin Bebasindo gratis. Ukuran File: 118.00 MB, Durasi: 01:58. Populer: 825 tayangan. Diunggah pada 2024-06-01 00:45:52 melalui doodstream. Kata Kunci Terkait: .","tag":null,"protected_embed":"https://dodl.pages.dev/3vayewgffc1m","protected_dl":"https://myvidplay.com/d/3vayewgffc1m","single_img":"https://postercdn.net/snaps/6xcg6q9zfmz3z7rg.jpg","splash_img":"https://postercdn.net/splash/6xcg6q9zfmz3z7rg.jpg","size":"123731968","length":"118","duration":"PT1M58S","views":"825","uploaded":"2024-06-01 00:45:52","last_view":"2024-06-01 00:45:52","api_source":"doodstream","kategori":"Video Viral","page":43,"index":78}