{"filecode":"3vcpv78pfzgq","title":"Video Bokep Hijab Baju Putih Dood Fan Doostream Simintok Staklam Indonesia","deskripsi":"Nonton Video Bokep Hijab Baju Putih Dood Fan Doostream Simintok Staklam Indonesia gratis. Ukuran File: 1.73 GB, Durasi: 29:27. Populer: 3068 tayangan. Diunggah pada 2023-09-04 07:27:56 melalui doodstream. Kata Kunci Terkait: .","tag":null,"protected_embed":"https://dodl.pages.dev/3vcpv78pfzgq","protected_dl":"https://myvidplay.com/d/3vcpv78pfzgq","single_img":"https://postercdn.net/snaps/r0jjzmwr31y9f7ae.jpg","splash_img":"https://postercdn.net/splash/r0jjzmwr31y9f7ae.jpg","size":"1852833792","length":"1767","duration":"PT29M27S","views":"3068","uploaded":"2023-09-04 07:27:56","last_view":"2023-09-04 07:27:56","api_source":"doodstream","kategori":"Video Hijab","page":110,"index":184}