{"filecode":"3vd7303h91de","title":"Bokep Indo Hijab Cantik Toket Idaman Pap Tt Folder Downloader Simontok Doods","deskripsi":"Nonton Bokep Indo Hijab Cantik Toket Idaman Pap Tt Folder Downloader Simontok Doods gratis. Ukuran File: 65.00 MB, Durasi: 01:05. Populer: 3003 tayangan. Diunggah pada 2024-01-19 12:20:06 melalui doodstream. Kata Kunci Terkait: .","tag":null,"protected_embed":"https://dodl.pages.dev/3vd7303h91de","protected_dl":"https://myvidplay.com/d/3vd7303h91de","single_img":"https://postercdn.net/snaps/zllhyvhrnuvuj06j.jpg","splash_img":"https://postercdn.net/splash/zllhyvhrnuvuj06j.jpg","size":"68157440","length":"65","duration":"PT1M5S","views":"3003","uploaded":"2024-01-19 12:20:06","last_view":"2024-01-19 12:20:06","api_source":"doodstream","kategori":"Video Hijab","page":62,"index":25}