{"filecode":"3ve8a0ubo0ts","title":"Tante Jilbab Telanjang Lalu Colmek Pemersatu Video Doodstream Bokep Folder","deskripsi":"Nonton Tante Jilbab Telanjang Lalu Colmek Pemersatu Video Doodstream Bokep Folder gratis. Ukuran File: 165.00 MB, Durasi: 02:45. Populer: 487 tayangan. Diunggah pada 2025-10-20 05:52:55 melalui lulustream. Kata Kunci Terkait: .","tag":null,"protected_embed":"https://luvluv.pages.dev/3ve8a0ubo0ts","protected_dl":"https://lulustream.com/d/3ve8a0ubo0ts","single_img":"https://img.lulucdn.com/3ve8a0ubo0ts_t.jpg","splash_img":"https://img.lulucdn.com/3ve8a0ubo0ts_xt.jpg","size":"173015040","length":"165","duration":"PT2M45S","views":487,"uploaded":"2025-10-20 05:52:55","last_view":"2025-10-20 05:52:55","api_source":"lulustream","kategori":"Video Doodstream","page":7,"index":113}