{"filecode":"3vecyq1ew12c","title":"Rara Hijab Hitam Sange Berat Simontok Yakwad Ful Album Link Web Asupan","deskripsi":"Nonton Rara Hijab Hitam Sange Berat Simontok Yakwad Ful Album Link Web Asupan gratis. Ukuran File: 1.10 GB, Durasi: 18:50. Populer: 3912 tayangan. Diunggah pada 2024-09-17 16:38:12 melalui doodstream. Kata Kunci Terkait: .","tag":null,"protected_embed":"https://dodl.pages.dev/3vecyq1ew12c","protected_dl":"https://myvidplay.com/d/3vecyq1ew12c","single_img":"https://postercdn.net/snaps/ys9hf7s641rgqa47.jpg","splash_img":"https://postercdn.net/splash/ys9hf7s641rgqa47.jpg","size":"1184890880","length":"1130","duration":"PT18M50S","views":"3912","uploaded":"2024-09-17 16:38:12","last_view":"2024-09-17 16:38:12","api_source":"doodstream","kategori":"Video Hijab","page":34,"index":63}