{"filecode":"3vhyn7x20moq","title":"Viral Yandex Payudara Yang Segar Bokepsin Pemersatu Bokepind Lulustream","deskripsi":"Nonton Viral Yandex Payudara Yang Segar Bokepsin Pemersatu Bokepind Lulustream gratis. Ukuran File: 623.00 MB, Durasi: 10:23. Populer: 362 tayangan. Diunggah pada 2024-03-09 11:06:39 melalui doodstream. Kata Kunci Terkait: .","tag":null,"protected_embed":"https://dodl.pages.dev/3vhyn7x20moq","protected_dl":"https://myvidplay.com/d/3vhyn7x20moq","single_img":"https://postercdn.net/snaps/m2lihuxuyfgyfspp.jpg","splash_img":"https://postercdn.net/splash/m2lihuxuyfgyfspp.jpg","size":"653262848","length":"623","duration":"PT10M23S","views":"362","uploaded":"2024-03-09 11:06:39","last_view":"2024-03-09 11:06:39","api_source":"doodstream","kategori":"Video Viral","page":50,"index":154}