{"filecode":"3vkzm0ff3nm7","title":"Pov Ketika Anda Punya Istri Cantik Sange An Msbreewc Bokepsin Viral Streaming","deskripsi":"Nonton Pov Ketika Anda Punya Istri Cantik Sange An Msbreewc Bokepsin Viral Streaming gratis. Ukuran File: 469.00 MB, Durasi: 07:49. Populer: 8362 tayangan. Diunggah pada 2023-08-21 17:25:59 melalui doodstream. Kata Kunci Terkait: .","tag":null,"protected_embed":"https://dodl.pages.dev/3vkzm0ff3nm7","protected_dl":"https://myvidplay.com/d/3vkzm0ff3nm7","single_img":"https://postercdn.net/snaps/qnjsi6emgyov0m20.jpg","splash_img":"https://postercdn.net/splash/qnjsi6emgyov0m20.jpg","size":"491782144","length":"469","duration":"PT7M49S","views":"8362","uploaded":"2023-08-21 17:25:59","last_view":"2023-08-21 17:25:59","api_source":"doodstream","kategori":"Video Viral","page":113,"index":171}