{"filecode":"3vl0ku5s1ebe","title":"Ometv Mantap Sotwe Doostream Toketbagus Ngentot Bebasindo","deskripsi":"Nonton Ometv Mantap Sotwe Doostream Toketbagus Ngentot Bebasindo gratis. Ukuran File: 351.00 MB, Durasi: 05:51. Populer: 2783 tayangan. Diunggah pada 2023-10-03 22:15:02 melalui doodstream. Kata Kunci Terkait: .","tag":null,"protected_embed":"https://dodl.pages.dev/3vl0ku5s1ebe","protected_dl":"https://myvidplay.com/d/3vl0ku5s1ebe","single_img":"https://postercdn.net/snaps/qq5e03gem4xlctsa.jpg","splash_img":"https://postercdn.net/splash/qq5e03gem4xlctsa.jpg","size":"368050176","length":"351","duration":"PT5M51S","views":"2783","uploaded":"2023-10-03 22:15:02","last_view":"2023-10-03 22:15:02","api_source":"doodstream","kategori":"Video Ngentot","page":105,"index":113}