{"filecode":"3vl1y4vsfsli","title":"Bokep Indo Gadis Desa Bikin Video Mesum Bokepsin Com Doodstream Lagi Viral","deskripsi":"Nonton Bokep Indo Gadis Desa Bikin Video Mesum Bokepsin Com Doodstream Lagi Viral gratis. Ukuran File: 347.00 MB, Durasi: 05:47. Populer: 13432 tayangan. Diunggah pada 2023-08-06 16:42:41 melalui doodstream. Kata Kunci Terkait: .","tag":null,"protected_embed":"https://dodl.pages.dev/3vl1y4vsfsli","protected_dl":"https://myvidplay.com/d/3vl1y4vsfsli","single_img":"https://postercdn.net/snaps/snkbxjs5xwzrdby3.jpg","splash_img":"https://postercdn.net/splash/snkbxjs5xwzrdby3.jpg","size":"363855872","length":"347","duration":"PT5M47S","views":"13432","uploaded":"2023-08-06 16:42:41","last_view":"2023-08-06 16:42:41","api_source":"doodstream","kategori":"Video Viral","page":122,"index":87}