{"filecode":"3vlw0czis7zs","title":"Bokep Ngintip Kakak Aini Lagi Mandi Xbokep Fb Video Sma Terabox Doods","deskripsi":"Nonton Bokep Ngintip Kakak Aini Lagi Mandi Xbokep Fb Video Sma Terabox Doods gratis. Ukuran File: 465.00 MB, Durasi: 07:45. Populer: 4477 tayangan. Diunggah pada 2023-11-30 13:36:17 melalui doodstream. Kata Kunci Terkait: .","tag":null,"protected_embed":"https://dodl.pages.dev/3vlw0czis7zs","protected_dl":"https://myvidplay.com/d/3vlw0czis7zs","single_img":"https://postercdn.net/snaps/5a58at1g0tzw31zk.jpg","splash_img":"https://postercdn.net/splash/5a58at1g0tzw31zk.jpg","size":"487587840","length":"465","duration":"PT7M45S","views":"4477","uploaded":"2023-11-30 13:36:17","last_view":"2023-11-30 13:36:17","api_source":"doodstream","kategori":"Video Terabox","page":77,"index":171}