{"filecode":"3vlwcienmkf2","title":"Bokep Indo Pov Colok Memek Pacar Baru Terabox Ngentot Bokep31 Tele Bochiel","deskripsi":"Nonton Bokep Indo Pov Colok Memek Pacar Baru Terabox Ngentot Bokep31 Tele Bochiel gratis. Ukuran File: 65.00 MB, Durasi: 01:05. Populer: 319 tayangan. Diunggah pada 2025-12-06 20:07:42 melalui doodstream. Kata Kunci Terkait: .","tag":null,"protected_embed":"https://dodl.pages.dev/3vlwcienmkf2","protected_dl":"https://myvidplay.com/d/3vlwcienmkf2","single_img":"https://postercdn.net/snaps/4wx5nxsowumpco6i.jpg","splash_img":"https://postercdn.net/splash/4wx5nxsowumpco6i.jpg","size":"68157440","length":"65","duration":"PT1M5S","views":"319","uploaded":"2025-12-06 20:07:42","last_view":"2025-12-06 20:07:42","api_source":"doodstream","kategori":"Video Indo","page":1,"index":127}