{"filecode":"3vp0p0w5wzmz","title":"Abg Cantik Buka Bukaan Omek Meki Mulus Video Viral Ngentot Folder Doods","deskripsi":"Nonton Abg Cantik Buka Bukaan Omek Meki Mulus Video Viral Ngentot Folder Doods gratis. Ukuran File: 1.51 GB, Durasi: 25:49. Populer: 226 tayangan. Diunggah pada 2025-01-13 05:19:59 melalui doodstream. Kata Kunci Terkait: .","tag":null,"protected_embed":"https://dodl.pages.dev/3vp0p0w5wzmz","protected_dl":"https://myvidplay.com/d/3vp0p0w5wzmz","single_img":"https://postercdn.net/snaps/i8vsopt9h1zfgyvg.jpg","splash_img":"https://postercdn.net/splash/i8vsopt9h1zfgyvg.jpg","size":"1624244224","length":"1549","duration":"PT25M49S","views":"226","uploaded":"2025-01-13 05:19:59","last_view":"2025-01-13 05:19:59","api_source":"doodstream","kategori":"Video Viral","page":27,"index":66}