{"filecode":"3vpju40snobz","title":"Stw Indonesia Ngentot Gaya Nungging Katanya Enak Banget Kontol Mentok Dalam Memek","deskripsi":"Nonton Stw Indonesia Ngentot Gaya Nungging Katanya Enak Banget Kontol Mentok Dalam Memek gratis. Ukuran File: 1.37 GB, Durasi: 23:24. Populer: 7700 tayangan. Diunggah pada 2024-05-08 16:16:07 melalui doodstream. Kata Kunci Terkait: .","tag":null,"protected_embed":"https://dodl.pages.dev/3vpju40snobz","protected_dl":"https://myvidplay.com/d/3vpju40snobz","single_img":"https://postercdn.net/snaps/q2hlej55zimq79ub.jpg","splash_img":"https://postercdn.net/splash/q2hlej55zimq79ub.jpg","size":"1472200704","length":"1404","duration":"PT23M24S","views":"7700","uploaded":"2024-05-08 16:16:07","last_view":"2024-05-08 16:16:07","api_source":"doodstream","kategori":"Video Indonesia","page":44,"index":119}