{"filecode":"3vpksvsb49wo","title":"Bokep Indo Uchu Plenyunn Tobrut Live Di Bling Website Links Asupan Viral","deskripsi":"Nonton Bokep Indo Uchu Plenyunn Tobrut Live Di Bling Website Links Asupan Viral gratis. Ukuran File: 2.14 GB, Durasi: 36:36. Populer: 705 tayangan. Diunggah pada 2024-03-05 12:01:01 melalui doodstream. Kata Kunci Terkait: .","tag":null,"protected_embed":"https://dodl.pages.dev/3vpksvsb49wo","protected_dl":"https://myvidplay.com/d/3vpksvsb49wo","single_img":"https://postercdn.net/snaps/nl103q0em1r69qso.jpg","splash_img":"https://postercdn.net/splash/nl103q0em1r69qso.jpg","size":"2302672896","length":"2196","duration":"PT36M36S","views":"705","uploaded":"2024-03-05 12:01:01","last_view":"2024-03-05 12:01:01","api_source":"doodstream","kategori":"Video Viral","page":54,"index":69}