{"filecode":"3vshyn5ft5ea","title":"Mainan Dildo Bikin Muncrat Porn Kai Com S Embed Video Pekoblive Lagi","deskripsi":"Nonton Mainan Dildo Bikin Muncrat Porn Kai Com S Embed Video Pekoblive Lagi gratis. Ukuran File: 416.00 MB, Durasi: 06:56. Populer: 5383 tayangan. Diunggah pada 2023-08-20 08:04:24 melalui doodstream. Kata Kunci Terkait: .","tag":null,"protected_embed":"https://dodl.pages.dev/3vshyn5ft5ea","protected_dl":"https://myvidplay.com/d/3vshyn5ft5ea","single_img":"https://postercdn.net/snaps/47xmagcnueuze2l4.jpg","splash_img":"https://postercdn.net/splash/47xmagcnueuze2l4.jpg","size":"436207616","length":"416","duration":"PT6M56S","views":"5383","uploaded":"2023-08-20 08:04:24","last_view":"2023-08-20 08:04:24","api_source":"doodstream","kategori":"Video Mainan","page":114,"index":58}