{"filecode":"3vu49g51u5se","title":"Bugilin Pacarku Di Kost Masih Malu Bokepss Com Simontok Bokepsatset Asupan Viral","deskripsi":"Nonton Bugilin Pacarku Di Kost Masih Malu Bokepss Com Simontok Bokepsatset Asupan Viral gratis. Ukuran File: 1.08 GB, Durasi: 18:28. Populer: 15513 tayangan. Diunggah pada 2023-09-03 13:06:09 melalui doodstream. Kata Kunci Terkait: .","tag":null,"protected_embed":"https://dodl.pages.dev/3vu49g51u5se","protected_dl":"https://myvidplay.com/d/3vu49g51u5se","single_img":"https://postercdn.net/snaps/tetmbnfsnmuhhoep.jpg","splash_img":"https://postercdn.net/splash/tetmbnfsnmuhhoep.jpg","size":"1161822208","length":"1108","duration":"PT18M28S","views":"15513","uploaded":"2023-09-03 13:06:09","last_view":"2023-09-03 13:06:09","api_source":"doodstream","kategori":"Video Viral","page":111,"index":10}