{"filecode":"3vub81n7l6eu","title":"Bokep Baby Zhu Bacol Idaman Toket Toge Toketbagus Bokepsin Jilbab Video Indo","deskripsi":"Nonton Bokep Baby Zhu Bacol Idaman Toket Toge Toketbagus Bokepsin Jilbab Video Indo gratis. Ukuran File: 842.00 MB, Durasi: 14:02. Populer: 323 tayangan. Diunggah pada 2024-08-08 02:06:19 melalui doodstream. Kata Kunci Terkait: .","tag":null,"protected_embed":"https://dodl.pages.dev/3vub81n7l6eu","protected_dl":"https://myvidplay.com/d/3vub81n7l6eu","single_img":"https://postercdn.net/snaps/bofkvffcvnfuh7qa.jpg","splash_img":"https://postercdn.net/splash/bofkvffcvnfuh7qa.jpg","size":"882900992","length":"842","duration":"PT14M2S","views":"323","uploaded":"2024-08-08 02:06:19","last_view":"2024-08-08 02:06:19","api_source":"doodstream","kategori":"Video Indo","page":39,"index":83}