{"filecode":"3vujamcfmuax","title":"Sabrina Colmek Bebasindo Pejuang Lendir Doodstreem Bokepsatset Full Album","deskripsi":"Nonton Sabrina Colmek Bebasindo Pejuang Lendir Doodstreem Bokepsatset Full Album gratis. Ukuran File: 998.00 MB, Durasi: 16:38. Populer: 382 tayangan. Diunggah pada 2023-10-07 20:58:32 melalui doodstream. Kata Kunci Terkait: .","tag":null,"protected_embed":"https://dodl.pages.dev/3vujamcfmuax","protected_dl":"https://myvidplay.com/d/3vujamcfmuax","single_img":"https://postercdn.net/snaps/xwiqo9n8xkbw7suf.jpg","splash_img":"https://postercdn.net/splash/xwiqo9n8xkbw7suf.jpg","size":"1046478848","length":"998","duration":"PT16M38S","views":"382","uploaded":"2023-10-07 20:58:32","last_view":"2023-10-07 20:58:32","api_source":"doodstream","kategori":"Video Colmek","page":101,"index":114}