{"filecode":"3vuooculrm2o","title":"Bokep Skandal Cewek Sma Ngentot Di Hutan Pejuang Lendir Doostream Bokepsatset Dodstream","deskripsi":"Nonton Bokep Skandal Cewek Sma Ngentot Di Hutan Pejuang Lendir Doostream Bokepsatset Dodstream gratis. Ukuran File: 318.00 MB, Durasi: 05:18. Populer: 1962 tayangan. Diunggah pada 2024-09-14 17:40:41 melalui doodstream. Kata Kunci Terkait: .","tag":null,"protected_embed":"https://dodl.pages.dev/3vuooculrm2o","protected_dl":"https://myvidplay.com/d/3vuooculrm2o","single_img":"https://postercdn.net/snaps/q5k121d88ky4gdsp.jpg","splash_img":"https://postercdn.net/splash/q5k121d88ky4gdsp.jpg","size":"333447168","length":"318","duration":"PT5M18S","views":"1962","uploaded":"2024-09-14 17:40:41","last_view":"2024-09-14 17:40:41","api_source":"doodstream","kategori":"Video Sma","page":35,"index":71}