{"filecode":"3vy2107lqwp9","title":"Main Sama Bunda Semok Mantap Bbw Dood Bebasindo Toketbagus Doodstreem Tele","deskripsi":"Nonton Main Sama Bunda Semok Mantap Bbw Dood Bebasindo Toketbagus Doodstreem Tele gratis. Ukuran File: 671.00 MB, Durasi: 11:11. Populer: 3648 tayangan. Diunggah pada 2023-12-15 18:59:05 melalui doodstream. Kata Kunci Terkait: .","tag":null,"protected_embed":"https://dodl.pages.dev/3vy2107lqwp9","protected_dl":"https://myvidplay.com/d/3vy2107lqwp9","single_img":"https://postercdn.net/snaps/7kgq5mjh7x5sr1tc.jpg","splash_img":"https://postercdn.net/splash/7kgq5mjh7x5sr1tc.jpg","size":"703594496","length":"671","duration":"PT11M11S","views":"3648","uploaded":"2023-12-15 18:59:05","last_view":"2023-12-15 18:59:05","api_source":"doodstream","kategori":"Video Dood","page":70,"index":38}