{"filecode":"3vyaxxq7a8nz","title":"Cantik Toge Mulus Colmek Lagi Sange Bokep Indo Viral Pejuang Lendir Pekoblive","deskripsi":"Nonton Cantik Toge Mulus Colmek Lagi Sange Bokep Indo Viral Pejuang Lendir Pekoblive gratis. Ukuran File: 300.00 MB, Durasi: 05:00. Populer: 7441 tayangan. Diunggah pada 2023-08-26 13:28:10 melalui doodstream. Kata Kunci Terkait: .","tag":null,"protected_embed":"https://dodl.pages.dev/3vyaxxq7a8nz","protected_dl":"https://myvidplay.com/d/3vyaxxq7a8nz","single_img":"https://postercdn.net/snaps/lsnvsl9wfyp8krsf.jpg","splash_img":"https://postercdn.net/splash/lsnvsl9wfyp8krsf.jpg","size":"314572800","length":"300","duration":"PT5M","views":"7441","uploaded":"2023-08-26 13:28:10","last_view":"2023-08-26 13:28:10","api_source":"doodstream","kategori":"Video Viral","page":112,"index":120}