{"filecode":"3vz5oozekoh4","title":"Kakek Dogy Abg Bokep Dood Popstream Doodstreem Video","deskripsi":"Nonton Kakek Dogy Abg Bokep Dood Popstream Doodstreem Video gratis. Ukuran File: 99.00 MB, Durasi: 01:39. Populer: 6290 tayangan. Diunggah pada 2023-12-25 02:25:45 melalui doodstream. Kata Kunci Terkait: .","tag":null,"protected_embed":"https://dodl.pages.dev/3vz5oozekoh4","protected_dl":"https://myvidplay.com/d/3vz5oozekoh4","single_img":"https://postercdn.net/snaps/wj9xthck1n5cuprj.jpg","splash_img":"https://postercdn.net/splash/wj9xthck1n5cuprj.jpg","size":"103809024","length":"99","duration":"PT1M39S","views":"6290","uploaded":"2023-12-25 02:25:45","last_view":"2023-12-25 02:25:45","api_source":"doodstream","kategori":"Video Dood","page":66,"index":118}