{"filecode":"tp0ont3atubq","title":"Bokep Indo Abg Smp Cantik Colok Meki Memeksiana Video Toketbagus Downloader Lulustream","deskripsi":"Nonton Bokep Indo Abg Smp Cantik Colok Meki Memeksiana Video Toketbagus Downloader Lulustream gratis. Ukuran File: 180.00 MB, Durasi: 03:00. Populer: 842 tayangan. Diunggah pada 2024-09-10 06:52:23 melalui doodstream. Kata Kunci Terkait: .","tag":null,"protected_embed":"https://dodl.pages.dev/tp0ont3atubq","protected_dl":"https://myvidplay.com/d/tp0ont3atubq","single_img":"https://postercdn.net/snaps/dfkvdy0fnt4uz1zh.jpg","splash_img":"https://postercdn.net/splash/dfkvdy0fnt4uz1zh.jpg","size":"188743680","length":"180","duration":"PT3M","views":"842","uploaded":"2024-09-10 06:52:23","last_view":"2024-09-10 06:52:23","api_source":"doodstream","kategori":"Video Indo","page":36,"index":34}