{"filecode":"tp3i5ktfuizh","title":"Ghea Smp Ngentot Xpanas Video Bokep Poophd Doodsflix","deskripsi":"Nonton Ghea Smp Ngentot Xpanas Video Bokep Poophd Doodsflix gratis. Ukuran File: 175.00 MB, Durasi: 02:55. Populer: 926 tayangan. Diunggah pada 2025-08-09 16:14:36 melalui lulustream. Kata Kunci Terkait: .","tag":null,"protected_embed":"https://luvluv.pages.dev/tp3i5ktfuizh","protected_dl":"https://lulustream.com/d/tp3i5ktfuizh","single_img":"https://img.lulucdn.com/tp3i5ktfuizh_t.jpg","splash_img":"https://img.lulucdn.com/tp3i5ktfuizh_xt.jpg","size":"183500800","length":"175","duration":"PT2M55S","views":926,"uploaded":"2025-08-09 16:14:36","last_view":"2025-08-09 16:14:36","api_source":"lulustream","kategori":"Video Bokep","page":12,"index":175}