{"filecode":"tp3w5vvv43tz","title":"Viral Farid Sama Putri Staklam Memeksiana Poophd Video Bokep","deskripsi":"Nonton Viral Farid Sama Putri Staklam Memeksiana Poophd Video Bokep gratis. Ukuran File: 169.00 MB, Durasi: 02:49. Populer: 1040 tayangan. Diunggah pada 2023-09-02 09:06:19 melalui doodstream. Kata Kunci Terkait: .","tag":null,"protected_embed":"https://dodl.pages.dev/tp3w5vvv43tz","protected_dl":"https://myvidplay.com/d/tp3w5vvv43tz","single_img":"https://postercdn.net/snaps/aj0nbdsx07jqkwdh.jpg","splash_img":"https://postercdn.net/splash/aj0nbdsx07jqkwdh.jpg","size":"177209344","length":"169","duration":"PT2M49S","views":"1040","uploaded":"2023-09-02 09:06:19","last_view":"2023-09-02 09:06:19","api_source":"doodstream","kategori":"Video Viral","page":111,"index":39}