{"filecode":"tp6japu649us","title":"Meimei Chan Bokep Live Fc Indonesia Link Web Doodflix Full Album Bokepsatset","deskripsi":"Nonton Meimei Chan Bokep Live Fc Indonesia Link Web Doodflix Full Album Bokepsatset gratis. Ukuran File: 563.00 MB, Durasi: 09:23. Populer: 117 tayangan. Diunggah pada 2025-09-20 18:03:23 melalui lulustream. Kata Kunci Terkait: .","tag":null,"protected_embed":"https://luvluv.pages.dev/tp6japu649us","protected_dl":"https://lulustream.com/d/tp6japu649us","single_img":"https://img.lulucdn.com/tp6japu649us_t.jpg","splash_img":"https://img.lulucdn.com/tp6japu649us_xt.jpg","size":"590348288","length":"563","duration":"PT9M23S","views":117,"uploaded":"2025-09-20 18:03:23","last_view":"2025-09-20 18:03:23","api_source":"lulustream","kategori":"Video Indonesia","page":11,"index":107}