{"filecode":"tpay9cn69w29","title":"Rain Hijab Live Sepong Kontol Bokep Indo Viral Jilbab Simontok Cilbo Pejuang","deskripsi":"Nonton Rain Hijab Live Sepong Kontol Bokep Indo Viral Jilbab Simontok Cilbo Pejuang gratis. Ukuran File: 2.72 GB, Durasi: 46:27. Populer: 1100 tayangan. Diunggah pada 2023-11-14 00:41:04 melalui doodstream. Kata Kunci Terkait: .","tag":null,"protected_embed":"https://dodl.pages.dev/tpay9cn69w29","protected_dl":"https://myvidplay.com/d/tpay9cn69w29","single_img":"https://postercdn.net/snaps/hwg4yi2kuex9obxw.jpg","splash_img":"https://postercdn.net/splash/hwg4yi2kuex9obxw.jpg","size":"2922381312","length":"2787","duration":"PT46M27S","views":"1100","uploaded":"2023-11-14 00:41:04","last_view":"2023-11-14 00:41:04","api_source":"doodstream","kategori":"Video Hijab","page":83,"index":137}