{"filecode":"tpbl4ab1fp4h","title":"Bocil Website Doods Pro Link Web Lagi Viral Asupan","deskripsi":"Nonton Bocil Website Doods Pro Link Web Lagi Viral Asupan gratis. Ukuran File: 102.00 MB, Durasi: 01:42. Populer: 328 tayangan. Diunggah pada 2025-09-20 18:00:42 melalui lulustream. Kata Kunci Terkait: .","tag":null,"protected_embed":"https://luvluv.pages.dev/tpbl4ab1fp4h","protected_dl":"https://lulustream.com/d/tpbl4ab1fp4h","single_img":"https://img.lulucdn.com/tpbl4ab1fp4h_t.jpg","splash_img":"https://img.lulucdn.com/tpbl4ab1fp4h_xt.jpg","size":"106954752","length":"102","duration":"PT1M42S","views":328,"uploaded":"2025-09-20 18:00:42","last_view":"2025-09-20 18:00:42","api_source":"lulustream","kategori":"Video Viral","page":11,"index":155}