{"filecode":"tpe3gwcrbhb3","title":"Pelan Aja Yang Popstream Cantik Tobrut Bokepsin Live Bokep","deskripsi":"Nonton Pelan Aja Yang Popstream Cantik Tobrut Bokepsin Live Bokep gratis. Ukuran File: 63.00 MB, Durasi: 01:03. Populer: 838 tayangan. Diunggah pada 2025-01-20 05:05:28 melalui doodstream. Kata Kunci Terkait: .","tag":null,"protected_embed":"https://dodl.pages.dev/tpe3gwcrbhb3","protected_dl":"https://myvidplay.com/d/tpe3gwcrbhb3","single_img":"https://postercdn.net/snaps/ekk2ilpi3msfn49k.jpg","splash_img":"https://postercdn.net/splash/ekk2ilpi3msfn49k.jpg","size":"66060288","length":"63","duration":"PT1M3S","views":"838","uploaded":"2025-01-20 05:05:28","last_view":"2025-01-20 05:05:28","api_source":"doodstream","kategori":"Video Bokep","page":16,"index":150}