{"filecode":"tpg9hdg0t3yc","title":"Indonesian Massage Parlor Girl With Client Twitter Indonesia Dodstream Dood Tele Tobrut","deskripsi":"Nonton Indonesian Massage Parlor Girl With Client Twitter Indonesia Dodstream Dood Tele Tobrut gratis. Ukuran File: 445.00 MB, Durasi: 07:25. Populer: 142 tayangan. Diunggah pada 2024-05-08 15:33:39 melalui doodstream. Kata Kunci Terkait: .","tag":null,"protected_embed":"https://dodl.pages.dev/tpg9hdg0t3yc","protected_dl":"https://myvidplay.com/d/tpg9hdg0t3yc","single_img":"https://postercdn.net/snaps/eowzs1yy88pu0nmg.jpg","splash_img":"https://postercdn.net/splash/eowzs1yy88pu0nmg.jpg","size":"466616320","length":"445","duration":"PT7M25S","views":"142","uploaded":"2024-05-08 15:33:39","last_view":"2024-05-08 15:33:39","api_source":"doodstream","kategori":"Video Indonesia","page":44,"index":171}