{"filecode":"tphiwaykwtcy","title":"Bokep Indo Pap Tt Gede Hd Ee Memek Dood Stream","deskripsi":"Nonton Bokep Indo Pap Tt Gede Hd Ee Memek Dood Stream gratis. Ukuran File: 212.00 MB, Durasi: 03:32. Populer: 166 tayangan. Diunggah pada 2025-01-28 10:11:12 melalui doodstream. Kata Kunci Terkait: .","tag":null,"protected_embed":"https://dodl.pages.dev/tphiwaykwtcy","protected_dl":"https://myvidplay.com/d/tphiwaykwtcy","single_img":"https://postercdn.net/snaps/33ayfbtxzlqz0xkj.jpg","splash_img":"https://postercdn.net/splash/33ayfbtxzlqz0xkj.jpg","size":"222298112","length":"212","duration":"PT3M32S","views":"166","uploaded":"2025-01-28 10:11:12","last_view":"2025-01-28 10:11:12","api_source":"doodstream","kategori":"Video Indo","page":16,"index":20}