{"filecode":"tpioql7emz2h","title":"Bokep Indo Takut Ketauan Suami Asupan Viral Simontok Doodstreem Memeksiana","deskripsi":"Nonton Bokep Indo Takut Ketauan Suami Asupan Viral Simontok Doodstreem Memeksiana gratis. Ukuran File: 327.00 MB, Durasi: 05:27. Populer: 1602 tayangan. Diunggah pada 2024-11-22 03:57:52 melalui doodstream. Kata Kunci Terkait: .","tag":null,"protected_embed":"https://dodl.pages.dev/tpioql7emz2h","protected_dl":"https://myvidplay.com/d/tpioql7emz2h","single_img":"https://postercdn.net/snaps/zpzl9onx7zf4c6nz.jpg","splash_img":"https://postercdn.net/splash/zpzl9onx7zf4c6nz.jpg","size":"342884352","length":"327","duration":"PT5M27S","views":"1602","uploaded":"2024-11-22 03:57:52","last_view":"2024-11-22 03:57:52","api_source":"doodstream","kategori":"Video Viral","page":31,"index":11}