{"filecode":"tpjjrl0ho8if","title":"Bokep Indo Ngentot Pembantu Tetek Besar Saat Sepi Bokepsin Com Tiktok Yakwad","deskripsi":"Nonton Bokep Indo Ngentot Pembantu Tetek Besar Saat Sepi Bokepsin Com Tiktok Yakwad gratis. Ukuran File: 360.00 MB, Durasi: 06:00. Populer: 5904 tayangan. Diunggah pada 2023-10-10 18:49:13 melalui doodstream. Kata Kunci Terkait: .","tag":null,"protected_embed":"https://dodl.pages.dev/tpjjrl0ho8if","protected_dl":"https://myvidplay.com/d/tpjjrl0ho8if","single_img":"https://postercdn.net/snaps/xp73vvgfffnt2w6w.jpg","splash_img":"https://postercdn.net/splash/xp73vvgfffnt2w6w.jpg","size":"377487360","length":"360","duration":"PT6M","views":"5904","uploaded":"2023-10-10 18:49:13","last_view":"2023-10-10 18:49:13","api_source":"doodstream","kategori":"Video Indo","page":99,"index":141}