{"filecode":"tpn8ktiyzcc3","title":"Janda Kembang Part Yakwad Xpanas Dood Tobrut Doostream","deskripsi":"Nonton Janda Kembang Part Yakwad Xpanas Dood Tobrut Doostream gratis. Ukuran File: 186.00 MB, Durasi: 03:06. Populer: 3654 tayangan. Diunggah pada 2023-06-17 10:47:40 melalui doodstream. Kata Kunci Terkait: .","tag":null,"protected_embed":"https://dodl.pages.dev/tpn8ktiyzcc3","protected_dl":"https://myvidplay.com/d/tpn8ktiyzcc3","single_img":"https://postercdn.net/snaps/wgoyotvzgo7wr67j.jpg","splash_img":"https://postercdn.net/splash/wgoyotvzgo7wr67j.jpg","size":"195035136","length":"186","duration":"PT3M6S","views":"3654","uploaded":"2023-06-17 10:47:40","last_view":"2023-06-17 10:47:40","api_source":"doodstream","kategori":"Video Dood","page":135,"index":6}