{"filecode":"tpp5vaypsj6z","title":"Bokep Pov Feral Berryy Cewek Sange Ngentot Anal Links Doodsflix Dood Bebasindo","deskripsi":"Nonton Bokep Pov Feral Berryy Cewek Sange Ngentot Anal Links Doodsflix Dood Bebasindo gratis. Ukuran File: 544.00 MB, Durasi: 09:04. Populer: 579 tayangan. Diunggah pada 2024-02-08 12:02:38 melalui doodstream. Kata Kunci Terkait: .","tag":null,"protected_embed":"https://dodl.pages.dev/tpp5vaypsj6z","protected_dl":"https://myvidplay.com/d/tpp5vaypsj6z","single_img":"https://postercdn.net/snaps/v50hfoky8iisjij0.jpg","splash_img":"https://postercdn.net/splash/v50hfoky8iisjij0.jpg","size":"570425344","length":"544","duration":"PT9M4S","views":"579","uploaded":"2024-02-08 12:02:38","last_view":"2024-02-08 12:02:38","api_source":"doodstream","kategori":"Video Dood","page":58,"index":160}