{"filecode":"tpslgct4pofl","title":"Anindia Tobrut Part Doodflix Lulustream Video Viral Asupan Bokepsin","deskripsi":"Nonton Anindia Tobrut Part Doodflix Lulustream Video Viral Asupan Bokepsin gratis. Ukuran File: 92.00 MB, Durasi: 01:32. Populer: 653 tayangan. Diunggah pada 2025-10-17 21:13:21 melalui doodstream. Kata Kunci Terkait: .","tag":null,"protected_embed":"https://dodl.pages.dev/tpslgct4pofl","protected_dl":"https://myvidplay.com/d/tpslgct4pofl","single_img":"https://postercdn.net/snaps/yxjrla4svqkag6rh.jpg","splash_img":"https://postercdn.net/splash/yxjrla4svqkag6rh.jpg","size":"96468992","length":"92","duration":"PT1M32S","views":"653","uploaded":"2025-10-17 21:13:21","last_view":"2025-10-17 21:13:21","api_source":"doodstream","kategori":"Video Viral","page":8,"index":120}