{"filecode":"tpsqbfc84cc4","title":"Bokep Ts Nanda Jakarta Prank Kurir Ojol Bj Xbokep Fb Downloader Viral","deskripsi":"Nonton Bokep Ts Nanda Jakarta Prank Kurir Ojol Bj Xbokep Fb Downloader Viral gratis. Ukuran File: 259.00 MB, Durasi: 04:19. Populer: 1290 tayangan. Diunggah pada 2023-12-11 12:36:38 melalui doodstream. Kata Kunci Terkait: .","tag":null,"protected_embed":"https://dodl.pages.dev/tpsqbfc84cc4","protected_dl":"https://myvidplay.com/d/tpsqbfc84cc4","single_img":"https://postercdn.net/snaps/d0ee0ojdb94arexf.jpg","splash_img":"https://postercdn.net/splash/d0ee0ojdb94arexf.jpg","size":"271581184","length":"259","duration":"PT4M19S","views":"1290","uploaded":"2023-12-11 12:36:38","last_view":"2023-12-11 12:36:38","api_source":"doodstream","kategori":"Video Viral","page":73,"index":35}