{"filecode":"tpu15720x1hv","title":"Bokep Indo Bocil Barbar Colmek Pake Ujung Sapu Video Sma Dood Bokepind","deskripsi":"Nonton Bokep Indo Bocil Barbar Colmek Pake Ujung Sapu Video Sma Dood Bokepind gratis. Ukuran File: 141.00 MB, Durasi: 02:21. Populer: 3547 tayangan. Diunggah pada 2024-09-14 17:41:33 melalui doodstream. Kata Kunci Terkait: .","tag":null,"protected_embed":"https://dodl.pages.dev/tpu15720x1hv","protected_dl":"https://myvidplay.com/d/tpu15720x1hv","single_img":"https://postercdn.net/snaps/suruyvg8zxmsc6f2.jpg","splash_img":"https://postercdn.net/splash/suruyvg8zxmsc6f2.jpg","size":"147849216","length":"141","duration":"PT2M21S","views":"3547","uploaded":"2024-09-14 17:41:33","last_view":"2024-09-14 17:41:33","api_source":"doodstream","kategori":"Video Indo","page":34,"index":80}