{"filecode":"tpwmmhqlp1o3","title":"Bokep Indo Bocil Sange Ngangkang Colmek Sambil Berdiri Bokepind Full Album Bebasindo","deskripsi":"Nonton Bokep Indo Bocil Sange Ngangkang Colmek Sambil Berdiri Bokepind Full Album Bebasindo gratis. Ukuran File: 188.00 MB, Durasi: 03:08. Populer: 4262 tayangan. Diunggah pada 2024-02-13 07:36:37 melalui doodstream. Kata Kunci Terkait: .","tag":null,"protected_embed":"https://dodl.pages.dev/tpwmmhqlp1o3","protected_dl":"https://myvidplay.com/d/tpwmmhqlp1o3","single_img":"https://postercdn.net/snaps/xmvb81z20qr2zahs.jpg","splash_img":"https://postercdn.net/splash/xmvb81z20qr2zahs.jpg","size":"197132288","length":"188","duration":"PT3M8S","views":"4262","uploaded":"2024-02-13 07:36:37","last_view":"2024-02-13 07:36:37","api_source":"doodstream","kategori":"Video Indo","page":57,"index":25}