{"filecode":"7s4fbjow9d6t","title":"Sewa Lonte Montok Mulus Dood Stream Poop Hd Jilbab Lulustream Live Asupan","deskripsi":"Nonton Sewa Lonte Montok Mulus Dood Stream Poop Hd Jilbab Lulustream Live Asupan gratis. Ukuran File: 373.00 MB, Durasi: 06:13. Populer: 1117 tayangan. Diunggah pada 2023-11-09 19:13:50 melalui doodstream. Kata Kunci Terkait: .","tag":null,"protected_embed":"https://dodl.pages.dev/7s4fbjow9d6t","protected_dl":"https://myvidplay.com/d/7s4fbjow9d6t","single_img":"https://postercdn.net/snaps/rephmjccxtyihgz9.jpg","splash_img":"https://postercdn.net/splash/rephmjccxtyihgz9.jpg","size":"391118848","length":"373","duration":"PT6M13S","views":"1117","uploaded":"2023-11-09 19:13:50","last_view":"2023-11-09 19:13:50","api_source":"doodstream","kategori":"Video Lulustream","page":85,"index":18}