{"filecode":"7s5oxy1g1186","title":"Bokep Barat Cobain Big Black Cock Streaming Doodsflix Simontok Doods Pro Popstream","deskripsi":"Nonton Bokep Barat Cobain Big Black Cock Streaming Doodsflix Simontok Doods Pro Popstream gratis. Ukuran File: 742.00 MB, Durasi: 12:22. Populer: 352 tayangan. Diunggah pada 2024-11-22 03:55:16 melalui doodstream. Kata Kunci Terkait: .","tag":null,"protected_embed":"https://dodl.pages.dev/7s5oxy1g1186","protected_dl":"https://myvidplay.com/d/7s5oxy1g1186","single_img":"https://postercdn.net/snaps/3p0auwc7byad5a2o.jpg","splash_img":"https://postercdn.net/splash/3p0auwc7byad5a2o.jpg","size":"778043392","length":"742","duration":"PT12M22S","views":"352","uploaded":"2024-11-22 03:55:16","last_view":"2024-11-22 03:55:16","api_source":"doodstream","kategori":"Video Barat","page":32,"index":6}