{"filecode":"7s6qraj00ag1","title":"Bokep Indo Jilbab Kacamata Tobrut Pemuas Nafsu Birahi Bokepsin Doodsflix Full Album","deskripsi":"Nonton Bokep Indo Jilbab Kacamata Tobrut Pemuas Nafsu Birahi Bokepsin Doodsflix Full Album gratis. Ukuran File: 633.00 MB, Durasi: 10:33. Populer: 2651 tayangan. Diunggah pada 2024-01-04 10:33:38 melalui doodstream. Kata Kunci Terkait: .","tag":null,"protected_embed":"https://dodl.pages.dev/7s6qraj00ag1","protected_dl":"https://myvidplay.com/d/7s6qraj00ag1","single_img":"https://postercdn.net/snaps/winx5t2cswn6by5t.jpg","splash_img":"https://postercdn.net/splash/winx5t2cswn6by5t.jpg","size":"663748608","length":"633","duration":"PT10M33S","views":"2651","uploaded":"2024-01-04 10:33:38","last_view":"2024-01-04 10:33:38","api_source":"doodstream","kategori":"Video Indo","page":64,"index":196}