{"filecode":"7s71e9njlf3a","title":"Abg Nakal Bikin Video Mesum Bokep Indo Viral Staklam Poophd Dood Doods","deskripsi":"Nonton Abg Nakal Bikin Video Mesum Bokep Indo Viral Staklam Poophd Dood Doods gratis. Ukuran File: 124.00 MB, Durasi: 02:04. Populer: 1202 tayangan. Diunggah pada 2023-10-17 08:47:09 melalui doodstream. Kata Kunci Terkait: .","tag":null,"protected_embed":"https://dodl.pages.dev/7s71e9njlf3a","protected_dl":"https://myvidplay.com/d/7s71e9njlf3a","single_img":"https://postercdn.net/snaps/u98n5s729ke3omev.jpg","splash_img":"https://postercdn.net/splash/u98n5s729ke3omev.jpg","size":"130023424","length":"124","duration":"PT2M4S","views":"1202","uploaded":"2023-10-17 08:47:09","last_view":"2023-10-17 08:47:09","api_source":"doodstream","kategori":"Video Viral","page":96,"index":14}