{"filecode":"7s73osgklva5","title":"Kayesha Update Terbarunya Doods Pro Telegram Ful Album Lokal Video Bokep","deskripsi":"Nonton Kayesha Update Terbarunya Doods Pro Telegram Ful Album Lokal Video Bokep gratis. Ukuran File: 437.00 MB, Durasi: 07:17. Populer: 206 tayangan. Diunggah pada 2025-10-20 09:01:56 melalui doodstream. Kata Kunci Terkait: .","tag":null,"protected_embed":"https://dodl.pages.dev/7s73osgklva5","protected_dl":"https://myvidplay.com/d/7s73osgklva5","single_img":"https://postercdn.net/snaps/qpdpz42vrroy8rvj.jpg","splash_img":"https://postercdn.net/splash/qpdpz42vrroy8rvj.jpg","size":"458227712","length":"437","duration":"PT7M17S","views":"206","uploaded":"2025-10-20 09:01:56","last_view":"2025-10-20 09:01:56","api_source":"doodstream","kategori":"Video Lokal","page":6,"index":11}