{"filecode":"7s9pxo378qw6","title":"Asiansexdiary Nate Part Staklam Jilbab Doodsflix Bokep31 Doodstream","deskripsi":"Nonton Asiansexdiary Nate Part Staklam Jilbab Doodsflix Bokep31 Doodstream gratis. Ukuran File: 1.87 GB, Durasi: 31:50. Populer: 539 tayangan. Diunggah pada 2023-08-07 22:44:25 melalui doodstream. Kata Kunci Terkait: .","tag":null,"protected_embed":"https://dodl.pages.dev/7s9pxo378qw6","protected_dl":"https://myvidplay.com/d/7s9pxo378qw6","single_img":"https://postercdn.net/snaps/26oiphgyvt20eh8c.jpg","splash_img":"https://postercdn.net/splash/26oiphgyvt20eh8c.jpg","size":"2002780160","length":"1910","duration":"PT31M50S","views":"539","uploaded":"2023-08-07 22:44:25","last_view":"2023-08-07 22:44:25","api_source":"doodstream","kategori":"Video Doodstream","page":120,"index":9}