{"filecode":"7scspltoupbc","title":"Bbff Me Vids Genjotan Janda Monttok Mulus Doostream Terupdate Doodstreem Jilbab Bochiel","deskripsi":"Nonton Bbff Me Vids Genjotan Janda Monttok Mulus Doostream Terupdate Doodstreem Jilbab Bochiel gratis. Ukuran File: 3.13 GB, Durasi: 53:29. Populer: 3191 tayangan. Diunggah pada 2023-09-30 22:34:24 melalui doodstream. Kata Kunci Terkait: .","tag":null,"protected_embed":"https://dodl.pages.dev/7scspltoupbc","protected_dl":"https://myvidplay.com/d/7scspltoupbc","single_img":"https://postercdn.net/snaps/82gfbafjj3ucgfnn.jpg","splash_img":"https://postercdn.net/splash/82gfbafjj3ucgfnn.jpg","size":"3364880384","length":"3209","duration":"PT53M29S","views":"3191","uploaded":"2023-09-30 22:34:24","last_view":"2023-09-30 22:34:24","api_source":"doodstream","kategori":"Video Janda","page":107,"index":120}