{"filecode":"7se0fkmjewz3","title":"Rosa Makin Cakep Binal Pose Ngangkang Bokepss Com Simontok Links Bokepsin Staklam","deskripsi":"Nonton Rosa Makin Cakep Binal Pose Ngangkang Bokepss Com Simontok Links Bokepsin Staklam gratis. Ukuran File: 596.00 MB, Durasi: 09:56. Populer: 1567 tayangan. Diunggah pada 2023-09-03 13:05:58 melalui doodstream. Kata Kunci Terkait: .","tag":null,"protected_embed":"https://dodl.pages.dev/7se0fkmjewz3","protected_dl":"https://myvidplay.com/d/7se0fkmjewz3","single_img":"https://postercdn.net/snaps/412rz8cxawiu8r7c.jpg","splash_img":"https://postercdn.net/splash/412rz8cxawiu8r7c.jpg","size":"624951296","length":"596","duration":"PT9M56S","views":"1567","uploaded":"2023-09-03 13:05:58","last_view":"2023-09-03 13:05:58","api_source":"doodstream","kategori":"Video Rosa","page":111,"index":14}