{"filecode":"7sex6tcf8mgc","title":"Bella Memeksiana Lulustream Ful Album Bokep Video Videos","deskripsi":"Nonton Bella Memeksiana Lulustream Ful Album Bokep Video Videos gratis. Ukuran File: 80.00 MB, Durasi: 01:20. Populer: 173 tayangan. Diunggah pada 2025-12-03 14:24:32 melalui doodstream. Kata Kunci Terkait: .","tag":null,"protected_embed":"https://dodl.pages.dev/7sex6tcf8mgc","protected_dl":"https://myvidplay.com/d/7sex6tcf8mgc","single_img":"https://postercdn.net/snaps/ll0921owxi8m4sk7.jpg","splash_img":"https://postercdn.net/splash/ll0921owxi8m4sk7.jpg","size":"83886080","length":"80","duration":"PT1M20S","views":"173","uploaded":"2025-12-03 14:24:32","last_view":"2025-12-03 14:24:32","api_source":"doodstream","kategori":"Video Lulustream","page":1,"index":199}