{"filecode":"7shjmjb8ikxw","title":"Video Seks Pertama Bareng Adik Ipar Memek Sempit X Hamster Live Bokepsin","deskripsi":"Nonton Video Seks Pertama Bareng Adik Ipar Memek Sempit X Hamster Live Bokepsin gratis. Ukuran File: 412.00 MB, Durasi: 06:52. Populer: 1366 tayangan. Diunggah pada 2025-10-08 07:52:04 melalui lulustream. Kata Kunci Terkait: .","tag":null,"protected_embed":"https://luvluv.pages.dev/7shjmjb8ikxw","protected_dl":"https://lulustream.com/d/7shjmjb8ikxw","single_img":"https://img.lulucdn.com/7shjmjb8ikxw_t.jpg","splash_img":"https://img.lulucdn.com/7shjmjb8ikxw_xt.jpg","size":"432013312","length":"412","duration":"PT6M52S","views":1366,"uploaded":"2025-10-08 07:52:04","last_view":"2025-10-08 07:52:04","api_source":"lulustream","kategori":"Video Live","page":10,"index":124}