{"filecode":"7shohxdyngeq","title":"Jatah Mantan Minta Jilat Kontol Update Doods Pro Bochiel Toketbagus Doodstream","deskripsi":"Nonton Jatah Mantan Minta Jilat Kontol Update Doods Pro Bochiel Toketbagus Doodstream gratis. Ukuran File: 103.00 MB, Durasi: 01:43. Populer: 1055 tayangan. Diunggah pada 2023-11-07 20:30:42 melalui doodstream. Kata Kunci Terkait: .","tag":null,"protected_embed":"https://dodl.pages.dev/7shohxdyngeq","protected_dl":"https://myvidplay.com/d/7shohxdyngeq","single_img":"https://postercdn.net/snaps/do4v93j16xveajmw.jpg","splash_img":"https://postercdn.net/splash/do4v93j16xveajmw.jpg","size":"108003328","length":"103","duration":"PT1M43S","views":"1055","uploaded":"2023-11-07 20:30:42","last_view":"2023-11-07 20:30:42","api_source":"doodstream","kategori":"Video Doodstream","page":86,"index":9}