{"filecode":"7sirxyz8x0tp","title":"Artis Indo Viral Selebriti Bokepin Link Web Live Telegram","deskripsi":"Nonton Artis Indo Viral Selebriti Bokepin Link Web Live Telegram gratis. Ukuran File: 30.00 MB, Durasi: 00:30. Populer: 1707 tayangan. Diunggah pada 2024-01-21 14:32:44 melalui doodstream. Kata Kunci Terkait: .","tag":null,"protected_embed":"https://dodl.pages.dev/7sirxyz8x0tp","protected_dl":"https://myvidplay.com/d/7sirxyz8x0tp","single_img":"https://postercdn.net/snaps/jnj5e3qw8q8aoqd7.jpg","splash_img":"https://postercdn.net/splash/jnj5e3qw8q8aoqd7.jpg","size":"31457280","length":"30","duration":"PT30S","views":"1707","uploaded":"2024-01-21 14:32:44","last_view":"2024-01-21 14:32:44","api_source":"doodstream","kategori":"Video Viral","page":61,"index":63}