{"filecode":"7smmtlhisftf","title":"Bokep Lulu Chu Mendesah Dientot Kontol Besar Dood Asupan Viral Website Pemersatu","deskripsi":"Nonton Bokep Lulu Chu Mendesah Dientot Kontol Besar Dood Asupan Viral Website Pemersatu gratis. Ukuran File: 297.00 MB, Durasi: 04:57. Populer: 331 tayangan. Diunggah pada 2024-11-22 03:56:26 melalui doodstream. Kata Kunci Terkait: .","tag":null,"protected_embed":"https://dodl.pages.dev/7smmtlhisftf","protected_dl":"https://myvidplay.com/d/7smmtlhisftf","single_img":"https://postercdn.net/snaps/164xb8zsdfjord0k.jpg","splash_img":"https://postercdn.net/splash/164xb8zsdfjord0k.jpg","size":"311427072","length":"297","duration":"PT4M57S","views":"331","uploaded":"2024-11-22 03:56:26","last_view":"2024-11-22 03:56:26","api_source":"doodstream","kategori":"Video Viral","page":31,"index":180}