{"filecode":"7soeosrpsagz","title":"Lisa Pamer Pepaya Gantung Dood Stream Sotwe Ngentot Downloader Doods Pro Bokep","deskripsi":"Nonton Lisa Pamer Pepaya Gantung Dood Stream Sotwe Ngentot Downloader Doods Pro Bokep gratis. Ukuran File: 588.00 MB, Durasi: 09:48. Populer: 723 tayangan. Diunggah pada 2023-10-05 06:26:23 melalui doodstream. Kata Kunci Terkait: .","tag":null,"protected_embed":"https://dodl.pages.dev/7soeosrpsagz","protected_dl":"https://myvidplay.com/d/7soeosrpsagz","single_img":"https://postercdn.net/snaps/zlw2sureaa9jwkvr.jpg","splash_img":"https://postercdn.net/splash/zlw2sureaa9jwkvr.jpg","size":"616562688","length":"588","duration":"PT9M48S","views":"723","uploaded":"2023-10-05 06:26:23","last_view":"2023-10-05 06:26:23","api_source":"doodstream","kategori":"Video Dood","page":105,"index":10}