{"filecode":"7sqhh8u5o8f8","title":"Ngintip Gadis Hijab Di Toilet Bokep Indo Jilbab Viral Video Sma Bokepsin","deskripsi":"Nonton Ngintip Gadis Hijab Di Toilet Bokep Indo Jilbab Viral Video Sma Bokepsin gratis. Ukuran File: 116.00 MB, Durasi: 01:56. Populer: 2654 tayangan. Diunggah pada 2023-11-24 20:44:46 melalui doodstream. Kata Kunci Terkait: .","tag":null,"protected_embed":"https://dodl.pages.dev/7sqhh8u5o8f8","protected_dl":"https://myvidplay.com/d/7sqhh8u5o8f8","single_img":"https://postercdn.net/snaps/sx68sg06xuy74gij.jpg","splash_img":"https://postercdn.net/splash/sx68sg06xuy74gij.jpg","size":"121634816","length":"116","duration":"PT1M56S","views":"2654","uploaded":"2023-11-24 20:44:46","last_view":"2023-11-24 20:44:46","api_source":"doodstream","kategori":"Video Hijab","page":81,"index":91}