{"filecode":"7sr4qcr8ac95","title":"Zia Tiktokers Viral Full Video Dood Stream Bokep Sotwe Doostream Update Sma","deskripsi":"Nonton Zia Tiktokers Viral Full Video Dood Stream Bokep Sotwe Doostream Update Sma gratis. Ukuran File: 65.00 MB, Durasi: 01:05. Populer: 871 tayangan. Diunggah pada 2023-12-15 18:56:52 melalui doodstream. Kata Kunci Terkait: .","tag":null,"protected_embed":"https://dodl.pages.dev/7sr4qcr8ac95","protected_dl":"https://myvidplay.com/d/7sr4qcr8ac95","single_img":"https://postercdn.net/snaps/27alm5vhp2zy0sco.jpg","splash_img":"https://postercdn.net/splash/27alm5vhp2zy0sco.jpg","size":"68157440","length":"65","duration":"PT1M5S","views":"871","uploaded":"2023-12-15 18:56:52","last_view":"2023-12-15 18:56:52","api_source":"doodstream","kategori":"Video Viral","page":70,"index":70}