{"filecode":"7ssaxzrs6tol","title":"Garap Psk Muda Mirip Artis Bcl X Dood Stream Doodflix Memeksiana Telegram","deskripsi":"Nonton Garap Psk Muda Mirip Artis Bcl X Dood Stream Doodflix Memeksiana Telegram gratis. Ukuran File: 1.10 GB, Durasi: 18:50. Populer: 1178 tayangan. Diunggah pada 2024-03-09 07:51:13 melalui doodstream. Kata Kunci Terkait: .","tag":null,"protected_embed":"https://dodl.pages.dev/7ssaxzrs6tol","protected_dl":"https://myvidplay.com/d/7ssaxzrs6tol","single_img":"https://postercdn.net/snaps/6td184983ciq885p.jpg","splash_img":"https://postercdn.net/splash/6td184983ciq885p.jpg","size":"1184890880","length":"1130","duration":"PT18M50S","views":"1178","uploaded":"2024-03-09 07:51:13","last_view":"2024-03-09 07:51:13","api_source":"doodstream","kategori":"Video Dood","page":51,"index":68}