{"filecode":"7sstlg1pfzwf","title":"Bokep Indo Perawat Berhijab Telanjang Plus Ngentod Hijab Jilbab Masker Kacamata Menari","deskripsi":"Nonton Bokep Indo Perawat Berhijab Telanjang Plus Ngentod Hijab Jilbab Masker Kacamata Menari gratis. Ukuran File: 209.00 MB, Durasi: 03:29. Populer: 1426 tayangan. Diunggah pada 2024-03-07 16:21:37 melalui doodstream. Kata Kunci Terkait: .","tag":null,"protected_embed":"https://dodl.pages.dev/7sstlg1pfzwf","protected_dl":"https://myvidplay.com/d/7sstlg1pfzwf","single_img":"https://postercdn.net/snaps/apm6ziz007y3m7st.jpg","splash_img":"https://postercdn.net/splash/apm6ziz007y3m7st.jpg","size":"219152384","length":"209","duration":"PT3M29S","views":"1426","uploaded":"2024-03-07 16:21:37","last_view":"2024-03-07 16:21:37","api_source":"doodstream","kategori":"Video Hijab","page":53,"index":0}