{"filecode":"7sv2l6bhebm4","title":"Remas Toket Mungil Claudy Mahasiswi Yo Id Mango Asupan Viral Jilbab Bokepin","deskripsi":"Nonton Remas Toket Mungil Claudy Mahasiswi Yo Id Mango Asupan Viral Jilbab Bokepin gratis. Ukuran File: 696.00 MB, Durasi: 11:36. Populer: 174 tayangan. Diunggah pada 2024-08-31 04:44:22 melalui doodstream. Kata Kunci Terkait: .","tag":null,"protected_embed":"https://dodl.pages.dev/7sv2l6bhebm4","protected_dl":"https://myvidplay.com/d/7sv2l6bhebm4","single_img":"https://postercdn.net/snaps/ymtxf3ipdidq9dzn.jpg","splash_img":"https://postercdn.net/splash/ymtxf3ipdidq9dzn.jpg","size":"729808896","length":"696","duration":"PT11M36S","views":"174","uploaded":"2024-08-31 04:44:22","last_view":"2024-08-31 04:44:22","api_source":"doodstream","kategori":"Video Viral","page":38,"index":57}