{"filecode":"7svrbbic82rk","title":"Paksa Cici Ms Breewc Nyepong Ngewe Di Tangga Sangetube Dood Stream Telegram","deskripsi":"Nonton Paksa Cici Ms Breewc Nyepong Ngewe Di Tangga Sangetube Dood Stream Telegram gratis. Ukuran File: 381.00 MB, Durasi: 06:21. Populer: 994 tayangan. Diunggah pada 2023-08-21 17:26:01 melalui doodstream. Kata Kunci Terkait: .","tag":null,"protected_embed":"https://dodl.pages.dev/7svrbbic82rk","protected_dl":"https://myvidplay.com/d/7svrbbic82rk","single_img":"https://postercdn.net/snaps/b8wcdmvhwae4fqgz.jpg","splash_img":"https://postercdn.net/splash/b8wcdmvhwae4fqgz.jpg","size":"399507456","length":"381","duration":"PT6M21S","views":"994","uploaded":"2023-08-21 17:26:01","last_view":"2023-08-21 17:26:01","api_source":"doodstream","kategori":"Video Dood","page":113,"index":170}