{"filecode":"7sw0sj2c1svw","title":"Wanita Indonesia Online Didlo Order Rider Jackpot Viral Streaming Poophd Full Album","deskripsi":"Nonton Wanita Indonesia Online Didlo Order Rider Jackpot Viral Streaming Poophd Full Album gratis. Ukuran File: 656.00 MB, Durasi: 10:56. Populer: 5 tayangan. Diunggah pada 2026-01-10 06:47:41 melalui lulustream. Kata Kunci Terkait: .","tag":null,"protected_embed":"https://luvluv.pages.dev/7sw0sj2c1svw","protected_dl":"https://lulustream.com/d/7sw0sj2c1svw","single_img":"https://img.lulucdn.com/7sw0sj2c1svw_t.jpg","splash_img":"https://img.lulucdn.com/7sw0sj2c1svw_xt.jpg","size":"687865856","length":"656","duration":"PT10M56S","views":5,"uploaded":"2026-01-10 06:47:41","last_view":"2026-01-10 06:47:41","api_source":"lulustream","kategori":"Video Viral","page":1,"index":70}