{"filecode":"7swjio21jqce","title":"Ngentot Tante Di Sofa Crot Dalam Bokep Viral Terbaru Agenbokep Asupan Twitter","deskripsi":"Nonton Ngentot Tante Di Sofa Crot Dalam Bokep Viral Terbaru Agenbokep Asupan Twitter gratis. Ukuran File: 127.00 MB, Durasi: 02:07. Populer: 2346 tayangan. Diunggah pada 2023-10-15 07:57:49 melalui doodstream. Kata Kunci Terkait: .","tag":null,"protected_embed":"https://dodl.pages.dev/7swjio21jqce","protected_dl":"https://myvidplay.com/d/7swjio21jqce","single_img":"https://postercdn.net/snaps/njileg0w3hchz634.jpg","splash_img":"https://postercdn.net/splash/njileg0w3hchz634.jpg","size":"133169152","length":"127","duration":"PT2M7S","views":"2346","uploaded":"2023-10-15 07:57:49","last_view":"2023-10-15 07:57:49","api_source":"doodstream","kategori":"Video Viral","page":98,"index":31}