{"filecode":"7sxv9zqn03zu","title":"Bokep Indo Belajar Colmek Nt Watch Mp Gdplayer","deskripsi":"Nonton Bokep Indo Belajar Colmek Nt Watch Mp Gdplayer gratis. Ukuran File: 106.00 MB, Durasi: 01:46. Populer: 4665 tayangan. Diunggah pada 2023-07-27 17:01:25 melalui doodstream. Kata Kunci Terkait: .","tag":null,"protected_embed":"https://dodl.pages.dev/7sxv9zqn03zu","protected_dl":"https://myvidplay.com/d/7sxv9zqn03zu","single_img":"https://postercdn.net/snaps/5vsll2s4jmb9i3yk.jpg","splash_img":"https://postercdn.net/splash/5vsll2s4jmb9i3yk.jpg","size":"111149056","length":"106","duration":"PT1M46S","views":"4665","uploaded":"2023-07-27 17:01:25","last_view":"2023-07-27 17:01:25","api_source":"doodstream","kategori":"Video Indo","page":125,"index":6}