{"filecode":"7syymjkb48ek","title":"Kangen Ngewe Sama Kamu Tau Bokep Indo Viral Twitter Lollipop Grup Fb","deskripsi":"Nonton Kangen Ngewe Sama Kamu Tau Bokep Indo Viral Twitter Lollipop Grup Fb gratis. Ukuran File: 481.00 MB, Durasi: 08:01. Populer: 1252 tayangan. Diunggah pada 2023-11-27 02:24:56 melalui doodstream. Kata Kunci Terkait: .","tag":null,"protected_embed":"https://dodl.pages.dev/7syymjkb48ek","protected_dl":"https://myvidplay.com/d/7syymjkb48ek","single_img":"https://postercdn.net/snaps/y7dzquhfibypc4m6.jpg","splash_img":"https://postercdn.net/splash/y7dzquhfibypc4m6.jpg","size":"504365056","length":"481","duration":"PT8M1S","views":"1252","uploaded":"2023-11-27 02:24:56","last_view":"2023-11-27 02:24:56","api_source":"doodstream","kategori":"Video Viral","page":80,"index":155}