{"filecode":"7szd7wcds0ux","title":"Nyepong Kontol Muncratin Sperma Dimulut Videos Pejuang Lendir Jilbab Doodstream Bokep","deskripsi":"Nonton Nyepong Kontol Muncratin Sperma Dimulut Videos Pejuang Lendir Jilbab Doodstream Bokep gratis. Ukuran File: 6.00 MB, Durasi: 00:06. Populer: 2299 tayangan. Diunggah pada 2023-10-08 04:37:10 melalui doodstream. Kata Kunci Terkait: .","tag":null,"protected_embed":"https://dodl.pages.dev/7szd7wcds0ux","protected_dl":"https://myvidplay.com/d/7szd7wcds0ux","single_img":"https://postercdn.net/snaps/qy4qdbvwg82rhgic.jpg","splash_img":"https://postercdn.net/splash/qy4qdbvwg82rhgic.jpg","size":"6291456","length":"6","duration":"PT6S","views":"2299","uploaded":"2023-10-08 04:37:10","last_view":"2023-10-08 04:37:10","api_source":"doodstream","kategori":"Video Doodstream","page":100,"index":186}