{"filecode":"7szg0ibbfftq","title":"Freeuse Milf Penny Barber Aria Carson Lyra Lockhart Polygamy Dood Stream Staklam","deskripsi":"Nonton Freeuse Milf Penny Barber Aria Carson Lyra Lockhart Polygamy Dood Stream Staklam gratis. Ukuran File: 4.15 GB, Durasi: 01:10:45. Populer: 5408 tayangan. Diunggah pada 2023-08-07 21:38:27 melalui doodstream. Kata Kunci Terkait: .","tag":null,"protected_embed":"https://dodl.pages.dev/7szg0ibbfftq","protected_dl":"https://myvidplay.com/d/7szg0ibbfftq","single_img":"https://postercdn.net/snaps/trub07kcws49446f.jpg","splash_img":"https://postercdn.net/splash/trub07kcws49446f.jpg","size":"4451205120","length":"4245","duration":"PT70M45S","views":"5408","uploaded":"2023-08-07 21:38:27","last_view":"2023-08-07 21:38:27","api_source":"doodstream","kategori":"Video Dood","page":121,"index":196}