{"filecode":"yq2913j8j7nx","title":"Bokep Indo Ganteng Itu Bonus Dapat Sugar Mommy Harus Video Sma Ngentot","deskripsi":"Nonton Bokep Indo Ganteng Itu Bonus Dapat Sugar Mommy Harus Video Sma Ngentot gratis. Ukuran File: 1.01 GB, Durasi: 17:19. Populer: 19403 tayangan. Diunggah pada 2024-06-14 05:03:11 melalui doodstream. Kata Kunci Terkait: .","tag":null,"protected_embed":"https://dodl.pages.dev/yq2913j8j7nx","protected_dl":"https://myvidplay.com/d/yq2913j8j7nx","single_img":"https://postercdn.net/snaps/m6ys6esrufzfa3qi.jpg","splash_img":"https://postercdn.net/splash/m6ys6esrufzfa3qi.jpg","size":"1089470464","length":"1039","duration":"PT17M19S","views":"19403","uploaded":"2024-06-14 05:03:11","last_view":"2024-06-14 05:03:11","api_source":"doodstream","kategori":"Video Indo","page":41,"index":185}