{"filecode":"yq2l9mkahzi8","title":"Gadis Binal Pamer Meki Gundul Simontok Asupan Viral Bokep Dood Bokepsatset Doodstreem","deskripsi":"Nonton Gadis Binal Pamer Meki Gundul Simontok Asupan Viral Bokep Dood Bokepsatset Doodstreem gratis. Ukuran File: 90.00 MB, Durasi: 01:30. Populer: 318 tayangan. Diunggah pada 2023-11-09 19:09:14 melalui doodstream. Kata Kunci Terkait: .","tag":null,"protected_embed":"https://dodl.pages.dev/yq2l9mkahzi8","protected_dl":"https://myvidplay.com/d/yq2l9mkahzi8","single_img":"https://postercdn.net/snaps/loqrsycwjm769vqa.jpg","splash_img":"https://postercdn.net/splash/loqrsycwjm769vqa.jpg","size":"94371840","length":"90","duration":"PT1M30S","views":"318","uploaded":"2023-11-09 19:09:14","last_view":"2023-11-09 19:09:14","api_source":"doodstream","kategori":"Video Viral","page":85,"index":86}