{"filecode":"yq3tfqmfeoho","title":"Tante Selingkuh Di Hotel Bokep Viral Terbaru Agenbokep Pekoblive Doods Pro Popstream","deskripsi":"Nonton Tante Selingkuh Di Hotel Bokep Viral Terbaru Agenbokep Pekoblive Doods Pro Popstream gratis. Ukuran File: 442.00 MB, Durasi: 07:22. Populer: 441 tayangan. Diunggah pada 2023-10-15 07:55:58 melalui doodstream. Kata Kunci Terkait: .","tag":null,"protected_embed":"https://dodl.pages.dev/yq3tfqmfeoho","protected_dl":"https://myvidplay.com/d/yq3tfqmfeoho","single_img":"https://postercdn.net/snaps/bejgat6xd4yw6ku5.jpg","splash_img":"https://postercdn.net/splash/bejgat6xd4yw6ku5.jpg","size":"463470592","length":"442","duration":"PT7M22S","views":"441","uploaded":"2023-10-15 07:55:58","last_view":"2023-10-15 07:55:58","api_source":"doodstream","kategori":"Video Viral","page":98,"index":84}