{"filecode":"yq441edx8yld","title":"Terlalu Sange Smpai Pipis Dulu Baru Lanjut Di Ewe Full Album Ful","deskripsi":"Nonton Terlalu Sange Smpai Pipis Dulu Baru Lanjut Di Ewe Full Album Ful gratis. Ukuran File: 339.00 MB, Durasi: 05:39. Populer: 1733 tayangan. Diunggah pada 2024-03-01 04:48:56 melalui doodstream. Kata Kunci Terkait: .","tag":null,"protected_embed":"https://dodl.pages.dev/yq441edx8yld","protected_dl":"https://myvidplay.com/d/yq441edx8yld","single_img":"https://postercdn.net/snaps/wlmp0m8joa271cwq.jpg","splash_img":"https://postercdn.net/splash/wlmp0m8joa271cwq.jpg","size":"355467264","length":"339","duration":"PT5M39S","views":"1733","uploaded":"2024-03-01 04:48:56","last_view":"2024-03-01 04:48:56","api_source":"doodstream","kategori":"Video Full","page":55,"index":194}