{"filecode":"yq8jnfwgac54","title":"Geli Basah Shinta Puting Coklat Dood Stream Tiktok Doostream Dodstream Tobrut Bebasindo","deskripsi":"Nonton Geli Basah Shinta Puting Coklat Dood Stream Tiktok Doostream Dodstream Tobrut Bebasindo gratis. Ukuran File: 947.00 MB, Durasi: 15:47. Populer: 2679 tayangan. Diunggah pada 2023-11-07 20:32:09 melalui doodstream. Kata Kunci Terkait: .","tag":null,"protected_embed":"https://dodl.pages.dev/yq8jnfwgac54","protected_dl":"https://myvidplay.com/d/yq8jnfwgac54","single_img":"https://postercdn.net/snaps/5bd02kjt8ynfdraw.jpg","splash_img":"https://postercdn.net/splash/5bd02kjt8ynfdraw.jpg","size":"993001472","length":"947","duration":"PT15M47S","views":"2679","uploaded":"2023-11-07 20:32:09","last_view":"2023-11-07 20:32:09","api_source":"doodstream","kategori":"Video Dood","page":85,"index":195}