{"filecode":"yqb0w5l4kcpc","title":"Bokep Ukhti Jilbab Cekya Lepas Busana Omek Xbokep Fb Tobrut Pejuang Lendir","deskripsi":"Nonton Bokep Ukhti Jilbab Cekya Lepas Busana Omek Xbokep Fb Tobrut Pejuang Lendir gratis. Ukuran File: 97.00 MB, Durasi: 01:37. Populer: 305 tayangan. Diunggah pada 2023-11-30 17:12:12 melalui doodstream. Kata Kunci Terkait: .","tag":null,"protected_embed":"https://dodl.pages.dev/yqb0w5l4kcpc","protected_dl":"https://myvidplay.com/d/yqb0w5l4kcpc","single_img":"https://postercdn.net/snaps/3kznxv4e9mvxd678.jpg","splash_img":"https://postercdn.net/splash/3kznxv4e9mvxd678.jpg","size":"101711872","length":"97","duration":"PT1M37S","views":"305","uploaded":"2023-11-30 17:12:12","last_view":"2023-11-30 17:12:12","api_source":"doodstream","kategori":"Video Bokep","page":77,"index":71}