{"filecode":"yqctmebmnj4y","title":"Yang Terjdi Ketika Cewe Main Ke Kamar Cowonya Bbuc Bokep Video Simontok","deskripsi":"Nonton Yang Terjdi Ketika Cewe Main Ke Kamar Cowonya Bbuc Bokep Video Simontok gratis. Ukuran File: 4.93 GB, Durasi: 01:24:07. Populer: 24627 tayangan. Diunggah pada 2023-08-07 23:01:16 melalui doodstream. Kata Kunci Terkait: .","tag":null,"protected_embed":"https://dodl.pages.dev/yqctmebmnj4y","protected_dl":"https://myvidplay.com/d/yqctmebmnj4y","single_img":"https://postercdn.net/snaps/ztr9m4oy09fmxtyq.jpg","splash_img":"https://postercdn.net/splash/ztr9m4oy09fmxtyq.jpg","size":"5292163072","length":"5047","duration":"PT84M7S","views":"24627","uploaded":"2023-08-07 23:01:16","last_view":"2023-08-07 23:01:16","api_source":"doodstream","kategori":"Video Bokep","page":119,"index":19}