{"filecode":"yqdlq75xej2n","title":"Tubuh Indah Mulus Toket Mengkal Colok Memek Doods Pro Tobrut Doodstreem Poophd","deskripsi":"Nonton Tubuh Indah Mulus Toket Mengkal Colok Memek Doods Pro Tobrut Doodstreem Poophd gratis. Ukuran File: 376.00 MB, Durasi: 06:16. Populer: 969 tayangan. Diunggah pada 2023-11-23 19:14:46 melalui doodstream. Kata Kunci Terkait: .","tag":null,"protected_embed":"https://dodl.pages.dev/yqdlq75xej2n","protected_dl":"https://myvidplay.com/d/yqdlq75xej2n","single_img":"https://postercdn.net/snaps/7yhiewdgsf0c2old.jpg","splash_img":"https://postercdn.net/splash/7yhiewdgsf0c2old.jpg","size":"394264576","length":"376","duration":"PT6M16S","views":"969","uploaded":"2023-11-23 19:14:46","last_view":"2023-11-23 19:14:46","api_source":"doodstream","kategori":"Video Tobrut","page":82,"index":108}