{"filecode":"yqdsl6bve0vd","title":"Bokep Viral Selebgram Siskaeee Ngentot Lulustream Doodstream Dodstream","deskripsi":"Nonton Bokep Viral Selebgram Siskaeee Ngentot Lulustream Doodstream Dodstream gratis. Ukuran File: 106.00 MB, Durasi: 01:46. Populer: 14875 tayangan. Diunggah pada 2023-07-16 21:52:16 melalui doodstream. Kata Kunci Terkait: .","tag":null,"protected_embed":"https://dodl.pages.dev/yqdsl6bve0vd","protected_dl":"https://myvidplay.com/d/yqdsl6bve0vd","single_img":"https://postercdn.net/snaps/coxfof47r4558c0r.jpg","splash_img":"https://postercdn.net/splash/coxfof47r4558c0r.jpg","size":"111149056","length":"106","duration":"PT1M46S","views":"14875","uploaded":"2023-07-16 21:52:16","last_view":"2023-07-16 21:52:16","api_source":"doodstream","kategori":"Video Viral","page":126,"index":124}