{"filecode":"yqejsz55vkdi","title":"Abg Hijab Mesum Dihutan Xpanas Website Jilbab Ngentot Bokep Dood","deskripsi":"Nonton Abg Hijab Mesum Dihutan Xpanas Website Jilbab Ngentot Bokep Dood gratis. Ukuran File: 140.00 MB, Durasi: 02:20. Populer: 228581 tayangan. Diunggah pada 2023-06-01 11:45:50 melalui doodstream. Kata Kunci Terkait: .","tag":null,"protected_embed":"https://dodl.pages.dev/yqejsz55vkdi","protected_dl":"https://myvidplay.com/d/yqejsz55vkdi","single_img":"https://postercdn.net/snaps/nbnz3nwqauqijejy.jpg","splash_img":"https://postercdn.net/splash/nbnz3nwqauqijejy.jpg","size":"146800640","length":"140","duration":"PT2M20S","views":"228581","uploaded":"2023-06-01 11:45:50","last_view":"2023-06-01 11:45:50","api_source":"doodstream","kategori":"Video Hijab","page":136,"index":24}