{"filecode":"yqf70t331miw","title":"Abg Cantik Pap Body Mulus Untuk Ayang Doostream Memeksiana Video Viral Tele","deskripsi":"Nonton Abg Cantik Pap Body Mulus Untuk Ayang Doostream Memeksiana Video Viral Tele gratis. Ukuran File: 67.00 MB, Durasi: 01:07. Populer: 3200 tayangan. Diunggah pada 2023-10-20 02:41:13 melalui doodstream. Kata Kunci Terkait: .","tag":null,"protected_embed":"https://dodl.pages.dev/yqf70t331miw","protected_dl":"https://myvidplay.com/d/yqf70t331miw","single_img":"https://postercdn.net/snaps/dck39dhos31p13os.jpg","splash_img":"https://postercdn.net/splash/dck39dhos31p13os.jpg","size":"70254592","length":"67","duration":"PT1M7S","views":"3200","uploaded":"2023-10-20 02:41:13","last_view":"2023-10-20 02:41:13","api_source":"doodstream","kategori":"Video Viral","page":93,"index":24}