{"filecode":"yqfulo5ephw9","title":"Bokep Vidio Ngewek Janda Sambil Vcs Xbokepfb Terabox Bebasindo Memeksiana Simintok Links","deskripsi":"Nonton Bokep Vidio Ngewek Janda Sambil Vcs Xbokepfb Terabox Bebasindo Memeksiana Simintok Links gratis. Ukuran File: 386.00 MB, Durasi: 06:26. Populer: 480 tayangan. Diunggah pada 2023-11-28 21:14:14 melalui doodstream. Kata Kunci Terkait: .","tag":null,"protected_embed":"https://dodl.pages.dev/yqfulo5ephw9","protected_dl":"https://myvidplay.com/d/yqfulo5ephw9","single_img":"https://postercdn.net/snaps/cmpvgbl7o8se9p1k.jpg","splash_img":"https://postercdn.net/splash/cmpvgbl7o8se9p1k.jpg","size":"404750336","length":"386","duration":"PT6M26S","views":"480","uploaded":"2023-11-28 21:14:14","last_view":"2023-11-28 21:14:14","api_source":"doodstream","kategori":"Video Terabox","page":78,"index":142}