{"filecode":"yqgk6tvwj8so","title":"Tante Semok Lagi Sange Goyang Tiktok Pengen Di Ewe Homemade Indo Viral","deskripsi":"Nonton Tante Semok Lagi Sange Goyang Tiktok Pengen Di Ewe Homemade Indo Viral gratis. Ukuran File: 1.00 GB, Durasi: 17:09. Populer: 243 tayangan. Diunggah pada 2024-03-07 10:03:48 melalui doodstream. Kata Kunci Terkait: .","tag":null,"protected_embed":"https://dodl.pages.dev/yqgk6tvwj8so","protected_dl":"https://myvidplay.com/d/yqgk6tvwj8so","single_img":"https://postercdn.net/snaps/dr75bw3bi0eo2hiq.jpg","splash_img":"https://postercdn.net/splash/dr75bw3bi0eo2hiq.jpg","size":"1078984704","length":"1029","duration":"PT17M9S","views":"243","uploaded":"2024-03-07 10:03:48","last_view":"2024-03-07 10:03:48","api_source":"doodstream","kategori":"Video Viral","page":53,"index":86}