{"filecode":"yqjan03de4r0","title":"Dara New Video Record Asupan Viral Pejuang Lendir Twitter Memeksiana Cilbo","deskripsi":"Nonton Dara New Video Record Asupan Viral Pejuang Lendir Twitter Memeksiana Cilbo gratis. Ukuran File: 1.12 GB, Durasi: 19:03. Populer: 74 tayangan. Diunggah pada 2025-02-01 21:30:12 melalui doodstream. Kata Kunci Terkait: .","tag":null,"protected_embed":"https://dodl.pages.dev/yqjan03de4r0","protected_dl":"https://myvidplay.com/d/yqjan03de4r0","single_img":"https://postercdn.net/snaps/unf2dikelviuuq4r.jpg","splash_img":"https://postercdn.net/splash/unf2dikelviuuq4r.jpg","size":"1198522368","length":"1143","duration":"PT19M3S","views":"74","uploaded":"2025-02-01 21:30:12","last_view":"2025-02-01 21:30:12","api_source":"doodstream","kategori":"Video Viral","page":15,"index":113}