{"filecode":"yqjekyg2gi1f","title":"Papa Sama Anak Ngewe Bokepind Tobrut Doods Pro Videos Asupan Viral","deskripsi":"Nonton Papa Sama Anak Ngewe Bokepind Tobrut Doods Pro Videos Asupan Viral gratis. Ukuran File: 80.00 MB, Durasi: 01:20. Populer: 30377 tayangan. Diunggah pada 2023-07-02 20:25:15 melalui doodstream. Kata Kunci Terkait: .","tag":null,"protected_embed":"https://dodl.pages.dev/yqjekyg2gi1f","protected_dl":"https://myvidplay.com/d/yqjekyg2gi1f","single_img":"https://postercdn.net/snaps/x7piu4ngjikuhwxv.jpg","splash_img":"https://postercdn.net/splash/x7piu4ngjikuhwxv.jpg","size":"83886080","length":"80","duration":"PT1M20S","views":"30377","uploaded":"2023-07-02 20:25:15","last_view":"2023-07-02 20:25:15","api_source":"doodstream","kategori":"Video Viral","page":130,"index":118}