{"filecode":"yqm6y3pn9hjx","title":"Di Sepong Adek Crot Mulut Lulustream Bokep Dood Links Poophd Tobrut","deskripsi":"Nonton Di Sepong Adek Crot Mulut Lulustream Bokep Dood Links Poophd Tobrut gratis. Ukuran File: 77.00 MB, Durasi: 01:17. Populer: 357 tayangan. Diunggah pada 2025-01-13 05:22:56 melalui doodstream. Kata Kunci Terkait: .","tag":null,"protected_embed":"https://dodl.pages.dev/yqm6y3pn9hjx","protected_dl":"https://myvidplay.com/d/yqm6y3pn9hjx","single_img":"https://postercdn.net/snaps/26rv15imeuwg1arm.jpg","splash_img":"https://postercdn.net/splash/26rv15imeuwg1arm.jpg","size":"80740352","length":"77","duration":"PT1M17S","views":"357","uploaded":"2025-01-13 05:22:56","last_view":"2025-01-13 05:22:56","api_source":"doodstream","kategori":"Video Lulustream","page":25,"index":105}