{"filecode":"yqoev9etyllo","title":"Bokep Indo Tante Dewi A Tobrut Goyang Bugil Mango Dood Tele Video","deskripsi":"Nonton Bokep Indo Tante Dewi A Tobrut Goyang Bugil Mango Dood Tele Video gratis. Ukuran File: 3.50 GB, Durasi: 59:44. Populer: 310 tayangan. Diunggah pada 2024-03-08 11:45:26 melalui doodstream. Kata Kunci Terkait: .","tag":null,"protected_embed":"https://dodl.pages.dev/yqoev9etyllo","protected_dl":"https://myvidplay.com/d/yqoev9etyllo","single_img":"https://postercdn.net/snaps/k9vwyn151eui1c2q.jpg","splash_img":"https://postercdn.net/splash/k9vwyn151eui1c2q.jpg","size":"3758096384","length":"3584","duration":"PT59M44S","views":"310","uploaded":"2024-03-08 11:45:26","last_view":"2024-03-08 11:45:26","api_source":"doodstream","kategori":"Video Indo","page":52,"index":179}