{"filecode":"yqsmuub8ih0q","title":"Bokep Indo Viral Disepongin Ayang Live Pemersatu Bokepind Yakwad Xpanas","deskripsi":"Nonton Bokep Indo Viral Disepongin Ayang Live Pemersatu Bokepind Yakwad Xpanas gratis. Ukuran File: 28.00 MB, Durasi: 00:28. Populer: 3963 tayangan. Diunggah pada 2023-07-04 21:25:55 melalui doodstream. Kata Kunci Terkait: .","tag":null,"protected_embed":"https://dodl.pages.dev/yqsmuub8ih0q","protected_dl":"https://myvidplay.com/d/yqsmuub8ih0q","single_img":"https://postercdn.net/snaps/63ddalp0umnabvyu.jpg","splash_img":"https://postercdn.net/splash/63ddalp0umnabvyu.jpg","size":"29360128","length":"28","duration":"PT28S","views":"3963","uploaded":"2023-07-04 21:25:55","last_view":"2023-07-04 21:25:55","api_source":"doodstream","kategori":"Video Viral","page":129,"index":51}