{"filecode":"yqsovfhr5m34","title":"Bokep Mama Muda Sumedang Wot Bokepsin Xpanas Pemersatu Downloader Link Web","deskripsi":"Nonton Bokep Mama Muda Sumedang Wot Bokepsin Xpanas Pemersatu Downloader Link Web gratis. Ukuran File: 128.00 MB, Durasi: 02:08. Populer: 913 tayangan. Diunggah pada 2024-01-04 10:33:32 melalui doodstream. Kata Kunci Terkait: .","tag":null,"protected_embed":"https://dodl.pages.dev/yqsovfhr5m34","protected_dl":"https://myvidplay.com/d/yqsovfhr5m34","single_img":"https://postercdn.net/snaps/egn8cslfywzppy1p.jpg","splash_img":"https://postercdn.net/splash/egn8cslfywzppy1p.jpg","size":"134217728","length":"128","duration":"PT2M8S","views":"913","uploaded":"2024-01-04 10:33:32","last_view":"2024-01-04 10:33:32","api_source":"doodstream","kategori":"Video Bokep","page":65,"index":1}