{"filecode":"yqvcilgidjwp","title":"Nb Ngentot Stw Bohay Sotwe Xpanas Poophd Bochiel Bokepsin","deskripsi":"Nonton Nb Ngentot Stw Bohay Sotwe Xpanas Poophd Bochiel Bokepsin gratis. Ukuran File: 1.42 GB, Durasi: 24:13. Populer: 781 tayangan. Diunggah pada 2023-11-06 03:06:52 melalui doodstream. Kata Kunci Terkait: .","tag":null,"protected_embed":"https://dodl.pages.dev/yqvcilgidjwp","protected_dl":"https://myvidplay.com/d/yqvcilgidjwp","single_img":"https://postercdn.net/snaps/krlpg9r2lp873nz2.jpg","splash_img":"https://postercdn.net/splash/krlpg9r2lp873nz2.jpg","size":"1523580928","length":"1453","duration":"PT24M13S","views":"781","uploaded":"2023-11-06 03:06:52","last_view":"2023-11-06 03:06:52","api_source":"doodstream","kategori":"Video Stw","page":86,"index":63}