{"filecode":"yqwh5wko019j","title":"Bokeb Remaja Ngewe Di Mobil Xbokep Fb Doostream Telegram Viral Downloader Cantik","deskripsi":"Nonton Bokeb Remaja Ngewe Di Mobil Xbokep Fb Doostream Telegram Viral Downloader Cantik gratis. Ukuran File: 294.00 MB, Durasi: 04:54. Populer: 1533 tayangan. Diunggah pada 2023-12-18 11:05:32 melalui doodstream. Kata Kunci Terkait: .","tag":null,"protected_embed":"https://dodl.pages.dev/yqwh5wko019j","protected_dl":"https://myvidplay.com/d/yqwh5wko019j","single_img":"https://postercdn.net/snaps/9saxbungh4j0od9l.jpg","splash_img":"https://postercdn.net/splash/9saxbungh4j0od9l.jpg","size":"308281344","length":"294","duration":"PT4M54S","views":"1533","uploaded":"2023-12-18 11:05:32","last_view":"2023-12-18 11:05:32","api_source":"doodstream","kategori":"Video Viral","page":69,"index":32}