{"filecode":"2z1lclhwnp8p","title":"Baby Suji Drama Malay Bokep Terbaru Ipar Adalah Mau Bebasindo Live Website","deskripsi":"Nonton Baby Suji Drama Malay Bokep Terbaru Ipar Adalah Mau Bebasindo Live Website gratis. Ukuran File: 2.37 GB, Durasi: 40:22. Populer: 4144 tayangan. Diunggah pada 2025-07-04 03:28:08 melalui lulustream. Kata Kunci Terkait: .","tag":null,"protected_embed":"https://luvluv.pages.dev/2z1lclhwnp8p","protected_dl":"https://lulustream.com/d/2z1lclhwnp8p","single_img":"https://img.lulucdn.com/2z1lclhwnp8p_t.jpg","splash_img":"https://img.lulucdn.com/2z1lclhwnp8p_xt.jpg","size":"2539651072","length":"2422","duration":"PT40M22S","views":4144,"uploaded":"2025-07-04 03:28:08","last_view":"2025-07-04 03:28:08","api_source":"lulustream","kategori":"Video Terbaru","page":13,"index":189}