{"filecode":"2z3l3p8yso4k","title":"Jav Hd Sub Indo Full Part Dood Stream Bokepsatset Xpanas Doodsflix Bokepsin","deskripsi":"Nonton Jav Hd Sub Indo Full Part Dood Stream Bokepsatset Xpanas Doodsflix Bokepsin gratis. Ukuran File: 601.00 MB, Durasi: 10:01. Populer: 16076 tayangan. Diunggah pada 2023-06-28 22:30:46 melalui doodstream. Kata Kunci Terkait: .","tag":null,"protected_embed":"https://dodl.pages.dev/2z3l3p8yso4k","protected_dl":"https://myvidplay.com/d/2z3l3p8yso4k","single_img":"https://postercdn.net/snaps/3xv9j9wmszc41w23.jpg","splash_img":"https://postercdn.net/splash/3xv9j9wmszc41w23.jpg","size":"630194176","length":"601","duration":"PT10M1S","views":"16076","uploaded":"2023-06-28 22:30:46","last_view":"2023-06-28 22:30:46","api_source":"doodstream","kategori":"Video Indo","page":134,"index":37}