{"filecode":"2z49v5b3ej55","title":"Yuli Vcs Sama Ayank Perlihatkan Toket Gede Viral Doodsflix Pejuang Lendir Videos","deskripsi":"Nonton Yuli Vcs Sama Ayank Perlihatkan Toket Gede Viral Doodsflix Pejuang Lendir Videos gratis. Ukuran File: 122.00 MB, Durasi: 02:02. Populer: 204 tayangan. Diunggah pada 2024-09-11 18:16:59 melalui doodstream. Kata Kunci Terkait: .","tag":null,"protected_embed":"https://dodl.pages.dev/2z49v5b3ej55","protected_dl":"https://myvidplay.com/d/2z49v5b3ej55","single_img":"https://postercdn.net/snaps/bayy80tzxrj3th3w.jpg","splash_img":"https://postercdn.net/splash/bayy80tzxrj3th3w.jpg","size":"127926272","length":"122","duration":"PT2M2S","views":"204","uploaded":"2024-09-11 18:16:59","last_view":"2024-09-11 18:16:59","api_source":"doodstream","kategori":"Video Viral","page":35,"index":178}