{"filecode":"2z65q8tnuu33","title":"Indonesian Model Casting Hidden Camera Angelina Lokal Telegram Bokepsin Indonesia Doostream","deskripsi":"Nonton Indonesian Model Casting Hidden Camera Angelina Lokal Telegram Bokepsin Indonesia Doostream gratis. Ukuran File: 770.00 MB, Durasi: 12:50. Populer: 164 tayangan. Diunggah pada 2025-01-13 05:28:36 melalui doodstream. Kata Kunci Terkait: .","tag":null,"protected_embed":"https://dodl.pages.dev/2z65q8tnuu33","protected_dl":"https://myvidplay.com/d/2z65q8tnuu33","single_img":"https://postercdn.net/snaps/51xydpvnbz4awnzp.jpg","splash_img":"https://postercdn.net/splash/51xydpvnbz4awnzp.jpg","size":"807403520","length":"770","duration":"PT12M50S","views":"164","uploaded":"2025-01-13 05:28:36","last_view":"2025-01-13 05:28:36","api_source":"doodstream","kategori":"Video Indonesia","page":22,"index":10}