{"filecode":"2z6tsa4jkqy5","title":"Marendut Dood Stream Doodstreem Indo Doodflix Popstream Asupan Viral","deskripsi":"Nonton Marendut Dood Stream Doodstreem Indo Doodflix Popstream Asupan Viral gratis. Ukuran File: 308.00 MB, Durasi: 05:08. Populer: 88 tayangan. Diunggah pada 2025-01-13 05:34:25 melalui doodstream. Kata Kunci Terkait: .","tag":null,"protected_embed":"https://dodl.pages.dev/2z6tsa4jkqy5","protected_dl":"https://myvidplay.com/d/2z6tsa4jkqy5","single_img":"https://postercdn.net/snaps/v15qn1nkirsy5272.jpg","splash_img":"https://postercdn.net/splash/v15qn1nkirsy5272.jpg","size":"322961408","length":"308","duration":"PT5M8S","views":"88","uploaded":"2025-01-13 05:34:25","last_view":"2025-01-13 05:34:25","api_source":"doodstream","kategori":"Video Viral","page":19,"index":57}