{"filecode":"2zfvv44mlc7t","title":"Bokep Penjaga Warung Ful Album Toketbagus Popstream Video Doodstreem","deskripsi":"Nonton Bokep Penjaga Warung Ful Album Toketbagus Popstream Video Doodstreem gratis. Ukuran File: 341.00 MB, Durasi: 05:41. Populer: 12286 tayangan. Diunggah pada 2023-12-10 08:08:58 melalui doodstream. Kata Kunci Terkait: .","tag":null,"protected_embed":"https://dodl.pages.dev/2zfvv44mlc7t","protected_dl":"https://myvidplay.com/d/2zfvv44mlc7t","single_img":"https://postercdn.net/snaps/062xsfyyk5vctzuu.jpg","splash_img":"https://postercdn.net/splash/062xsfyyk5vctzuu.jpg","size":"357564416","length":"341","duration":"PT5M41S","views":"12286","uploaded":"2023-12-10 08:08:58","last_view":"2023-12-10 08:08:58","api_source":"doodstream","kategori":"Video Bokep","page":75,"index":13}