{"filecode":"2zmjhgazuh7i","title":"Ngewe Masih Pake Seragam Sekolah Pekoblive Asupan Viral Lulustream Bokepind Videos","deskripsi":"Nonton Ngewe Masih Pake Seragam Sekolah Pekoblive Asupan Viral Lulustream Bokepind Videos gratis. Ukuran File: 184.00 MB, Durasi: 03:04. Populer: 16265 tayangan. Diunggah pada 2023-08-07 22:44:36 melalui doodstream. Kata Kunci Terkait: .","tag":null,"protected_embed":"https://dodl.pages.dev/2zmjhgazuh7i","protected_dl":"https://myvidplay.com/d/2zmjhgazuh7i","single_img":"https://postercdn.net/snaps/6hqviwogcm77zkan.jpg","splash_img":"https://postercdn.net/splash/6hqviwogcm77zkan.jpg","size":"192937984","length":"184","duration":"PT3M4S","views":"16265","uploaded":"2023-08-07 22:44:36","last_view":"2023-08-07 22:44:36","api_source":"doodstream","kategori":"Video Viral","page":119,"index":177}