{"filecode":"2zomfkllryzy","title":"Vidio Tube Barat Ngentot Dengan Abg Video Bokep Terbaru Bokep31 Asupan Tele","deskripsi":"Nonton Vidio Tube Barat Ngentot Dengan Abg Video Bokep Terbaru Bokep31 Asupan Tele gratis. Ukuran File: 865.00 MB, Durasi: 14:25. Populer: 2563 tayangan. Diunggah pada 2023-12-09 16:48:31 melalui doodstream. Kata Kunci Terkait: .","tag":null,"protected_embed":"https://dodl.pages.dev/2zomfkllryzy","protected_dl":"https://myvidplay.com/d/2zomfkllryzy","single_img":"https://postercdn.net/snaps/ict0nqq7d46ajzmq.jpg","splash_img":"https://postercdn.net/splash/ict0nqq7d46ajzmq.jpg","size":"907018240","length":"865","duration":"PT14M25S","views":"2563","uploaded":"2023-12-09 16:48:31","last_view":"2023-12-09 16:48:31","api_source":"doodstream","kategori":"Video Terbaru","page":75,"index":108}