{"filecode":"2zs1jtofyi8d","title":"Farah Jilbab Lonte Michat Kalo Sepi Pelanggan Dood Stream Doods Pro Live","deskripsi":"Nonton Farah Jilbab Lonte Michat Kalo Sepi Pelanggan Dood Stream Doods Pro Live gratis. Ukuran File: 480.00 MB, Durasi: 08:00. Populer: 1489 tayangan. Diunggah pada 2023-11-09 19:14:29 melalui doodstream. Kata Kunci Terkait: .","tag":null,"protected_embed":"https://dodl.pages.dev/2zs1jtofyi8d","protected_dl":"https://myvidplay.com/d/2zs1jtofyi8d","single_img":"https://postercdn.net/snaps/kt7kpqhqmu74seoe.jpg","splash_img":"https://postercdn.net/splash/kt7kpqhqmu74seoe.jpg","size":"503316480","length":"480","duration":"PT8M","views":"1489","uploaded":"2023-11-09 19:14:29","last_view":"2023-11-09 19:14:29","api_source":"doodstream","kategori":"Video Dood","page":84,"index":197}