{"filecode":"2zsj7iqqilwe","title":"Kebelet Ngewe Di Hutan Video Colmek Doostream Lagi Viral Bokepsin Yakwad","deskripsi":"Nonton Kebelet Ngewe Di Hutan Video Colmek Doostream Lagi Viral Bokepsin Yakwad gratis. Ukuran File: 1.48 GB, Durasi: 25:15. Populer: 5053 tayangan. Diunggah pada 2023-08-03 12:11:22 melalui doodstream. Kata Kunci Terkait: .","tag":null,"protected_embed":"https://dodl.pages.dev/2zsj7iqqilwe","protected_dl":"https://myvidplay.com/d/2zsj7iqqilwe","single_img":"https://postercdn.net/snaps/kkkpyy88tkf1lqxp.jpg","splash_img":"https://postercdn.net/splash/kkkpyy88tkf1lqxp.jpg","size":"1588592640","length":"1515","duration":"PT25M15S","views":"5053","uploaded":"2023-08-03 12:11:22","last_view":"2023-08-03 12:11:22","api_source":"doodstream","kategori":"Video Viral","page":124,"index":51}