{"filecode":"2zsj7mmiu55w","title":"Masih Skandal Daddy Ash Yang Lain Lagi Video Viral Bebasindo Bokep Dood","deskripsi":"Nonton Masih Skandal Daddy Ash Yang Lain Lagi Video Viral Bebasindo Bokep Dood gratis. Ukuran File: 328.00 MB, Durasi: 05:28. Populer: 2046 tayangan. Diunggah pada 2024-03-02 01:45:42 melalui doodstream. Kata Kunci Terkait: .","tag":null,"protected_embed":"https://dodl.pages.dev/2zsj7mmiu55w","protected_dl":"https://myvidplay.com/d/2zsj7mmiu55w","single_img":"https://postercdn.net/snaps/9a4y9gb2zqm8bnd9.jpg","splash_img":"https://postercdn.net/splash/9a4y9gb2zqm8bnd9.jpg","size":"343932928","length":"328","duration":"PT5M28S","views":"2046","uploaded":"2024-03-02 01:45:42","last_view":"2024-03-02 01:45:42","api_source":"doodstream","kategori":"Video Viral","page":55,"index":92}