{"filecode":"2zw4l6qiovw0","title":"Colmek Sampe Becek Bokep Dood Live Doods Pro Simontok Doodstream","deskripsi":"Nonton Colmek Sampe Becek Bokep Dood Live Doods Pro Simontok Doodstream gratis. Ukuran File: 103.00 MB, Durasi: 01:43. Populer: 9510 tayangan. Diunggah pada 2024-02-08 20:30:27 melalui doodstream. Kata Kunci Terkait: .","tag":null,"protected_embed":"https://dodl.pages.dev/2zw4l6qiovw0","protected_dl":"https://myvidplay.com/d/2zw4l6qiovw0","single_img":"https://postercdn.net/snaps/6dt0koupyyushgf0.jpg","splash_img":"https://postercdn.net/splash/6dt0koupyyushgf0.jpg","size":"108003328","length":"103","duration":"PT1M43S","views":"9510","uploaded":"2024-02-08 20:30:27","last_view":"2024-02-08 20:30:27","api_source":"doodstream","kategori":"Video Doodstream","page":58,"index":58}