{"filecode":"2zwdpvwzk63y","title":"Bokep Indo Zara Ajak Crot Bareng Malam Minggu Zaraaa Montok Semok Tante","deskripsi":"Nonton Bokep Indo Zara Ajak Crot Bareng Malam Minggu Zaraaa Montok Semok Tante gratis. Ukuran File: 1.64 GB, Durasi: 28:04. Populer: 3252 tayangan. Diunggah pada 2023-08-22 11:14:57 melalui doodstream. Kata Kunci Terkait: .","tag":null,"protected_embed":"https://dodl.pages.dev/2zwdpvwzk63y","protected_dl":"https://myvidplay.com/d/2zwdpvwzk63y","single_img":"https://postercdn.net/snaps/xdekt4ecmb2wtlkb.jpg","splash_img":"https://postercdn.net/splash/xdekt4ecmb2wtlkb.jpg","size":"1765801984","length":"1684","duration":"PT28M4S","views":"3252","uploaded":"2023-08-22 11:14:57","last_view":"2023-08-22 11:14:57","api_source":"doodstream","kategori":"Video Indo","page":113,"index":86}