{"filecode":"2zwp40gyecn0","title":"Bokep Pembantu Semok Meki Sempit Xbokep Fb Streaming Website Bokepsin Simintok Popstream","deskripsi":"Nonton Bokep Pembantu Semok Meki Sempit Xbokep Fb Streaming Website Bokepsin Simintok Popstream gratis. Ukuran File: 1.07 GB, Durasi: 18:19. Populer: 1947 tayangan. Diunggah pada 2023-11-30 12:51:35 melalui doodstream. Kata Kunci Terkait: .","tag":null,"protected_embed":"https://dodl.pages.dev/2zwp40gyecn0","protected_dl":"https://myvidplay.com/d/2zwp40gyecn0","single_img":"https://postercdn.net/snaps/i0rl0so1z6mo3zwd.jpg","splash_img":"https://postercdn.net/splash/i0rl0so1z6mo3zwd.jpg","size":"1152385024","length":"1099","duration":"PT18M19S","views":"1947","uploaded":"2023-11-30 12:51:35","last_view":"2023-11-30 12:51:35","api_source":"doodstream","kategori":"Video Streaming","page":77,"index":197}