{"filecode":"2zwv981ts4gk","title":"Tante Daisy Bae Hijab Kebaya Hitam Transparan Malay Mp Doodstreem Video Viral","deskripsi":"Nonton Tante Daisy Bae Hijab Kebaya Hitam Transparan Malay Mp Doodstreem Video Viral gratis. Ukuran File: 697.00 MB, Durasi: 11:37. Populer: 2529 tayangan. Diunggah pada 2025-09-24 09:52:16 melalui doodstream. Kata Kunci Terkait: .","tag":null,"protected_embed":"https://dodl.pages.dev/2zwv981ts4gk","protected_dl":"https://myvidplay.com/d/2zwv981ts4gk","single_img":"https://postercdn.net/snaps/cfjx1pmfy74xg8fv.jpg","splash_img":"https://postercdn.net/splash/cfjx1pmfy74xg8fv.jpg","size":"730857472","length":"697","duration":"PT11M37S","views":"2529","uploaded":"2025-09-24 09:52:16","last_view":"2025-09-24 09:52:16","api_source":"doodstream","kategori":"Video Hijab","page":10,"index":185}