{"filecode":"2zxngh8gea8x","title":"Vid Video Sma Indonesia Pemersatu Yakwad Pekoblive","deskripsi":"Nonton Vid Video Sma Indonesia Pemersatu Yakwad Pekoblive gratis. Ukuran File: 1.39 GB, Durasi: 23:41. Populer: 31 tayangan. Diunggah pada 2025-09-20 18:00:42 melalui lulustream. Kata Kunci Terkait: .","tag":null,"protected_embed":"https://luvluv.pages.dev/2zxngh8gea8x","protected_dl":"https://lulustream.com/d/2zxngh8gea8x","single_img":"https://img.lulucdn.com/2zxngh8gea8x_t.jpg","splash_img":"https://img.lulucdn.com/2zxngh8gea8x_xt.jpg","size":"1490026496","length":"1421","duration":"PT23M41S","views":31,"uploaded":"2025-09-20 18:00:42","last_view":"2025-09-20 18:00:42","api_source":"lulustream","kategori":"Video Indonesia","page":11,"index":154}