{"filecode":"2zxr95m37j8n","title":"Ewe Binor Hijab Toge Bakal Keingat Terus Tele Asupanjilbab Telegram Video Bokep","deskripsi":"Nonton Ewe Binor Hijab Toge Bakal Keingat Terus Tele Asupanjilbab Telegram Video Bokep gratis. Ukuran File: 207.00 MB, Durasi: 03:27. Populer: 174 tayangan. Diunggah pada 2025-12-02 03:32:44 melalui doodstream. Kata Kunci Terkait: .","tag":null,"protected_embed":"https://dodl.pages.dev/2zxr95m37j8n","protected_dl":"https://myvidplay.com/d/2zxr95m37j8n","single_img":"https://postercdn.net/snaps/68x0r3608tooq38t.jpg","splash_img":"https://postercdn.net/splash/68x0r3608tooq38t.jpg","size":"217055232","length":"207","duration":"PT3M27S","views":"174","uploaded":"2025-12-02 03:32:44","last_view":"2025-12-02 03:32:44","api_source":"doodstream","kategori":"Video Hijab","page":2,"index":67}