{"filecode":"2zyzkczhn9qt","title":"Maen Sama Tante Janda Pekoblive Poophd Folder Xpanas Video Bokep","deskripsi":"Nonton Maen Sama Tante Janda Pekoblive Poophd Folder Xpanas Video Bokep gratis. Ukuran File: 41.00 MB, Durasi: 00:41. Populer: 4729 tayangan. Diunggah pada 2023-11-28 08:48:08 melalui doodstream. Kata Kunci Terkait: .","tag":null,"protected_embed":"https://dodl.pages.dev/2zyzkczhn9qt","protected_dl":"https://myvidplay.com/d/2zyzkczhn9qt","single_img":"https://postercdn.net/snaps/h9py2mfbnpen98hd.jpg","splash_img":"https://postercdn.net/splash/h9py2mfbnpen98hd.jpg","size":"42991616","length":"41","duration":"PT41S","views":"4729","uploaded":"2023-11-28 08:48:08","last_view":"2023-11-28 08:48:08","api_source":"doodstream","kategori":"Video Janda","page":79,"index":130}