{"filecode":"mb216sydxpak","title":"Rara Chizzcake Ptk Bokep Videos Video Indo Popstream Telegram","deskripsi":"Nonton Rara Chizzcake Ptk Bokep Videos Video Indo Popstream Telegram gratis. Ukuran File: 71.00 MB, Durasi: 01:11. Populer: 3750 tayangan. Diunggah pada 2023-08-07 22:44:47 melalui doodstream. Kata Kunci Terkait: .","tag":null,"protected_embed":"https://dodl.pages.dev/mb216sydxpak","protected_dl":"https://myvidplay.com/d/mb216sydxpak","single_img":"https://postercdn.net/snaps/vucthkvvwc794zv9.jpg","splash_img":"https://postercdn.net/splash/vucthkvvwc794zv9.jpg","size":"74448896","length":"71","duration":"PT1M11S","views":"3750","uploaded":"2023-08-07 22:44:47","last_view":"2023-08-07 22:44:47","api_source":"doodstream","kategori":"Video Indo","page":119,"index":138}