{"filecode":"mb2ayrqy9xfh","title":"Sma Dikelas Indo Memeksiana Staklam Doodstream Lulustream","deskripsi":"Nonton Sma Dikelas Indo Memeksiana Staklam Doodstream Lulustream gratis. Ukuran File: 112.00 MB, Durasi: 01:52. Populer: 12715 tayangan. Diunggah pada 2023-12-17 11:53:14 melalui doodstream. Kata Kunci Terkait: .","tag":null,"protected_embed":"https://dodl.pages.dev/mb2ayrqy9xfh","protected_dl":"https://myvidplay.com/d/mb2ayrqy9xfh","single_img":"https://postercdn.net/snaps/o01tyfb00limcu9j.jpg","splash_img":"https://postercdn.net/splash/o01tyfb00limcu9j.jpg","size":"117440512","length":"112","duration":"PT1M52S","views":"12715","uploaded":"2023-12-17 11:53:14","last_view":"2023-12-17 11:53:14","api_source":"doodstream","kategori":"Video Indo","page":69,"index":119}