{"filecode":"mb5vre8tits6","title":"Rencana Jahat Bos Jebak Yua Mikami Jav Sub Indo Streaming Pemersatu Dood","deskripsi":"Nonton Rencana Jahat Bos Jebak Yua Mikami Jav Sub Indo Streaming Pemersatu Dood gratis. Ukuran File: 45.00 MB, Durasi: 00:45. Populer: 529 tayangan. Diunggah pada 2024-02-06 08:31:28 melalui doodstream. Kata Kunci Terkait: .","tag":null,"protected_embed":"https://dodl.pages.dev/mb5vre8tits6","protected_dl":"https://myvidplay.com/d/mb5vre8tits6","single_img":"https://postercdn.net/snaps/orn1t90bh76ie8kn.jpg","splash_img":"https://postercdn.net/splash/orn1t90bh76ie8kn.jpg","size":"47185920","length":"45","duration":"PT45S","views":"529","uploaded":"2024-02-06 08:31:28","last_view":"2024-02-06 08:31:28","api_source":"doodstream","kategori":"Video Indo","page":59,"index":80}