{"filecode":"mbb8w7nhrqzt","title":"Pijat Tante Sambil Duduk Sampe Ngewe Ackd Asupan Viral Popstream Bokepsin Doods","deskripsi":"Nonton Pijat Tante Sambil Duduk Sampe Ngewe Ackd Asupan Viral Popstream Bokepsin Doods gratis. Ukuran File: 551.00 MB, Durasi: 09:11. Populer: 10410 tayangan. Diunggah pada 2024-06-14 05:03:04 melalui doodstream. Kata Kunci Terkait: .","tag":null,"protected_embed":"https://dodl.pages.dev/mbb8w7nhrqzt","protected_dl":"https://myvidplay.com/d/mbb8w7nhrqzt","single_img":"https://postercdn.net/snaps/8ds0pww8qvfdpe9r.jpg","splash_img":"https://postercdn.net/splash/8ds0pww8qvfdpe9r.jpg","size":"577765376","length":"551","duration":"PT9M11S","views":"10410","uploaded":"2024-06-14 05:03:04","last_view":"2024-06-14 05:03:04","api_source":"doodstream","kategori":"Video Viral","page":42,"index":26}