{"filecode":"mbexfg5hj33l","title":"Rara Nadifa Gadis Abg Viral Bokep Indo Update Video Terupdate Lagi Bochiel","deskripsi":"Nonton Rara Nadifa Gadis Abg Viral Bokep Indo Update Video Terupdate Lagi Bochiel gratis. Ukuran File: 391.00 MB, Durasi: 06:31. Populer: 1129 tayangan. Diunggah pada 2024-08-08 02:06:19 melalui doodstream. Kata Kunci Terkait: .","tag":null,"protected_embed":"https://dodl.pages.dev/mbexfg5hj33l","protected_dl":"https://myvidplay.com/d/mbexfg5hj33l","single_img":"https://postercdn.net/snaps/0far4zjy5uljccdj.jpg","splash_img":"https://postercdn.net/splash/0far4zjy5uljccdj.jpg","size":"409993216","length":"391","duration":"PT6M31S","views":"1129","uploaded":"2024-08-08 02:06:19","last_view":"2024-08-08 02:06:19","api_source":"doodstream","kategori":"Video Viral","page":39,"index":82}