{"filecode":"mbgeo71qew9u","title":"Tatachwan Abg Yo Update Mei Tiktok Lulustream Cilbo Bokepind Video Colmek","deskripsi":"Nonton Tatachwan Abg Yo Update Mei Tiktok Lulustream Cilbo Bokepind Video Colmek gratis. Ukuran File: 65.00 MB, Durasi: 01:05. Populer: 188 tayangan. Diunggah pada 2025-11-17 13:27:36 melalui lulustream. Kata Kunci Terkait: .","tag":null,"protected_embed":"https://luvluv.pages.dev/mbgeo71qew9u","protected_dl":"https://lulustream.com/d/mbgeo71qew9u","single_img":"https://img.lulucdn.com/mbgeo71qew9u_t.jpg","splash_img":"https://img.lulucdn.com/mbgeo71qew9u_xt.jpg","size":"68157440","length":"65","duration":"PT1M5S","views":188,"uploaded":"2025-11-17 13:27:36","last_view":"2025-11-17 13:27:36","api_source":"lulustream","kategori":"Video Lulustream","page":3,"index":29}