{"filecode":"mbkxvuf1k2d5","title":"O Trenggalek M Sugiono Terupdate Streaming Simintok Links Doods Pro","deskripsi":"Nonton O Trenggalek M Sugiono Terupdate Streaming Simintok Links Doods Pro gratis. Ukuran File: 79.00 MB, Durasi: 01:19. Populer: 3124 tayangan. Diunggah pada 2023-11-09 12:44:08 melalui doodstream. Kata Kunci Terkait: .","tag":null,"protected_embed":"https://dodl.pages.dev/mbkxvuf1k2d5","protected_dl":"https://myvidplay.com/d/mbkxvuf1k2d5","single_img":"https://postercdn.net/snaps/3t0ujhgiqhe58045.jpg","splash_img":"https://postercdn.net/splash/3t0ujhgiqhe58045.jpg","size":"82837504","length":"79","duration":"PT1M19S","views":"3124","uploaded":"2023-11-09 12:44:08","last_view":"2023-11-09 12:44:08","api_source":"doodstream","kategori":"Video Streaming","page":85,"index":165}