{"filecode":"mblzquwmuk1o","title":"Video Ngentot Barat Cantik Mama Muda Jepang Doodflix Doodstream Simontok Dood Asupan","deskripsi":"Nonton Video Ngentot Barat Cantik Mama Muda Jepang Doodflix Doodstream Simontok Dood Asupan gratis. Ukuran File: 755.00 MB, Durasi: 12:35. Populer: 14657 tayangan. Diunggah pada 2023-06-30 05:10:03 melalui doodstream. Kata Kunci Terkait: .","tag":null,"protected_embed":"https://dodl.pages.dev/mblzquwmuk1o","protected_dl":"https://myvidplay.com/d/mblzquwmuk1o","single_img":"https://postercdn.net/snaps/vk17uycvkgzlun2c.jpg","splash_img":"https://postercdn.net/splash/vk17uycvkgzlun2c.jpg","size":"791674880","length":"755","duration":"PT12M35S","views":"14657","uploaded":"2023-06-30 05:10:03","last_view":"2023-06-30 05:10:03","api_source":"doodstream","kategori":"Video Jepang","page":133,"index":148}