{"filecode":"mbm56nzok4au","title":"Part Prank Tukang Pijat Tiktok Memeksiana Tobrut Video Indo Poophd","deskripsi":"Nonton Part Prank Tukang Pijat Tiktok Memeksiana Tobrut Video Indo Poophd gratis. Ukuran File: 140.00 MB, Durasi: 02:20. Populer: 11404 tayangan. Diunggah pada 2023-09-07 18:05:59 melalui doodstream. Kata Kunci Terkait: .","tag":null,"protected_embed":"https://dodl.pages.dev/mbm56nzok4au","protected_dl":"https://myvidplay.com/d/mbm56nzok4au","single_img":"https://postercdn.net/snaps/c9rwpizkgq7g0t95.jpg","splash_img":"https://postercdn.net/splash/c9rwpizkgq7g0t95.jpg","size":"146800640","length":"140","duration":"PT2M20S","views":"11404","uploaded":"2023-09-07 18:05:59","last_view":"2023-09-07 18:05:59","api_source":"doodstream","kategori":"Video Indo","page":110,"index":15}