{"filecode":"mbn2i5qzmiys","title":"Doodstream Com Streamtape Onlyfans Emma Paige And Erin Ohara Threesome Redhead Interracial","deskripsi":"Nonton Doodstream Com Streamtape Onlyfans Emma Paige And Erin Ohara Threesome Redhead Interracial gratis. Ukuran File: 1.69 GB, Durasi: 28:55. Populer: 1284 tayangan. Diunggah pada 2024-03-30 14:19:04 melalui doodstream. Kata Kunci Terkait: .","tag":null,"protected_embed":"https://dodl.pages.dev/mbn2i5qzmiys","protected_dl":"https://myvidplay.com/d/mbn2i5qzmiys","single_img":"https://postercdn.net/snaps/jve5ijl26jtehb75.jpg","splash_img":"https://postercdn.net/splash/jve5ijl26jtehb75.jpg","size":"1819279360","length":"1735","duration":"PT28M55S","views":"1284","uploaded":"2024-03-30 14:19:04","last_view":"2024-03-30 14:19:04","api_source":"doodstream","kategori":"Video Doodstream","page":47,"index":146}