{"filecode":"mbnjpqudsik7","title":"Ayra Video Indo Asupan Viral Pejuang Lendir","deskripsi":"Nonton Ayra Video Indo Asupan Viral Pejuang Lendir gratis. Ukuran File: 2.90 GB, Durasi: 49:31. Populer: 96 tayangan. Diunggah pada 2025-02-01 21:29:21 melalui doodstream. Kata Kunci Terkait: .","tag":null,"protected_embed":"https://dodl.pages.dev/mbnjpqudsik7","protected_dl":"https://myvidplay.com/d/mbnjpqudsik7","single_img":"https://postercdn.net/snaps/rlutfc9sbx08c8wt.jpg","splash_img":"https://postercdn.net/splash/rlutfc9sbx08c8wt.jpg","size":"3115319296","length":"2971","duration":"PT49M31S","views":"96","uploaded":"2025-02-01 21:29:21","last_view":"2025-02-01 21:29:21","api_source":"doodstream","kategori":"Video Viral","page":15,"index":117}