{"filecode":"mbnoo9gr8nea","title":"Ayash Keponakan Vs Tante Sttw Video Bokep Tiktok Popstream Simintok Doodflix","deskripsi":"Nonton Ayash Keponakan Vs Tante Sttw Video Bokep Tiktok Popstream Simintok Doodflix gratis. Ukuran File: 100.00 MB, Durasi: 01:40. Populer: 185 tayangan. Diunggah pada 2025-10-09 17:16:26 melalui lulustream. Kata Kunci Terkait: .","tag":null,"protected_embed":"https://luvluv.pages.dev/mbnoo9gr8nea","protected_dl":"https://lulustream.com/d/mbnoo9gr8nea","single_img":"https://img.lulucdn.com/mbnoo9gr8nea_t.jpg","splash_img":"https://img.lulucdn.com/mbnoo9gr8nea_xt.jpg","size":"104857600","length":"100","duration":"PT1M40S","views":185,"uploaded":"2025-10-09 17:16:26","last_view":"2025-10-09 17:16:26","api_source":"lulustream","kategori":"Video Bokep","page":10,"index":108}