{"filecode":"mbqk2qhe80tz","title":"Abg Clmk Mmk Tembem Dodstream Bokep Xpanas Lokal Doodstreem","deskripsi":"Nonton Abg Clmk Mmk Tembem Dodstream Bokep Xpanas Lokal Doodstreem gratis. Ukuran File: 138.00 MB, Durasi: 02:18. Populer: 9131 tayangan. Diunggah pada 2023-10-27 02:08:41 melalui doodstream. Kata Kunci Terkait: .","tag":null,"protected_embed":"https://dodl.pages.dev/mbqk2qhe80tz","protected_dl":"https://myvidplay.com/d/mbqk2qhe80tz","single_img":"https://postercdn.net/snaps/fn966kbm851nioe1.jpg","splash_img":"https://postercdn.net/splash/fn966kbm851nioe1.jpg","size":"144703488","length":"138","duration":"PT2M18S","views":"9131","uploaded":"2023-10-27 02:08:41","last_view":"2023-10-27 02:08:41","api_source":"doodstream","kategori":"Video Lokal","page":89,"index":31}