{"filecode":"mbrhvmywdmkf","title":"Download Video Sma Indo Bokep Terbaru Twitter Tobrut Ful Album Jilbab Tiktok","deskripsi":"Nonton Download Video Sma Indo Bokep Terbaru Twitter Tobrut Ful Album Jilbab Tiktok gratis. Ukuran File: 467.00 MB, Durasi: 07:47. Populer: 441 tayangan. Diunggah pada 2023-12-10 07:51:26 melalui doodstream. Kata Kunci Terkait: .","tag":null,"protected_embed":"https://dodl.pages.dev/mbrhvmywdmkf","protected_dl":"https://myvidplay.com/d/mbrhvmywdmkf","single_img":"https://postercdn.net/snaps/a4rqvorehjvxk3fo.jpg","splash_img":"https://postercdn.net/splash/a4rqvorehjvxk3fo.jpg","size":"489684992","length":"467","duration":"PT7M47S","views":"441","uploaded":"2023-12-10 07:51:26","last_view":"2023-12-10 07:51:26","api_source":"doodstream","kategori":"Video Terbaru","page":75,"index":78}