{"filecode":"mbrwdt58kz5e","title":"Pepek Mulus Rasa Ingin Crot Banyak Toketbagus Streaming Viral Lulustream Tele","deskripsi":"Nonton Pepek Mulus Rasa Ingin Crot Banyak Toketbagus Streaming Viral Lulustream Tele gratis. Ukuran File: 69.00 MB, Durasi: 01:09. Populer: 2325 tayangan. Diunggah pada 2024-02-11 05:31:21 melalui doodstream. Kata Kunci Terkait: .","tag":null,"protected_embed":"https://dodl.pages.dev/mbrwdt58kz5e","protected_dl":"https://myvidplay.com/d/mbrwdt58kz5e","single_img":"https://postercdn.net/snaps/6lyjfj76347jrg1v.jpg","splash_img":"https://postercdn.net/splash/6lyjfj76347jrg1v.jpg","size":"72351744","length":"69","duration":"PT1M9S","views":"2325","uploaded":"2024-02-11 05:31:21","last_view":"2024-02-11 05:31:21","api_source":"doodstream","kategori":"Video Viral","page":57,"index":124}