{"filecode":"mbufuerfjerq","title":"Tante Sherly Ewe Ojol Muda Telegram Website Doodstreem Live Tobrut","deskripsi":"Nonton Tante Sherly Ewe Ojol Muda Telegram Website Doodstreem Live Tobrut gratis. Ukuran File: 1.38 GB, Durasi: 23:33. Populer: 6192 tayangan. Diunggah pada 2023-10-11 19:35:34 melalui doodstream. Kata Kunci Terkait: .","tag":null,"protected_embed":"https://dodl.pages.dev/mbufuerfjerq","protected_dl":"https://myvidplay.com/d/mbufuerfjerq","single_img":"https://postercdn.net/snaps/43ceu5cxjuzuijac.jpg","splash_img":"https://postercdn.net/splash/43ceu5cxjuzuijac.jpg","size":"1481637888","length":"1413","duration":"PT23M33S","views":"6192","uploaded":"2023-10-11 19:35:34","last_view":"2023-10-11 19:35:34","api_source":"doodstream","kategori":"Video Telegram","page":99,"index":62}