{"filecode":"mbuoavej0vxx","title":"Kartika Chedid Model Cakep Kaget Disuruh Anu M Kf Dood Stream Full","deskripsi":"Nonton Kartika Chedid Model Cakep Kaget Disuruh Anu M Kf Dood Stream Full gratis. Ukuran File: 707.00 MB, Durasi: 11:47. Populer: 16667 tayangan. Diunggah pada 2023-06-29 15:44:56 melalui doodstream. Kata Kunci Terkait: .","tag":null,"protected_embed":"https://dodl.pages.dev/mbuoavej0vxx","protected_dl":"https://myvidplay.com/d/mbuoavej0vxx","single_img":"https://postercdn.net/snaps/l9yzl008v8l0jykb.jpg","splash_img":"https://postercdn.net/splash/l9yzl008v8l0jykb.jpg","size":"741343232","length":"707","duration":"PT11M47S","views":"16667","uploaded":"2023-06-29 15:44:56","last_view":"2023-06-29 15:44:56","api_source":"doodstream","kategori":"Video Dood","page":134,"index":14}