{"filecode":"mbw1v3yw39lh","title":"Enak Banget Sepongan Tante Diana X Hijablink Hijab Jilbab Sevong Pawg Ngewedihotel","deskripsi":"Nonton Enak Banget Sepongan Tante Diana X Hijablink Hijab Jilbab Sevong Pawg Ngewedihotel gratis. Ukuran File: 140.00 MB, Durasi: 02:20. Populer: 7683 tayangan. Diunggah pada 2024-02-13 07:39:24 melalui doodstream. Kata Kunci Terkait: .","tag":null,"protected_embed":"https://dodl.pages.dev/mbw1v3yw39lh","protected_dl":"https://myvidplay.com/d/mbw1v3yw39lh","single_img":"https://postercdn.net/snaps/5txl8658y4pgqjus.jpg","splash_img":"https://postercdn.net/splash/5txl8658y4pgqjus.jpg","size":"146800640","length":"140","duration":"PT2M20S","views":"7683","uploaded":"2024-02-13 07:39:24","last_view":"2024-02-13 07:39:24","api_source":"doodstream","kategori":"Video Hijab","page":56,"index":192}