{"filecode":"mbxca8gseluk","title":"Ngentot Cewek Putih Mulus Di Kamar Mandi Terupdate Pejuang Lendir Video Viral","deskripsi":"Nonton Ngentot Cewek Putih Mulus Di Kamar Mandi Terupdate Pejuang Lendir Video Viral gratis. Ukuran File: 381.00 MB, Durasi: 06:21. Populer: 104726 tayangan. Diunggah pada 2023-04-15 22:19:47 melalui doodstream. Kata Kunci Terkait: .","tag":null,"protected_embed":"https://dodl.pages.dev/mbxca8gseluk","protected_dl":"https://myvidplay.com/d/mbxca8gseluk","single_img":"https://postercdn.net/snaps/zax9la3lt1dvopu5.jpg","splash_img":"https://postercdn.net/splash/zax9la3lt1dvopu5.jpg","size":"399507456","length":"381","duration":"PT6M21S","views":"104726","uploaded":"2023-04-15 22:19:47","last_view":"2023-04-15 22:19:47","api_source":"doodstream","kategori":"Video Viral","page":137,"index":13}