{"filecode":"mby361tszeor","title":"Ome Tv Dood Stream Yakwad Bokepsin Cilbo Bokep Staklam","deskripsi":"Nonton Ome Tv Dood Stream Yakwad Bokepsin Cilbo Bokep Staklam gratis. Ukuran File: 140.00 MB, Durasi: 02:20. Populer: 2400 tayangan. Diunggah pada 2023-10-03 22:15:02 melalui doodstream. Kata Kunci Terkait: .","tag":null,"protected_embed":"https://dodl.pages.dev/mby361tszeor","protected_dl":"https://myvidplay.com/d/mby361tszeor","single_img":"https://postercdn.net/snaps/gc4i7tixx6qg8d11.jpg","splash_img":"https://postercdn.net/splash/gc4i7tixx6qg8d11.jpg","size":"146800640","length":"140","duration":"PT2M20S","views":"2400","uploaded":"2023-10-03 22:15:02","last_view":"2023-10-03 22:15:02","api_source":"doodstream","kategori":"Video Dood","page":105,"index":120}