{"filecode":"990em4ywv4a2","title":"Dewi Hijab Colmek Pake Botol Bokepsatset Simintok Full Album Videos Viral","deskripsi":"Nonton Dewi Hijab Colmek Pake Botol Bokepsatset Simintok Full Album Videos Viral gratis. Ukuran File: 34.00 MB, Durasi: 00:34. Populer: 1751 tayangan. Diunggah pada 2023-10-05 20:48:42 melalui doodstream. Kata Kunci Terkait: .","tag":null,"protected_embed":"https://dodl.pages.dev/990em4ywv4a2","protected_dl":"https://myvidplay.com/d/990em4ywv4a2","single_img":"https://postercdn.net/snaps/5ebl1ywdgfmv8hoi.jpg","splash_img":"https://postercdn.net/splash/5ebl1ywdgfmv8hoi.jpg","size":"35651584","length":"34","duration":"PT34S","views":"1751","uploaded":"2023-10-05 20:48:42","last_view":"2023-10-05 20:48:42","api_source":"doodstream","kategori":"Video Hijab","page":103,"index":157}