{"filecode":"9926yzos353h","title":"Bokep Miss Chesty Colmek Di Kamar Mandi Play Video Doodstream Tele Lagi","deskripsi":"Nonton Bokep Miss Chesty Colmek Di Kamar Mandi Play Video Doodstream Tele Lagi gratis. Ukuran File: 314.00 MB, Durasi: 05:14. Populer: 11511 tayangan. Diunggah pada 2023-08-03 13:04:45 melalui doodstream. Kata Kunci Terkait: .","tag":null,"protected_embed":"https://dodl.pages.dev/9926yzos353h","protected_dl":"https://myvidplay.com/d/9926yzos353h","single_img":"https://postercdn.net/snaps/16hf5gznzvso4jfk.jpg","splash_img":"https://postercdn.net/splash/16hf5gznzvso4jfk.jpg","size":"329252864","length":"314","duration":"PT5M14S","views":"11511","uploaded":"2023-08-03 13:04:45","last_view":"2023-08-03 13:04:45","api_source":"doodstream","kategori":"Video Doodstream","page":123,"index":76}