{"filecode":"9939hlr92dc8","title":"Viral Selegram Tiktok Cewe Cindo Di Masukin Rudal Full Album Cilbo Indo","deskripsi":"Nonton Viral Selegram Tiktok Cewe Cindo Di Masukin Rudal Full Album Cilbo Indo gratis. Ukuran File: 118.00 MB, Durasi: 01:58. Populer: 460 tayangan. Diunggah pada 2024-08-31 14:43:06 melalui doodstream. Kata Kunci Terkait: .","tag":null,"protected_embed":"https://dodl.pages.dev/9939hlr92dc8","protected_dl":"https://myvidplay.com/d/9939hlr92dc8","single_img":"https://postercdn.net/snaps/exiwgshyksjhmp6q.jpg","splash_img":"https://postercdn.net/splash/exiwgshyksjhmp6q.jpg","size":"123731968","length":"118","duration":"PT1M58S","views":"460","uploaded":"2024-08-31 14:43:06","last_view":"2024-08-31 14:43:06","api_source":"doodstream","kategori":"Video Viral","page":37,"index":97}