{"filecode":"993gllg5vyqx","title":"Skandal Dian Toket Montok Pukihot Bokep31 Cantik Tobrut Doods Pro Update Video","deskripsi":"Nonton Skandal Dian Toket Montok Pukihot Bokep31 Cantik Tobrut Doods Pro Update Video gratis. Ukuran File: 900.00 MB, Durasi: 15:00. Populer: 2666 tayangan. Diunggah pada 2023-09-28 23:43:39 melalui doodstream. Kata Kunci Terkait: .","tag":null,"protected_embed":"https://dodl.pages.dev/993gllg5vyqx","protected_dl":"https://myvidplay.com/d/993gllg5vyqx","single_img":"https://postercdn.net/snaps/h0jk3m5wdwi54bwe.jpg","splash_img":"https://postercdn.net/splash/h0jk3m5wdwi54bwe.jpg","size":"943718400","length":"900","duration":"PT15M","views":"2666","uploaded":"2023-09-28 23:43:39","last_view":"2023-09-28 23:43:39","api_source":"doodstream","kategori":"Video Skandal","page":107,"index":161}