{"filecode":"997winn9y7o4","title":"Dea Of Dood Stream Video Viral Indo Simintok Staklam Cantik Tobrut","deskripsi":"Nonton Dea Of Dood Stream Video Viral Indo Simintok Staklam Cantik Tobrut gratis. Ukuran File: 71.00 MB, Durasi: 01:11. Populer: 940 tayangan. Diunggah pada 2025-01-21 13:20:53 melalui doodstream. Kata Kunci Terkait: .","tag":null,"protected_embed":"https://dodl.pages.dev/997winn9y7o4","protected_dl":"https://myvidplay.com/d/997winn9y7o4","single_img":"https://postercdn.net/snaps/yfjlqm14unne1t33.jpg","splash_img":"https://postercdn.net/splash/yfjlqm14unne1t33.jpg","size":"74448896","length":"71","duration":"PT1M11S","views":"940","uploaded":"2025-01-21 13:20:53","last_view":"2025-01-21 13:20:53","api_source":"doodstream","kategori":"Video Viral","page":16,"index":147}