{"filecode":"999hgcop4dzh","title":"Miss A U Bokepin Bochiel Bokep Video Dood","deskripsi":"Nonton Miss A U Bokepin Bochiel Bokep Video Dood gratis. Ukuran File: 13.00 MB, Durasi: 00:13. Populer: 93 tayangan. Diunggah pada 2025-01-13 05:33:46 melalui doodstream. Kata Kunci Terkait: .","tag":null,"protected_embed":"https://dodl.pages.dev/999hgcop4dzh","protected_dl":"https://myvidplay.com/d/999hgcop4dzh","single_img":"https://postercdn.net/snaps/uk5z75p05lkep2ej.jpg","splash_img":"https://postercdn.net/splash/uk5z75p05lkep2ej.jpg","size":"13631488","length":"13","duration":"PT13S","views":"93","uploaded":"2025-01-13 05:33:46","last_view":"2025-01-13 05:33:46","api_source":"doodstream","kategori":"Video Dood","page":19,"index":99}