{"filecode":"999mwa4i7979","title":"Review Memek Merah Bikin Pengen Bokep Indo Viral Streaming Doodflix Doodstream Toketbagus","deskripsi":"Nonton Review Memek Merah Bikin Pengen Bokep Indo Viral Streaming Doodflix Doodstream Toketbagus gratis. Ukuran File: 105.00 MB, Durasi: 01:45. Populer: 1089 tayangan. Diunggah pada 2024-03-12 18:41:43 melalui doodstream. Kata Kunci Terkait: .","tag":null,"protected_embed":"https://dodl.pages.dev/999mwa4i7979","protected_dl":"https://myvidplay.com/d/999mwa4i7979","single_img":"https://postercdn.net/snaps/0vqaf1wvksk8sxla.jpg","splash_img":"https://postercdn.net/splash/0vqaf1wvksk8sxla.jpg","size":"110100480","length":"105","duration":"PT1M45S","views":"1089","uploaded":"2024-03-12 18:41:43","last_view":"2024-03-12 18:41:43","api_source":"doodstream","kategori":"Video Viral","page":50,"index":86}