{"filecode":"99ag7212wxu5","title":"Bokep Skandal Mahasiswi Meru Chan Hijab Part Bokepsin Bebasindo Pekoblive Asupan Downloader","deskripsi":"Nonton Bokep Skandal Mahasiswi Meru Chan Hijab Part Bokepsin Bebasindo Pekoblive Asupan Downloader gratis. Ukuran File: 469.00 MB, Durasi: 07:49. Populer: 1493 tayangan. Diunggah pada 2023-08-27 16:30:58 melalui doodstream. Kata Kunci Terkait: .","tag":null,"protected_embed":"https://dodl.pages.dev/99ag7212wxu5","protected_dl":"https://myvidplay.com/d/99ag7212wxu5","single_img":"https://postercdn.net/snaps/25abyfj2ys7jf9un.jpg","splash_img":"https://postercdn.net/splash/25abyfj2ys7jf9un.jpg","size":"491782144","length":"469","duration":"PT7M49S","views":"1493","uploaded":"2023-08-27 16:30:58","last_view":"2023-08-27 16:30:58","api_source":"doodstream","kategori":"Video Hijab","page":111,"index":183}