{"filecode":"99d005ap2prw","title":"Dmd Bokepsin Xpanas Doodstreem Dodstream","deskripsi":"Nonton Dmd Bokepsin Xpanas Doodstreem Dodstream gratis. Ukuran File: 124.00 MB, Durasi: 02:04. Populer: 412 tayangan. Diunggah pada 2025-10-14 16:56:08 melalui lulustream. Kata Kunci Terkait: .","tag":null,"protected_embed":"https://luvluv.pages.dev/99d005ap2prw","protected_dl":"https://lulustream.com/d/99d005ap2prw","single_img":"https://img.lulucdn.com/99d005ap2prw_t.jpg","splash_img":"https://img.lulucdn.com/99d005ap2prw_xt.jpg","size":"130023424","length":"124","duration":"PT2M4S","views":412,"uploaded":"2025-10-14 16:56:08","last_view":"2025-10-14 16:56:08","api_source":"lulustream","kategori":"Video Dmd","page":10,"index":19}