{"filecode":"99dw5akcl4j7","title":"Christabel Chua Dood Stream Videos Bokep31 Telegram Indonesia Sotwe","deskripsi":"Nonton Christabel Chua Dood Stream Videos Bokep31 Telegram Indonesia Sotwe gratis. Ukuran File: 66.00 MB, Durasi: 01:06. Populer: 863 tayangan. Diunggah pada 2023-10-05 16:36:24 melalui doodstream. Kata Kunci Terkait: .","tag":null,"protected_embed":"https://dodl.pages.dev/99dw5akcl4j7","protected_dl":"https://myvidplay.com/d/99dw5akcl4j7","single_img":"https://postercdn.net/snaps/vrn74rhbzeouqlhz.jpg","splash_img":"https://postercdn.net/splash/vrn74rhbzeouqlhz.jpg","size":"69206016","length":"66","duration":"PT1M6S","views":"863","uploaded":"2023-10-05 16:36:24","last_view":"2023-10-05 16:36:24","api_source":"doodstream","kategori":"Video Indonesia","page":104,"index":126}