{"filecode":"99ez0pya4twr","title":"Jilboobsr Skandal Jilbab Hijab Viral Abg Yo Pemersatu Fun Dood Stream Ngentot","deskripsi":"Nonton Jilboobsr Skandal Jilbab Hijab Viral Abg Yo Pemersatu Fun Dood Stream Ngentot gratis. Ukuran File: 456.00 MB, Durasi: 07:36. Populer: 3717 tayangan. Diunggah pada 2024-02-05 17:53:44 melalui doodstream. Kata Kunci Terkait: .","tag":null,"protected_embed":"https://dodl.pages.dev/99ez0pya4twr","protected_dl":"https://myvidplay.com/d/99ez0pya4twr","single_img":"https://postercdn.net/snaps/2i8bnfww5f7mdyht.jpg","splash_img":"https://postercdn.net/splash/2i8bnfww5f7mdyht.jpg","size":"478150656","length":"456","duration":"PT7M36S","views":"3717","uploaded":"2024-02-05 17:53:44","last_view":"2024-02-05 17:53:44","api_source":"doodstream","kategori":"Video Hijab","page":59,"index":128}