{"filecode":"99g5qmkhvsg2","title":"Viral Tante Semok Pamer Bokong Puki Nya Tembem Banget Terbaru Poophd Cantik","deskripsi":"Nonton Viral Tante Semok Pamer Bokong Puki Nya Tembem Banget Terbaru Poophd Cantik gratis. Ukuran File: 175.00 MB, Durasi: 02:55. Populer: 739 tayangan. Diunggah pada 2024-01-05 10:39:20 melalui doodstream. Kata Kunci Terkait: .","tag":null,"protected_embed":"https://dodl.pages.dev/99g5qmkhvsg2","protected_dl":"https://myvidplay.com/d/99g5qmkhvsg2","single_img":"https://postercdn.net/snaps/2sk219jlo1shjxaw.jpg","splash_img":"https://postercdn.net/splash/2sk219jlo1shjxaw.jpg","size":"183500800","length":"175","duration":"PT2M55S","views":"739","uploaded":"2024-01-05 10:39:20","last_view":"2024-01-05 10:39:20","api_source":"doodstream","kategori":"Video Viral","page":63,"index":191}