{"filecode":"99hdp25j7g93","title":"Ngentot Gadis Cosplayers Cantik Imut Onlyfans Yuzukitty Jepang Tanpa Sensor Abg","deskripsi":"Nonton Ngentot Gadis Cosplayers Cantik Imut Onlyfans Yuzukitty Jepang Tanpa Sensor Abg gratis. Ukuran File: 1.04 GB, Durasi: 17:50. Populer: 3634 tayangan. Diunggah pada 2023-10-16 03:00:55 melalui doodstream. Kata Kunci Terkait: .","tag":null,"protected_embed":"https://dodl.pages.dev/99hdp25j7g93","protected_dl":"https://myvidplay.com/d/99hdp25j7g93","single_img":"https://postercdn.net/snaps/e8w33urj5rgth10m.jpg","splash_img":"https://postercdn.net/splash/e8w33urj5rgth10m.jpg","size":"1121976320","length":"1070","duration":"PT17M50S","views":"3634","uploaded":"2023-10-16 03:00:55","last_view":"2023-10-16 03:00:55","api_source":"doodstream","kategori":"Video Jepang","page":97,"index":145}