{"filecode":"99k0xvtwl6t1","title":"Bokep Selingkuh Ngentot Tante Pantat Besar Di Sofa Website Bokepin Lokal Bochiel","deskripsi":"Nonton Bokep Selingkuh Ngentot Tante Pantat Besar Di Sofa Website Bokepin Lokal Bochiel gratis. Ukuran File: 586.00 MB, Durasi: 09:46. Populer: 1773 tayangan. Diunggah pada 2024-04-04 02:49:47 melalui doodstream. Kata Kunci Terkait: .","tag":null,"protected_embed":"https://dodl.pages.dev/99k0xvtwl6t1","protected_dl":"https://myvidplay.com/d/99k0xvtwl6t1","single_img":"https://postercdn.net/snaps/wl8xj9ss0tg0dwco.jpg","splash_img":"https://postercdn.net/splash/wl8xj9ss0tg0dwco.jpg","size":"614465536","length":"586","duration":"PT9M46S","views":"1773","uploaded":"2024-04-04 02:49:47","last_view":"2024-04-04 02:49:47","api_source":"doodstream","kategori":"Video Lokal","page":47,"index":59}