{"filecode":"99o27kryo6by","title":"Bokep Indo Ngewe Bocil Desahannya Nikmat Banget Video Sma Toketbagus Videos Doodflix","deskripsi":"Nonton Bokep Indo Ngewe Bocil Desahannya Nikmat Banget Video Sma Toketbagus Videos Doodflix gratis. Ukuran File: 328.00 MB, Durasi: 05:28. Populer: 4267 tayangan. Diunggah pada 2024-09-14 17:41:33 melalui doodstream. Kata Kunci Terkait: .","tag":null,"protected_embed":"https://dodl.pages.dev/99o27kryo6by","protected_dl":"https://myvidplay.com/d/99o27kryo6by","single_img":"https://postercdn.net/snaps/at6xzyqkxzp2ea45.jpg","splash_img":"https://postercdn.net/splash/at6xzyqkxzp2ea45.jpg","size":"343932928","length":"328","duration":"PT5M28S","views":"4267","uploaded":"2024-09-14 17:41:33","last_view":"2024-09-14 17:41:33","api_source":"doodstream","kategori":"Video Indo","page":34,"index":88}