{"filecode":"99oxm0y106p2","title":"Muasin Bini Tetangga Semok Doodsflix Doodstreem Videos Bochiel Video Bokep","deskripsi":"Nonton Muasin Bini Tetangga Semok Doodsflix Doodstreem Videos Bochiel Video Bokep gratis. Ukuran File: 112.00 MB, Durasi: 01:52. Populer: 51980 tayangan. Diunggah pada 2023-08-22 11:14:39 melalui doodstream. Kata Kunci Terkait: .","tag":null,"protected_embed":"https://dodl.pages.dev/99oxm0y106p2","protected_dl":"https://myvidplay.com/d/99oxm0y106p2","single_img":"https://postercdn.net/snaps/iadsb2236m7b86s7.jpg","splash_img":"https://postercdn.net/splash/iadsb2236m7b86s7.jpg","size":"117440512","length":"112","duration":"PT1M52S","views":"51980","uploaded":"2023-08-22 11:14:39","last_view":"2023-08-22 11:14:39","api_source":"doodstream","kategori":"Video Bokep","page":113,"index":100}