{"filecode":"99qaj0f53fv1","title":"Main Sama Teman Sma Crot Dalam Dood Stream Doods Pro Update Bokepsin","deskripsi":"Nonton Main Sama Teman Sma Crot Dalam Dood Stream Doods Pro Update Bokepsin gratis. Ukuran File: 398.00 MB, Durasi: 06:38. Populer: 3591 tayangan. Diunggah pada 2023-08-07 22:44:36 melalui doodstream. Kata Kunci Terkait: .","tag":null,"protected_embed":"https://dodl.pages.dev/99qaj0f53fv1","protected_dl":"https://myvidplay.com/d/99qaj0f53fv1","single_img":"https://postercdn.net/snaps/hdzcexrk880ptch7.jpg","splash_img":"https://postercdn.net/splash/hdzcexrk880ptch7.jpg","size":"417333248","length":"398","duration":"PT6M38S","views":"3591","uploaded":"2023-08-07 22:44:36","last_view":"2023-08-07 22:44:36","api_source":"doodstream","kategori":"Video Dood","page":120,"index":0}