{"filecode":"99ru5h848360","title":"Dood Share Chindo Maksa Ewe Tukang Pijet Viral Video Popstream Live Asupan","deskripsi":"Nonton Dood Share Chindo Maksa Ewe Tukang Pijet Viral Video Popstream Live Asupan gratis. Ukuran File: 1.96 GB, Durasi: 33:28. Populer: 2385 tayangan. Diunggah pada 2023-08-26 12:12:09 melalui doodstream. Kata Kunci Terkait: .","tag":null,"protected_embed":"https://dodl.pages.dev/99ru5h848360","protected_dl":"https://myvidplay.com/d/99ru5h848360","single_img":"https://postercdn.net/snaps/es6u1593pqcdlnul.jpg","splash_img":"https://postercdn.net/splash/es6u1593pqcdlnul.jpg","size":"2105540608","length":"2008","duration":"PT33M28S","views":"2385","uploaded":"2023-08-26 12:12:09","last_view":"2023-08-26 12:12:09","api_source":"doodstream","kategori":"Video Viral","page":112,"index":172}