{"filecode":"99tphxk08ixs","title":"Pulang Dugem Cewenya Masih Halu Malah Joget Pas Lagi Ngentot Indonesia Toketbagus","deskripsi":"Nonton Pulang Dugem Cewenya Masih Halu Malah Joget Pas Lagi Ngentot Indonesia Toketbagus gratis. Ukuran File: 234.00 MB, Durasi: 03:54. Populer: 1943 tayangan. Diunggah pada 2024-05-08 13:29:58 melalui doodstream. Kata Kunci Terkait: .","tag":null,"protected_embed":"https://dodl.pages.dev/99tphxk08ixs","protected_dl":"https://myvidplay.com/d/99tphxk08ixs","single_img":"https://postercdn.net/snaps/98sm972ycyq13chg.jpg","splash_img":"https://postercdn.net/splash/98sm972ycyq13chg.jpg","size":"245366784","length":"234","duration":"PT3M54S","views":"1943","uploaded":"2024-05-08 13:29:58","last_view":"2024-05-08 13:29:58","api_source":"doodstream","kategori":"Video Indonesia","page":44,"index":194}