{"filecode":"99ufv9bfp445","title":"Hijab Belajar Nyepong Eh Malah Crot Video Bokep Link Web Viral Dood","deskripsi":"Nonton Hijab Belajar Nyepong Eh Malah Crot Video Bokep Link Web Viral Dood gratis. Ukuran File: 123.00 MB, Durasi: 02:03. Populer: 8201 tayangan. Diunggah pada 2023-08-16 15:18:58 melalui doodstream. Kata Kunci Terkait: .","tag":null,"protected_embed":"https://dodl.pages.dev/99ufv9bfp445","protected_dl":"https://myvidplay.com/d/99ufv9bfp445","single_img":"https://postercdn.net/snaps/p71a9pob8pljo5ic.jpg","splash_img":"https://postercdn.net/splash/p71a9pob8pljo5ic.jpg","size":"128974848","length":"123","duration":"PT2M3S","views":"8201","uploaded":"2023-08-16 15:18:58","last_view":"2023-08-16 15:18:58","api_source":"doodstream","kategori":"Video Hijab","page":117,"index":124}