{"filecode":"99upv5zdm5xe","title":"Skandal Video Mesum Suster Cantik Lila Irwan Bokepinc Lulustream Jilbab Viral Doodstreem","deskripsi":"Nonton Skandal Video Mesum Suster Cantik Lila Irwan Bokepinc Lulustream Jilbab Viral Doodstreem gratis. Ukuran File: 219.00 MB, Durasi: 03:39. Populer: 35412 tayangan. Diunggah pada 2023-07-02 07:27:13 melalui doodstream. Kata Kunci Terkait: .","tag":null,"protected_embed":"https://dodl.pages.dev/99upv5zdm5xe","protected_dl":"https://myvidplay.com/d/99upv5zdm5xe","single_img":"https://postercdn.net/snaps/fzgxdjfni9m0efjj.jpg","splash_img":"https://postercdn.net/splash/fzgxdjfni9m0efjj.jpg","size":"229638144","length":"219","duration":"PT3M39S","views":"35412","uploaded":"2023-07-02 07:27:13","last_view":"2023-07-02 07:27:13","api_source":"doodstream","kategori":"Video Viral","page":133,"index":69}