{"filecode":"99uubnu8dw66","title":"Abg Semok Sange Memek Genjot Dildo Ling Bokep Embed Indo","deskripsi":"Nonton Abg Semok Sange Memek Genjot Dildo Ling Bokep Embed Indo gratis. Ukuran File: 571.00 MB, Durasi: 09:31. Populer: 729 tayangan. Diunggah pada 2024-03-08 18:01:00 melalui doodstream. Kata Kunci Terkait: .","tag":null,"protected_embed":"https://dodl.pages.dev/99uubnu8dw66","protected_dl":"https://myvidplay.com/d/99uubnu8dw66","single_img":"https://postercdn.net/snaps/kj1li4ib7vqxesp1.jpg","splash_img":"https://postercdn.net/splash/kj1li4ib7vqxesp1.jpg","size":"598736896","length":"571","duration":"PT9M31S","views":"729","uploaded":"2024-03-08 18:01:00","last_view":"2024-03-08 18:01:00","api_source":"doodstream","kategori":"Video Indo","page":52,"index":35}