{"filecode":"99vdkr046aut","title":"Sma Thailand Asupan Doodstream Crotify Pemersatu Xpanas Video Viral Bochiel Website","deskripsi":"Nonton Sma Thailand Asupan Doodstream Crotify Pemersatu Xpanas Video Viral Bochiel Website gratis. Ukuran File: 136.00 MB, Durasi: 02:16. Populer: 930 tayangan. Diunggah pada 2024-01-09 00:09:56 melalui doodstream. Kata Kunci Terkait: .","tag":null,"protected_embed":"https://dodl.pages.dev/99vdkr046aut","protected_dl":"https://myvidplay.com/d/99vdkr046aut","single_img":"https://postercdn.net/snaps/43rdfj3hz29i2djm.jpg","splash_img":"https://postercdn.net/splash/43rdfj3hz29i2djm.jpg","size":"142606336","length":"136","duration":"PT2M16S","views":"930","uploaded":"2024-01-09 00:09:56","last_view":"2024-01-09 00:09:56","api_source":"doodstream","kategori":"Video Viral","page":63,"index":55}