{"filecode":"99vo1uid4ajf","title":"Ometv Sange Indo Downloader Cilbo Doods Pro Website","deskripsi":"Nonton Ometv Sange Indo Downloader Cilbo Doods Pro Website gratis. Ukuran File: 594.00 MB, Durasi: 09:54. Populer: 2585 tayangan. Diunggah pada 2023-10-03 22:14:40 melalui doodstream. Kata Kunci Terkait: .","tag":null,"protected_embed":"https://dodl.pages.dev/99vo1uid4ajf","protected_dl":"https://myvidplay.com/d/99vo1uid4ajf","single_img":"https://postercdn.net/snaps/kt5j3i0a6c2cr20a.jpg","splash_img":"https://postercdn.net/splash/kt5j3i0a6c2cr20a.jpg","size":"622854144","length":"594","duration":"PT9M54S","views":"2585","uploaded":"2023-10-03 22:14:40","last_view":"2023-10-03 22:14:40","api_source":"doodstream","kategori":"Video Indo","page":105,"index":153}