{"filecode":"99w21fyor5v0","title":"Ngewe Tante Yang Sangat Penyayang Dgn Batang Dood Stream Ful Album Toketbagus","deskripsi":"Nonton Ngewe Tante Yang Sangat Penyayang Dgn Batang Dood Stream Ful Album Toketbagus gratis. Ukuran File: 140.00 MB, Durasi: 02:20. Populer: 2260 tayangan. Diunggah pada 2024-01-20 03:21:58 melalui doodstream. Kata Kunci Terkait: .","tag":null,"protected_embed":"https://dodl.pages.dev/99w21fyor5v0","protected_dl":"https://myvidplay.com/d/99w21fyor5v0","single_img":"https://postercdn.net/snaps/v5bo6jxxcwffstmh.jpg","splash_img":"https://postercdn.net/splash/v5bo6jxxcwffstmh.jpg","size":"146800640","length":"140","duration":"PT2M20S","views":"2260","uploaded":"2024-01-20 03:21:58","last_view":"2024-01-20 03:21:58","api_source":"doodstream","kategori":"Video Dood","page":61,"index":140}