{"filecode":"99zdubnqoo2u","title":"Viral Siswi Smp Dip Ksa Guru Olahraga Twitter Simintok Streaming Bokepsatset Terupdate","deskripsi":"Nonton Viral Siswi Smp Dip Ksa Guru Olahraga Twitter Simintok Streaming Bokepsatset Terupdate gratis. Ukuran File: 75.00 MB, Durasi: 01:15. Populer: 2534 tayangan. Diunggah pada 2024-03-08 16:46:22 melalui doodstream. Kata Kunci Terkait: .","tag":null,"protected_embed":"https://dodl.pages.dev/99zdubnqoo2u","protected_dl":"https://myvidplay.com/d/99zdubnqoo2u","single_img":"https://postercdn.net/snaps/v4x4l9wa08a7havz.jpg","splash_img":"https://postercdn.net/splash/v4x4l9wa08a7havz.jpg","size":"78643200","length":"75","duration":"PT1M15S","views":"2534","uploaded":"2024-03-08 16:46:22","last_view":"2024-03-08 16:46:22","api_source":"doodstream","kategori":"Video Viral","page":52,"index":48}