{"filecode":"qy1fl4woxeuw","title":"Bokep Indo Msbreewc Ngentot Gaya Wot Full Video Bebasindo Doods Pro Colmek","deskripsi":"Nonton Bokep Indo Msbreewc Ngentot Gaya Wot Full Video Bebasindo Doods Pro Colmek gratis. Ukuran File: 354.00 MB, Durasi: 05:54. Populer: 2394 tayangan. Diunggah pada 2023-09-07 10:39:22 melalui doodstream. Kata Kunci Terkait: .","tag":null,"protected_embed":"https://dodl.pages.dev/qy1fl4woxeuw","protected_dl":"https://myvidplay.com/d/qy1fl4woxeuw","single_img":"https://postercdn.net/snaps/7lprefmeuxhd1i27.jpg","splash_img":"https://postercdn.net/splash/7lprefmeuxhd1i27.jpg","size":"371195904","length":"354","duration":"PT5M54S","views":"2394","uploaded":"2023-09-07 10:39:22","last_view":"2023-09-07 10:39:22","api_source":"doodstream","kategori":"Video Indo","page":110,"index":57}