{"filecode":"qy3e4r50zsjq","title":"Xreindeers Posisi Ngentot Paling Enak Tapi Sulit Toket Bagus Com Viral Bokep31","deskripsi":"Nonton Xreindeers Posisi Ngentot Paling Enak Tapi Sulit Toket Bagus Com Viral Bokep31 gratis. Ukuran File: 1.07 GB, Durasi: 18:18. Populer: 830 tayangan. Diunggah pada 2024-06-05 12:46:08 melalui doodstream. Kata Kunci Terkait: .","tag":null,"protected_embed":"https://dodl.pages.dev/qy3e4r50zsjq","protected_dl":"https://myvidplay.com/d/qy3e4r50zsjq","single_img":"https://postercdn.net/snaps/v9zeu2lyxgy9hx2q.jpg","splash_img":"https://postercdn.net/splash/v9zeu2lyxgy9hx2q.jpg","size":"1151336448","length":"1098","duration":"PT18M18S","views":"830","uploaded":"2024-06-05 12:46:08","last_view":"2024-06-05 12:46:08","api_source":"doodstream","kategori":"Video Viral","page":42,"index":151}