{"filecode":"qy3jljfo38uv","title":"Bokep Indo Nekat Ngewe Di Depan Rumah Bokepindoh Videos Links Sotwe Bokepsatset","deskripsi":"Nonton Bokep Indo Nekat Ngewe Di Depan Rumah Bokepindoh Videos Links Sotwe Bokepsatset gratis. Ukuran File: 941.00 MB, Durasi: 15:41. Populer: 12407 tayangan. Diunggah pada 2023-12-09 14:07:37 melalui doodstream. Kata Kunci Terkait: .","tag":null,"protected_embed":"https://dodl.pages.dev/qy3jljfo38uv","protected_dl":"https://myvidplay.com/d/qy3jljfo38uv","single_img":"https://postercdn.net/snaps/zpvh5g9me5tyz5u9.jpg","splash_img":"https://postercdn.net/splash/zpvh5g9me5tyz5u9.jpg","size":"986710016","length":"941","duration":"PT15M41S","views":"12407","uploaded":"2023-12-09 14:07:37","last_view":"2023-12-09 14:07:37","api_source":"doodstream","kategori":"Video Indo","page":76,"index":11}