{"filecode":"qy4on6d0k9ru","title":"Nikmatnya Ngewe Enak Bareng Pacar Dikamar Gelap Video Indo Doods Pro Tiktok","deskripsi":"Nonton Nikmatnya Ngewe Enak Bareng Pacar Dikamar Gelap Video Indo Doods Pro Tiktok gratis. Ukuran File: 83.00 MB, Durasi: 01:23. Populer: 3587 tayangan. Diunggah pada 2023-12-16 00:27:33 melalui doodstream. Kata Kunci Terkait: .","tag":null,"protected_embed":"https://dodl.pages.dev/qy4on6d0k9ru","protected_dl":"https://myvidplay.com/d/qy4on6d0k9ru","single_img":"https://postercdn.net/snaps/ufhn6pi8u448c2n6.jpg","splash_img":"https://postercdn.net/splash/ufhn6pi8u448c2n6.jpg","size":"87031808","length":"83","duration":"PT1M23S","views":"3587","uploaded":"2023-12-16 00:27:33","last_view":"2023-12-16 00:27:33","api_source":"doodstream","kategori":"Video Indo","page":70,"index":16}