{"filecode":"qy76p9ix13d6","title":"Bokep Indo Meruchan Sange Colmek Di Dapur Bokepsin Com Cantik Tobrut Bokep31","deskripsi":"Nonton Bokep Indo Meruchan Sange Colmek Di Dapur Bokepsin Com Cantik Tobrut Bokep31 gratis. Ukuran File: 337.00 MB, Durasi: 05:37. Populer: 3158 tayangan. Diunggah pada 2023-09-04 12:09:48 melalui doodstream. Kata Kunci Terkait: .","tag":null,"protected_embed":"https://dodl.pages.dev/qy76p9ix13d6","protected_dl":"https://myvidplay.com/d/qy76p9ix13d6","single_img":"https://postercdn.net/snaps/vz8ipxv2sex1d9ds.jpg","splash_img":"https://postercdn.net/splash/vz8ipxv2sex1d9ds.jpg","size":"353370112","length":"337","duration":"PT5M37S","views":"3158","uploaded":"2023-09-04 12:09:48","last_view":"2023-09-04 12:09:48","api_source":"doodstream","kategori":"Video Indo","page":110,"index":117}