{"filecode":"qy7cr7h3ae6o","title":"Aku Tak Bisa Beritahu Istriku Sekalipun Mulutku Robek Percaya Ibu Mertuaku Hamil","deskripsi":"Nonton Aku Tak Bisa Beritahu Istriku Sekalipun Mulutku Robek Percaya Ibu Mertuaku Hamil gratis. Ukuran File: 662.00 MB, Durasi: 11:02. Populer: 328 tayangan. Diunggah pada 2025-10-08 07:41:34 melalui lulustream. Kata Kunci Terkait: .","tag":null,"protected_embed":"https://luvluv.pages.dev/qy7cr7h3ae6o","protected_dl":"https://lulustream.com/d/qy7cr7h3ae6o","single_img":"https://img.lulucdn.com/qy7cr7h3ae6o_t.jpg","splash_img":"https://img.lulucdn.com/qy7cr7h3ae6o_xt.jpg","size":"694157312","length":"662","duration":"PT11M2S","views":328,"uploaded":"2025-10-08 07:41:34","last_view":"2025-10-08 07:41:34","api_source":"lulustream","kategori":"Video Ibu","page":10,"index":134}