{"filecode":"qy7jfot6xuq1","title":"Srigala Betina Maria Safitri Kelas Bintang Sangetube Video Sma Bokep Bokepsin Staklam","deskripsi":"Nonton Srigala Betina Maria Safitri Kelas Bintang Sangetube Video Sma Bokep Bokepsin Staklam gratis. Ukuran File: 3.91 GB, Durasi: 01:06:45. Populer: 7663 tayangan. Diunggah pada 2023-07-26 21:00:11 melalui doodstream. Kata Kunci Terkait: .","tag":null,"protected_embed":"https://dodl.pages.dev/qy7jfot6xuq1","protected_dl":"https://myvidplay.com/d/qy7jfot6xuq1","single_img":"https://postercdn.net/snaps/0q09mvrolsybf2jy.jpg","splash_img":"https://postercdn.net/splash/0q09mvrolsybf2jy.jpg","size":"4199546880","length":"4005","duration":"PT66M45S","views":"7663","uploaded":"2023-07-26 21:00:11","last_view":"2023-07-26 21:00:11","api_source":"doodstream","kategori":"Video Sma","page":126,"index":8}