{"filecode":"qyacj9pd4pud","title":"Nayla Astrid Tiktok New Indo Simontok Link Web Poophd Tele","deskripsi":"Nonton Nayla Astrid Tiktok New Indo Simontok Link Web Poophd Tele gratis. Ukuran File: 286.00 MB, Durasi: 04:46. Populer: 1594 tayangan. Diunggah pada 2024-06-01 00:45:52 melalui doodstream. Kata Kunci Terkait: .","tag":null,"protected_embed":"https://dodl.pages.dev/qyacj9pd4pud","protected_dl":"https://myvidplay.com/d/qyacj9pd4pud","single_img":"https://postercdn.net/snaps/ldbvcixsa38vtqze.jpg","splash_img":"https://postercdn.net/splash/ldbvcixsa38vtqze.jpg","size":"299892736","length":"286","duration":"PT4M46S","views":"1594","uploaded":"2024-06-01 00:45:52","last_view":"2024-06-01 00:45:52","api_source":"doodstream","kategori":"Video Indo","page":43,"index":76}