{"filecode":"qybt5h2xiil5","title":"Sampai Di Bikin Kejang Gitu Bokep Video Sotwe Doodstreem Streaming Staklam","deskripsi":"Nonton Sampai Di Bikin Kejang Gitu Bokep Video Sotwe Doodstreem Streaming Staklam gratis. Ukuran File: 862.00 MB, Durasi: 14:22. Populer: 3001 tayangan. Diunggah pada 2023-09-18 22:29:29 melalui doodstream. Kata Kunci Terkait: .","tag":null,"protected_embed":"https://dodl.pages.dev/qybt5h2xiil5","protected_dl":"https://myvidplay.com/d/qybt5h2xiil5","single_img":"https://postercdn.net/snaps/5yvsqhe9n91kzbpq.jpg","splash_img":"https://postercdn.net/splash/5yvsqhe9n91kzbpq.jpg","size":"903872512","length":"862","duration":"PT14M22S","views":"3001","uploaded":"2023-09-18 22:29:29","last_view":"2023-09-18 22:29:29","api_source":"doodstream","kategori":"Video Streaming","page":109,"index":95}