{"filecode":"qyckv4eix016","title":"Bokep Indo Laras Nanad Pelajar Viral Full Video Downloader Link Web Pemersatu","deskripsi":"Nonton Bokep Indo Laras Nanad Pelajar Viral Full Video Downloader Link Web Pemersatu gratis. Ukuran File: 62.00 MB, Durasi: 01:02. Populer: 979 tayangan. Diunggah pada 2024-02-15 05:16:36 melalui doodstream. Kata Kunci Terkait: .","tag":null,"protected_embed":"https://dodl.pages.dev/qyckv4eix016","protected_dl":"https://myvidplay.com/d/qyckv4eix016","single_img":"https://postercdn.net/snaps/2yf6p96uf4brn8kd.jpg","splash_img":"https://postercdn.net/splash/2yf6p96uf4brn8kd.jpg","size":"65011712","length":"62","duration":"PT1M2S","views":"979","uploaded":"2024-02-15 05:16:36","last_view":"2024-02-15 05:16:36","api_source":"doodstream","kategori":"Video Viral","page":56,"index":149}