{"filecode":"qyf842lsgs56","title":"Yunita Tante Jilbab Binal Lakinya Ga Kuat Bokep Terbaru Staklam Telegram Downloader","deskripsi":"Nonton Yunita Tante Jilbab Binal Lakinya Ga Kuat Bokep Terbaru Staklam Telegram Downloader gratis. Ukuran File: 490.00 MB, Durasi: 08:10. Populer: 2368 tayangan. Diunggah pada 2023-10-05 20:44:23 melalui doodstream. Kata Kunci Terkait: .","tag":null,"protected_embed":"https://dodl.pages.dev/qyf842lsgs56","protected_dl":"https://myvidplay.com/d/qyf842lsgs56","single_img":"https://postercdn.net/snaps/v5iozztlmu1cper5.jpg","splash_img":"https://postercdn.net/splash/v5iozztlmu1cper5.jpg","size":"513802240","length":"490","duration":"PT8M10S","views":"2368","uploaded":"2023-10-05 20:44:23","last_view":"2023-10-05 20:44:23","api_source":"doodstream","kategori":"Video Terbaru","page":104,"index":71}