{"filecode":"qyfa43fzbv8x","title":"Cewe Cantik Pake Baju Dinas Part Bokep Indo Viral Twitter Jasverkenv Jasverken","deskripsi":"Nonton Cewe Cantik Pake Baju Dinas Part Bokep Indo Viral Twitter Jasverkenv Jasverken gratis. Ukuran File: 351.00 MB, Durasi: 05:51. Populer: 1284 tayangan. Diunggah pada 2023-10-31 01:45:54 melalui doodstream. Kata Kunci Terkait: .","tag":null,"protected_embed":"https://dodl.pages.dev/qyfa43fzbv8x","protected_dl":"https://myvidplay.com/d/qyfa43fzbv8x","single_img":"https://postercdn.net/snaps/5nwgbbd44bmvorpj.jpg","splash_img":"https://postercdn.net/splash/5nwgbbd44bmvorpj.jpg","size":"368050176","length":"351","duration":"PT5M51S","views":"1284","uploaded":"2023-10-31 01:45:54","last_view":"2023-10-31 01:45:54","api_source":"doodstream","kategori":"Video Viral","page":88,"index":16}