{"filecode":"qyhndhxa5zk1","title":"Pasrah Diam Di Entot Pacar Porn Kai Com S Embed Video","deskripsi":"Nonton Pasrah Diam Di Entot Pacar Porn Kai Com S Embed Video gratis. Ukuran File: 94.00 MB, Durasi: 01:34. Populer: 2829 tayangan. Diunggah pada 2023-08-20 07:59:27 melalui doodstream. Kata Kunci Terkait: .","tag":null,"protected_embed":"https://dodl.pages.dev/qyhndhxa5zk1","protected_dl":"https://myvidplay.com/d/qyhndhxa5zk1","single_img":"https://postercdn.net/snaps/cmgyhmmke8lyo919.jpg","splash_img":"https://postercdn.net/splash/cmgyhmmke8lyo919.jpg","size":"98566144","length":"94","duration":"PT1M34S","views":"2829","uploaded":"2023-08-20 07:59:27","last_view":"2023-08-20 07:59:27","api_source":"doodstream","kategori":"Video Pacar","page":114,"index":86}