{"filecode":"qyifubqni190","title":"Tkw Bangla Downloader Lagi Viral Xpanas Popstream Simontok","deskripsi":"Nonton Tkw Bangla Downloader Lagi Viral Xpanas Popstream Simontok gratis. Ukuran File: 375.00 MB, Durasi: 06:15. Populer: 616 tayangan. Diunggah pada 2025-01-13 05:35:38 melalui doodstream. Kata Kunci Terkait: .","tag":null,"protected_embed":"https://dodl.pages.dev/qyifubqni190","protected_dl":"https://myvidplay.com/d/qyifubqni190","single_img":"https://postercdn.net/snaps/2nc0099v1q0shle7.jpg","splash_img":"https://postercdn.net/splash/2nc0099v1q0shle7.jpg","size":"393216000","length":"375","duration":"PT6M15S","views":"616","uploaded":"2025-01-13 05:35:38","last_view":"2025-01-13 05:35:38","api_source":"doodstream","kategori":"Video Viral","page":18,"index":176}