{"filecode":"qyldwah5q24i","title":"Bestienya Jilat Susu Rosalinda Asupan Link Web Bokepsatset Xpanas Doodsflix","deskripsi":"Nonton Bestienya Jilat Susu Rosalinda Asupan Link Web Bokepsatset Xpanas Doodsflix gratis. Ukuran File: 518.00 MB, Durasi: 08:38. Populer: 1087 tayangan. Diunggah pada 2023-11-07 20:30:37 melalui doodstream. Kata Kunci Terkait: .","tag":null,"protected_embed":"https://dodl.pages.dev/qyldwah5q24i","protected_dl":"https://myvidplay.com/d/qyldwah5q24i","single_img":"https://postercdn.net/snaps/duh6lt4co27gsu3r.jpg","splash_img":"https://postercdn.net/splash/duh6lt4co27gsu3r.jpg","size":"543162368","length":"518","duration":"PT8M38S","views":"1087","uploaded":"2023-11-07 20:30:37","last_view":"2023-11-07 20:30:37","api_source":"doodstream","kategori":"Video Bestienya","page":86,"index":12}