{"filecode":"qynserl228cx","title":"Berlian Ochi Lingerie Dood Stream Original Simontok Folder Sotwe Downloader Doods Pro","deskripsi":"Nonton Berlian Ochi Lingerie Dood Stream Original Simontok Folder Sotwe Downloader Doods Pro gratis. Ukuran File: 219.00 MB, Durasi: 03:39. Populer: 514 tayangan. Diunggah pada 2025-01-13 05:32:22 melalui doodstream. Kata Kunci Terkait: .","tag":null,"protected_embed":"https://dodl.pages.dev/qynserl228cx","protected_dl":"https://myvidplay.com/d/qynserl228cx","single_img":"https://postercdn.net/snaps/uecq3hpq2zn57uas.jpg","splash_img":"https://postercdn.net/splash/uecq3hpq2zn57uas.jpg","size":"229638144","length":"219","duration":"PT3M39S","views":"514","uploaded":"2025-01-13 05:32:22","last_view":"2025-01-13 05:32:22","api_source":"doodstream","kategori":"Video Dood","page":20,"index":157}