{"filecode":"qyrg2kfghp71","title":"Ome Hijab Hijau Toge Lagi Sange Asupan Viral Ngentot Twitter Yakwad Bochiel","deskripsi":"Nonton Ome Hijab Hijau Toge Lagi Sange Asupan Viral Ngentot Twitter Yakwad Bochiel gratis. Ukuran File: 323.00 MB, Durasi: 05:23. Populer: 74 tayangan. Diunggah pada 2025-01-13 05:20:15 melalui doodstream. Kata Kunci Terkait: .","tag":null,"protected_embed":"https://dodl.pages.dev/qyrg2kfghp71","protected_dl":"https://myvidplay.com/d/qyrg2kfghp71","single_img":"https://postercdn.net/snaps/83txitediy99d0d1.jpg","splash_img":"https://postercdn.net/splash/83txitediy99d0d1.jpg","size":"338690048","length":"323","duration":"PT5M23S","views":"74","uploaded":"2025-01-13 05:20:15","last_view":"2025-01-13 05:20:15","api_source":"doodstream","kategori":"Video Hijab","page":26,"index":159}