{"filecode":"qysm85162pr6","title":"Ngewe Dengan Adek Ipar Lagi Viral Memeksiana Terabox Video Sma Telegram","deskripsi":"Nonton Ngewe Dengan Adek Ipar Lagi Viral Memeksiana Terabox Video Sma Telegram gratis. Ukuran File: 119.00 MB, Durasi: 01:59. Populer: 708 tayangan. Diunggah pada 2023-12-23 21:39:41 melalui doodstream. Kata Kunci Terkait: .","tag":null,"protected_embed":"https://dodl.pages.dev/qysm85162pr6","protected_dl":"https://myvidplay.com/d/qysm85162pr6","single_img":"https://postercdn.net/snaps/v386vbz2nqpdes0o.jpg","splash_img":"https://postercdn.net/splash/v386vbz2nqpdes0o.jpg","size":"124780544","length":"119","duration":"PT1M59S","views":"708","uploaded":"2023-12-23 21:39:41","last_view":"2023-12-23 21:39:41","api_source":"doodstream","kategori":"Video Viral","page":67,"index":25}