{"filecode":"qytpozhq4bzh","title":"Vidio Viral Stw Bikin Nenen Buat Brondong Kesayangan Full Album Links Terupdate","deskripsi":"Nonton Vidio Viral Stw Bikin Nenen Buat Brondong Kesayangan Full Album Links Terupdate gratis. Ukuran File: 62.00 MB, Durasi: 01:02. Populer: 8151 tayangan. Diunggah pada 2023-11-14 00:39:51 melalui doodstream. Kata Kunci Terkait: .","tag":null,"protected_embed":"https://dodl.pages.dev/qytpozhq4bzh","protected_dl":"https://myvidplay.com/d/qytpozhq4bzh","single_img":"https://postercdn.net/snaps/ka05wot64b1r2pgd.jpg","splash_img":"https://postercdn.net/splash/ka05wot64b1r2pgd.jpg","size":"65011712","length":"62","duration":"PT1M2S","views":"8151","uploaded":"2023-11-14 00:39:51","last_view":"2023-11-14 00:39:51","api_source":"doodstream","kategori":"Video Viral","page":83,"index":155}