{"filecode":"qyuu8m62l149","title":"Di Kobelin Ayank Video Indo Bokep Indonesia Bokepsatset Viral","deskripsi":"Nonton Di Kobelin Ayank Video Indo Bokep Indonesia Bokepsatset Viral gratis. Ukuran File: 143.00 MB, Durasi: 02:23. Populer: 10 tayangan. Diunggah pada 2026-01-10 06:47:40 melalui lulustream. Kata Kunci Terkait: .","tag":null,"protected_embed":"https://luvluv.pages.dev/qyuu8m62l149","protected_dl":"https://lulustream.com/d/qyuu8m62l149","single_img":"https://img.lulucdn.com/qyuu8m62l149_t.jpg","splash_img":"https://img.lulucdn.com/qyuu8m62l149_xt.jpg","size":"149946368","length":"143","duration":"PT2M23S","views":10,"uploaded":"2026-01-10 06:47:40","last_view":"2026-01-10 06:47:40","api_source":"lulustream","kategori":"Video Viral","page":1,"index":77}