{"filecode":"qyvnwbsw74dp","title":"Janda Bahenol Ngentot Berondong Dood Stream Video Viral Doods Pro Pejuang Lendir","deskripsi":"Nonton Janda Bahenol Ngentot Berondong Dood Stream Video Viral Doods Pro Pejuang Lendir gratis. Ukuran File: 418.00 MB, Durasi: 06:58. Populer: 1116 tayangan. Diunggah pada 2023-12-11 11:13:30 melalui doodstream. Kata Kunci Terkait: .","tag":null,"protected_embed":"https://dodl.pages.dev/qyvnwbsw74dp","protected_dl":"https://myvidplay.com/d/qyvnwbsw74dp","single_img":"https://postercdn.net/snaps/qm4jpoqea9khk2wi.jpg","splash_img":"https://postercdn.net/splash/qm4jpoqea9khk2wi.jpg","size":"438304768","length":"418","duration":"PT6M58S","views":"1116","uploaded":"2023-12-11 11:13:30","last_view":"2023-12-11 11:13:30","api_source":"doodstream","kategori":"Video Viral","page":73,"index":125}