{"filecode":"qyzq5oqe58qy","title":"Skandal Mahasiswa Umm Magelang Kobel Memek Binor Bokep Dood Doodstream Bokepsatset Yakwad","deskripsi":"Nonton Skandal Mahasiswa Umm Magelang Kobel Memek Binor Bokep Dood Doodstream Bokepsatset Yakwad gratis. Ukuran File: 54.00 MB, Durasi: 00:54. Populer: 1427 tayangan. Diunggah pada 2024-02-08 06:44:12 melalui doodstream. Kata Kunci Terkait: .","tag":null,"protected_embed":"https://dodl.pages.dev/qyzq5oqe58qy","protected_dl":"https://myvidplay.com/d/qyzq5oqe58qy","single_img":"https://postercdn.net/snaps/gnllef9mpo4uft9i.jpg","splash_img":"https://postercdn.net/splash/gnllef9mpo4uft9i.jpg","size":"56623104","length":"54","duration":"PT54S","views":"1427","uploaded":"2024-02-08 06:44:12","last_view":"2024-02-08 06:44:12","api_source":"doodstream","kategori":"Video Doodstream","page":58,"index":165}