{"filecode":"qyzssp3ptvwz","title":"Lagi Tidur Divaksin Ayang Pemersatu Bokepsin Website Bokepsatset Yakwad","deskripsi":"Nonton Lagi Tidur Divaksin Ayang Pemersatu Bokepsin Website Bokepsatset Yakwad gratis. Ukuran File: 569.00 MB, Durasi: 09:29. Populer: 4121 tayangan. Diunggah pada 2023-08-26 13:30:13 melalui doodstream. Kata Kunci Terkait: .","tag":null,"protected_embed":"https://dodl.pages.dev/qyzssp3ptvwz","protected_dl":"https://myvidplay.com/d/qyzssp3ptvwz","single_img":"https://postercdn.net/snaps/2l4hb7yko6oydu4e.jpg","splash_img":"https://postercdn.net/splash/2l4hb7yko6oydu4e.jpg","size":"596639744","length":"569","duration":"PT9M29S","views":"4121","uploaded":"2023-08-26 13:30:13","last_view":"2023-08-26 13:30:13","api_source":"doodstream","kategori":"Video Tidur","page":112,"index":28}