{"filecode":"9m2em1ia2p3y","title":"Cewek Tobrut Colmek Pinka Hijab T Brut Bokepsin Bokep Dood Pekoblive Bokepin","deskripsi":"Nonton Cewek Tobrut Colmek Pinka Hijab T Brut Bokepsin Bokep Dood Pekoblive Bokepin gratis. Ukuran File: 217.00 MB, Durasi: 03:37. Populer: 3026 tayangan. Diunggah pada 2024-11-01 14:46:55 melalui doodstream. Kata Kunci Terkait: .","tag":null,"protected_embed":"https://dodl.pages.dev/9m2em1ia2p3y","protected_dl":"https://myvidplay.com/d/9m2em1ia2p3y","single_img":"https://postercdn.net/snaps/tsgc8tlr36t2wuuo.jpg","splash_img":"https://postercdn.net/splash/tsgc8tlr36t2wuuo.jpg","size":"227540992","length":"217","duration":"PT3M37S","views":"3026","uploaded":"2024-11-01 14:46:55","last_view":"2024-11-01 14:46:55","api_source":"doodstream","kategori":"Video Hijab","page":33,"index":63}