{"filecode":"9m2zdv6y1fw0","title":"Bokep Indo Gendut Sengaja Mengunci Pintu Mobil Lokal Toketbagus Ful Album Doostream","deskripsi":"Nonton Bokep Indo Gendut Sengaja Mengunci Pintu Mobil Lokal Toketbagus Ful Album Doostream gratis. Ukuran File: 99.00 MB, Durasi: 01:39. Populer: 278 tayangan. Diunggah pada 2024-11-22 03:56:48 melalui doodstream. Kata Kunci Terkait: .","tag":null,"protected_embed":"https://dodl.pages.dev/9m2zdv6y1fw0","protected_dl":"https://myvidplay.com/d/9m2zdv6y1fw0","single_img":"https://postercdn.net/snaps/ct3rs7tp7i942k8v.jpg","splash_img":"https://postercdn.net/splash/ct3rs7tp7i942k8v.jpg","size":"103809024","length":"99","duration":"PT1M39S","views":"278","uploaded":"2024-11-22 03:56:48","last_view":"2024-11-22 03:56:48","api_source":"doodstream","kategori":"Video Indo","page":31,"index":115}