{"filecode":"9m32moej9sie","title":"Ngewe Ibukost Semok Bochiel Doodsflix Cilbo Bokepsin Simontok","deskripsi":"Nonton Ngewe Ibukost Semok Bochiel Doodsflix Cilbo Bokepsin Simontok gratis. Ukuran File: 476.00 MB, Durasi: 07:56. Populer: 388 tayangan. Diunggah pada 2023-12-15 18:58:42 melalui doodstream. Kata Kunci Terkait: .","tag":null,"protected_embed":"https://dodl.pages.dev/9m32moej9sie","protected_dl":"https://myvidplay.com/d/9m32moej9sie","single_img":"https://postercdn.net/snaps/4p39xxho5tmuzvrm.jpg","splash_img":"https://postercdn.net/splash/4p39xxho5tmuzvrm.jpg","size":"499122176","length":"476","duration":"PT7M56S","views":"388","uploaded":"2023-12-15 18:58:42","last_view":"2023-12-15 18:58:42","api_source":"doodstream","kategori":"Video Ngewe","page":70,"index":53}