{"filecode":"9m3zlowe9mqq","title":"Bumil Di Doggy Om Bule Telegram Lulustream Lokal Videos","deskripsi":"Nonton Bumil Di Doggy Om Bule Telegram Lulustream Lokal Videos gratis. Ukuran File: 140.00 MB, Durasi: 02:20. Populer: 1314 tayangan. Diunggah pada 2024-03-27 15:12:35 melalui doodstream. Kata Kunci Terkait: .","tag":null,"protected_embed":"https://dodl.pages.dev/9m3zlowe9mqq","protected_dl":"https://myvidplay.com/d/9m3zlowe9mqq","single_img":"https://postercdn.net/snaps/pjgu2qc8rnf645g3.jpg","splash_img":"https://postercdn.net/splash/pjgu2qc8rnf645g3.jpg","size":"146800640","length":"140","duration":"PT2M20S","views":"1314","uploaded":"2024-03-27 15:12:35","last_view":"2024-03-27 15:12:35","api_source":"doodstream","kategori":"Video Lokal","page":48,"index":142}