{"filecode":"9m4tpdwtdo1x","title":"Bokep Indo Skandal I Doodflix Telegram Lokal Sotwe","deskripsi":"Nonton Bokep Indo Skandal I Doodflix Telegram Lokal Sotwe gratis. Ukuran File: 1.56 GB, Durasi: 26:40. Populer: 5191 tayangan. Diunggah pada 2023-07-02 07:28:20 melalui doodstream. Kata Kunci Terkait: .","tag":null,"protected_embed":"https://dodl.pages.dev/9m4tpdwtdo1x","protected_dl":"https://myvidplay.com/d/9m4tpdwtdo1x","single_img":"https://postercdn.net/snaps/r0vz6m8d8x4pft2q.jpg","splash_img":"https://postercdn.net/splash/r0vz6m8d8x4pft2q.jpg","size":"1677721600","length":"1600","duration":"PT26M40S","views":"5191","uploaded":"2023-07-02 07:28:20","last_view":"2023-07-02 07:28:20","api_source":"doodstream","kategori":"Video Indo","page":133,"index":56}