{"filecode":"9m5m6pzpxdd0","title":"Tante Toge Dagang Sex Sama Pembeli Dood Stream Full Album Lulustream Bokepsin","deskripsi":"Nonton Tante Toge Dagang Sex Sama Pembeli Dood Stream Full Album Lulustream Bokepsin gratis. Ukuran File: 639.00 MB, Durasi: 10:39. Populer: 164 tayangan. Diunggah pada 2025-01-11 00:01:11 melalui doodstream. Kata Kunci Terkait: .","tag":null,"protected_embed":"https://dodl.pages.dev/9m5m6pzpxdd0","protected_dl":"https://myvidplay.com/d/9m5m6pzpxdd0","single_img":"https://postercdn.net/snaps/soj44648imzdnydk.jpg","splash_img":"https://postercdn.net/splash/soj44648imzdnydk.jpg","size":"670040064","length":"639","duration":"PT10M39S","views":"164","uploaded":"2025-01-11 00:01:11","last_view":"2025-01-11 00:01:11","api_source":"doodstream","kategori":"Video Lulustream","page":29,"index":86}