{"filecode":"9m5ykvxckkb3","title":"Jilbab Tanktopan Ga Pake Daleman Bebasindo Update Pekoblive Pejuang Lendir Video Colmek","deskripsi":"Nonton Jilbab Tanktopan Ga Pake Daleman Bebasindo Update Pekoblive Pejuang Lendir Video Colmek gratis. Ukuran File: 140.00 MB, Durasi: 02:20. Populer: 56 tayangan. Diunggah pada 2025-01-13 05:24:18 melalui doodstream. Kata Kunci Terkait: .","tag":null,"protected_embed":"https://dodl.pages.dev/9m5ykvxckkb3","protected_dl":"https://myvidplay.com/d/9m5ykvxckkb3","single_img":"https://postercdn.net/snaps/smlz0ai0o45l2vhw.jpg","splash_img":"https://postercdn.net/splash/smlz0ai0o45l2vhw.jpg","size":"146800640","length":"140","duration":"PT2M20S","views":"56","uploaded":"2025-01-13 05:24:18","last_view":"2025-01-13 05:24:18","api_source":"doodstream","kategori":"Video Colmek","page":24,"index":89}