{"filecode":"9m5ysmfac4hl","title":"Nenen Sama Pacar Jilbab Viral Bokepin Bebasindo Pemersatu Update","deskripsi":"Nonton Nenen Sama Pacar Jilbab Viral Bokepin Bebasindo Pemersatu Update gratis. Ukuran File: 110.00 MB, Durasi: 01:50. Populer: 4397 tayangan. Diunggah pada 2023-07-04 21:27:38 melalui doodstream. Kata Kunci Terkait: .","tag":null,"protected_embed":"https://dodl.pages.dev/9m5ysmfac4hl","protected_dl":"https://myvidplay.com/d/9m5ysmfac4hl","single_img":"https://postercdn.net/snaps/usnrmray2skm54kn.jpg","splash_img":"https://postercdn.net/splash/usnrmray2skm54kn.jpg","size":"115343360","length":"110","duration":"PT1M50S","views":"4397","uploaded":"2023-07-04 21:27:38","last_view":"2023-07-04 21:27:38","api_source":"doodstream","kategori":"Video Viral","page":128,"index":158}