{"filecode":"9m65506niekv","title":"Bokep Indo Hijab Tasya Seleb Bandung Video Lokal Staklam Cilbo Link Web","deskripsi":"Nonton Bokep Indo Hijab Tasya Seleb Bandung Video Lokal Staklam Cilbo Link Web gratis. Ukuran File: 64.00 MB, Durasi: 01:04. Populer: 774 tayangan. Diunggah pada 2024-03-08 14:47:53 melalui doodstream. Kata Kunci Terkait: .","tag":null,"protected_embed":"https://dodl.pages.dev/9m65506niekv","protected_dl":"https://myvidplay.com/d/9m65506niekv","single_img":"https://postercdn.net/snaps/2nxd393yh3wzigxt.jpg","splash_img":"https://postercdn.net/splash/2nxd393yh3wzigxt.jpg","size":"67108864","length":"64","duration":"PT1M4S","views":"774","uploaded":"2024-03-08 14:47:53","last_view":"2024-03-08 14:47:53","api_source":"doodstream","kategori":"Video Hijab","page":52,"index":75}