{"filecode":"9m684qa6yzz7","title":"Pijat Plus Cewek Cantik Pejuang Lendir Tiktok Video Bokep Asupan Viral Terabox","deskripsi":"Nonton Pijat Plus Cewek Cantik Pejuang Lendir Tiktok Video Bokep Asupan Viral Terabox gratis. Ukuran File: 2.17 GB, Durasi: 37:04. Populer: 8373 tayangan. Diunggah pada 2024-01-05 00:49:18 melalui doodstream. Kata Kunci Terkait: .","tag":null,"protected_embed":"https://dodl.pages.dev/9m684qa6yzz7","protected_dl":"https://myvidplay.com/d/9m684qa6yzz7","single_img":"https://postercdn.net/snaps/3brco670s0k1yqlq.jpg","splash_img":"https://postercdn.net/splash/3brco670s0k1yqlq.jpg","size":"2332033024","length":"2224","duration":"PT37M4S","views":"8373","uploaded":"2024-01-05 00:49:18","last_view":"2024-01-05 00:49:18","api_source":"doodstream","kategori":"Video Viral","page":64,"index":28}