{"filecode":"9m6zyj2wen62","title":"Dipuasin Mertua Ngentot Doodstreem Dood Bokepsatset Viral","deskripsi":"Nonton Dipuasin Mertua Ngentot Doodstreem Dood Bokepsatset Viral gratis. Ukuran File: 8.51 GB, Durasi: 02:25:10. Populer: 2085 tayangan. Diunggah pada 2023-08-26 14:09:00 melalui doodstream. Kata Kunci Terkait: .","tag":null,"protected_embed":"https://dodl.pages.dev/9m6zyj2wen62","protected_dl":"https://myvidplay.com/d/9m6zyj2wen62","single_img":"https://postercdn.net/snaps/mt02bcyyn5xlflqs.jpg","splash_img":"https://postercdn.net/splash/mt02bcyyn5xlflqs.jpg","size":"9133096960","length":"8710","duration":"PT145M10S","views":"2085","uploaded":"2023-08-26 14:09:00","last_view":"2023-08-26 14:09:00","api_source":"doodstream","kategori":"Video Viral","page":112,"index":18}