{"filecode":"9mb7al6eazzx","title":"Bokep Indo Ayang Kondomnya Dimana Pejuang Lendir Dood Stream Indonesia Dodstream Xpanas","deskripsi":"Nonton Bokep Indo Ayang Kondomnya Dimana Pejuang Lendir Dood Stream Indonesia Dodstream Xpanas gratis. Ukuran File: 443.00 MB, Durasi: 07:23. Populer: 2260 tayangan. Diunggah pada 2023-12-11 21:30:36 melalui doodstream. Kata Kunci Terkait: .","tag":null,"protected_embed":"https://dodl.pages.dev/9mb7al6eazzx","protected_dl":"https://myvidplay.com/d/9mb7al6eazzx","single_img":"https://postercdn.net/snaps/ky34o9bzyedb3sro.jpg","splash_img":"https://postercdn.net/splash/ky34o9bzyedb3sro.jpg","size":"464519168","length":"443","duration":"PT7M23S","views":"2260","uploaded":"2023-12-11 21:30:36","last_view":"2023-12-11 21:30:36","api_source":"doodstream","kategori":"Video Indo","page":72,"index":138}