{"filecode":"9mj07v1j3tm2","title":"Live Bigo Pamela Safitri Sampe Gunung Nya Basa Www Doood Fcam Website","deskripsi":"Nonton Live Bigo Pamela Safitri Sampe Gunung Nya Basa Www Doood Fcam Website gratis. Ukuran File: 413.00 MB, Durasi: 06:53. Populer: 5012 tayangan. Diunggah pada 2023-11-03 08:16:26 melalui doodstream. Kata Kunci Terkait: .","tag":null,"protected_embed":"https://dodl.pages.dev/9mj07v1j3tm2","protected_dl":"https://myvidplay.com/d/9mj07v1j3tm2","single_img":"https://postercdn.net/snaps/dy0z28ygztvxo385.jpg","splash_img":"https://postercdn.net/splash/dy0z28ygztvxo385.jpg","size":"433061888","length":"413","duration":"PT6M53S","views":"5012","uploaded":"2023-11-03 08:16:26","last_view":"2023-11-03 08:16:26","api_source":"doodstream","kategori":"Video Live","page":86,"index":192}