{"filecode":"9mm2kmq6d2rz","title":"Bokep Viral Pasutri Bikin Konten Ngentot Pake Topeng Dood Stream","deskripsi":"Nonton Bokep Viral Pasutri Bikin Konten Ngentot Pake Topeng Dood Stream gratis. Ukuran File: 1.07 GB, Durasi: 18:13. Populer: 654 tayangan. Diunggah pada 2023-08-26 13:29:00 melalui doodstream. Kata Kunci Terkait: .","tag":null,"protected_embed":"https://dodl.pages.dev/9mm2kmq6d2rz","protected_dl":"https://myvidplay.com/d/9mm2kmq6d2rz","single_img":"https://postercdn.net/snaps/er915li4nx81iihc.jpg","splash_img":"https://postercdn.net/splash/er915li4nx81iihc.jpg","size":"1146093568","length":"1093","duration":"PT18M13S","views":"654","uploaded":"2023-08-26 13:29:00","last_view":"2023-08-26 13:29:00","api_source":"doodstream","kategori":"Video Viral","page":112,"index":81}