{"filecode":"9mn3weofh44x","title":"Bokep Indo Viral Seleb Adila Vania Dientot Pejabat Bokepin Pemersatu Terupdate Telegram","deskripsi":"Nonton Bokep Indo Viral Seleb Adila Vania Dientot Pejabat Bokepin Pemersatu Terupdate Telegram gratis. Ukuran File: 617.00 MB, Durasi: 10:17. Populer: 1409 tayangan. Diunggah pada 2024-02-10 01:40:13 melalui doodstream. Kata Kunci Terkait: .","tag":null,"protected_embed":"https://dodl.pages.dev/9mn3weofh44x","protected_dl":"https://myvidplay.com/d/9mn3weofh44x","single_img":"https://postercdn.net/snaps/vfni0ywvyexgflim.jpg","splash_img":"https://postercdn.net/splash/vfni0ywvyexgflim.jpg","size":"646971392","length":"617","duration":"PT10M17S","views":"1409","uploaded":"2024-02-10 01:40:13","last_view":"2024-02-10 01:40:13","api_source":"doodstream","kategori":"Video Viral","page":58,"index":21}