{"filecode":"9mnhumjdhs98","title":"Bokep Video Ngentot Cewek Sma Jepang Toket Gede Tanpa Sensor Dood Stream","deskripsi":"Nonton Bokep Video Ngentot Cewek Sma Jepang Toket Gede Tanpa Sensor Dood Stream gratis. Ukuran File: 718.00 MB, Durasi: 11:58. Populer: 26449 tayangan. Diunggah pada 2023-08-07 19:19:47 melalui doodstream. Kata Kunci Terkait: .","tag":null,"protected_embed":"https://dodl.pages.dev/9mnhumjdhs98","protected_dl":"https://myvidplay.com/d/9mnhumjdhs98","single_img":"https://postercdn.net/snaps/auehcti6ubfi3ze6.jpg","splash_img":"https://postercdn.net/splash/auehcti6ubfi3ze6.jpg","size":"752877568","length":"718","duration":"PT11M58S","views":"26449","uploaded":"2023-08-07 19:19:47","last_view":"2023-08-07 19:19:47","api_source":"doodstream","kategori":"Video Jepang","page":122,"index":60}