{"filecode":"9monuah2iybh","title":"Bokep Indo Tante Jadi Ikut Gabung Bochiel Video Terupdate Pemersatu Doods Pro","deskripsi":"Nonton Bokep Indo Tante Jadi Ikut Gabung Bochiel Video Terupdate Pemersatu Doods Pro gratis. Ukuran File: 297.00 MB, Durasi: 04:57. Populer: 689 tayangan. Diunggah pada 2024-11-22 03:56:34 melalui doodstream. Kata Kunci Terkait: .","tag":null,"protected_embed":"https://dodl.pages.dev/9monuah2iybh","protected_dl":"https://myvidplay.com/d/9monuah2iybh","single_img":"https://postercdn.net/snaps/x5fcvqpr1xz9rr35.jpg","splash_img":"https://postercdn.net/splash/x5fcvqpr1xz9rr35.jpg","size":"311427072","length":"297","duration":"PT4M57S","views":"689","uploaded":"2024-11-22 03:56:34","last_view":"2024-11-22 03:56:34","api_source":"doodstream","kategori":"Video Indo","page":31,"index":165}