{"filecode":"9mpoieq5amm6","title":"Alesha Dood Stream Original Popstream Bokep Terupdate Doodstreem","deskripsi":"Nonton Alesha Dood Stream Original Popstream Bokep Terupdate Doodstreem gratis. Ukuran File: 137.00 MB, Durasi: 02:17. Populer: 71 tayangan. Diunggah pada 2025-01-13 05:31:28 melalui doodstream. Kata Kunci Terkait: .","tag":null,"protected_embed":"https://dodl.pages.dev/9mpoieq5amm6","protected_dl":"https://myvidplay.com/d/9mpoieq5amm6","single_img":"https://postercdn.net/snaps/sj0y2ajqkee66t97.jpg","splash_img":"https://postercdn.net/splash/sj0y2ajqkee66t97.jpg","size":"143654912","length":"137","duration":"PT2M17S","views":"71","uploaded":"2025-01-13 05:31:28","last_view":"2025-01-13 05:31:28","api_source":"doodstream","kategori":"Video Dood","page":21,"index":16}