{"filecode":"9mqy615nr7qe","title":"Jangan Sampai Suami Kau Tau Habis Aku Simintok Dodstream Asupan Bokep Bokepin","deskripsi":"Nonton Jangan Sampai Suami Kau Tau Habis Aku Simintok Dodstream Asupan Bokep Bokepin gratis. Ukuran File: 42.00 MB, Durasi: 00:42. Populer: 717 tayangan. Diunggah pada 2024-05-15 08:05:05 melalui doodstream. Kata Kunci Terkait: .","tag":null,"protected_embed":"https://dodl.pages.dev/9mqy615nr7qe","protected_dl":"https://myvidplay.com/d/9mqy615nr7qe","single_img":"https://postercdn.net/snaps/1yvao9hi01oic005.jpg","splash_img":"https://postercdn.net/splash/1yvao9hi01oic005.jpg","size":"44040192","length":"42","duration":"PT42S","views":"717","uploaded":"2024-05-15 08:05:05","last_view":"2024-05-15 08:05:05","api_source":"doodstream","kategori":"Video Bokep","page":43,"index":181}