{"filecode":"9mtsvjjzz50b","title":"Bella Popstream Poophd Live Dood Tele Tiktok","deskripsi":"Nonton Bella Popstream Poophd Live Dood Tele Tiktok gratis. Ukuran File: 66.00 MB, Durasi: 01:06. Populer: 80 tayangan. Diunggah pada 2025-10-20 06:49:04 melalui doodstream. Kata Kunci Terkait: .","tag":null,"protected_embed":"https://dodl.pages.dev/9mtsvjjzz50b","protected_dl":"https://myvidplay.com/d/9mtsvjjzz50b","single_img":"https://postercdn.net/snaps/63kvsz5sogjyyy7h.jpg","splash_img":"https://postercdn.net/splash/63kvsz5sogjyyy7h.jpg","size":"69206016","length":"66","duration":"PT1M6S","views":"80","uploaded":"2025-10-20 06:49:04","last_view":"2025-10-20 06:49:04","api_source":"doodstream","kategori":"Video Dood","page":7,"index":12}