{"filecode":"9mvv72grkfkd","title":"Bokep Viral Jeje Slebew Citayem Cilbo Yakwad Asupan Simontok Toketbagus","deskripsi":"Nonton Bokep Viral Jeje Slebew Citayem Cilbo Yakwad Asupan Simontok Toketbagus gratis. Ukuran File: 119.00 MB, Durasi: 01:59. Populer: 14458 tayangan. Diunggah pada 2023-07-04 21:29:36 melalui doodstream. Kata Kunci Terkait: .","tag":null,"protected_embed":"https://dodl.pages.dev/9mvv72grkfkd","protected_dl":"https://myvidplay.com/d/9mvv72grkfkd","single_img":"https://postercdn.net/snaps/bvc048tdjxx6ye34.jpg","splash_img":"https://postercdn.net/splash/bvc048tdjxx6ye34.jpg","size":"124780544","length":"119","duration":"PT1M59S","views":"14458","uploaded":"2023-07-04 21:29:36","last_view":"2023-07-04 21:29:36","api_source":"doodstream","kategori":"Video Viral","page":128,"index":46}