{"filecode":"9mxfb476s7jf","title":"Khaty Viral Tiktok Xpanas Jilbab Bokep Pemersatu Videos","deskripsi":"Nonton Khaty Viral Tiktok Xpanas Jilbab Bokep Pemersatu Videos gratis. Ukuran File: 64.00 MB, Durasi: 01:04. Populer: 14476 tayangan. Diunggah pada 2023-07-02 20:24:57 melalui doodstream. Kata Kunci Terkait: .","tag":null,"protected_embed":"https://dodl.pages.dev/9mxfb476s7jf","protected_dl":"https://myvidplay.com/d/9mxfb476s7jf","single_img":"https://postercdn.net/snaps/fc7la597cibolt1v.jpg","splash_img":"https://postercdn.net/splash/fc7la597cibolt1v.jpg","size":"67108864","length":"64","duration":"PT1M4S","views":"14476","uploaded":"2023-07-02 20:24:57","last_view":"2023-07-02 20:24:57","api_source":"doodstream","kategori":"Video Viral","page":131,"index":35}