{"filecode":"9mxf4ud4hwo9","title":"Abg Sma Hijab Sange Telanjang Videos Terupdate Video Bokep Bokepsin Viral","deskripsi":"Nonton Abg Sma Hijab Sange Telanjang Videos Terupdate Video Bokep Bokepsin Viral gratis. Ukuran File: 131.00 MB, Durasi: 02:11. Populer: 130 tayangan. Diunggah pada 2025-01-13 05:27:20 melalui doodstream. Kata Kunci Terkait: .","tag":null,"protected_embed":"https://dodl.pages.dev/9mxf4ud4hwo9","protected_dl":"https://myvidplay.com/d/9mxf4ud4hwo9","single_img":"https://postercdn.net/snaps/gnwcu20bsgizlpsx.jpg","splash_img":"https://postercdn.net/splash/gnwcu20bsgizlpsx.jpg","size":"137363456","length":"131","duration":"PT2M11S","views":"130","uploaded":"2025-01-13 05:27:20","last_view":"2025-01-13 05:27:20","api_source":"doodstream","kategori":"Video Hijab","page":23,"index":9}