{"filecode":"9my9jyfsbvx9","title":"Sepong Manja Doodflix Doods Pro Ngentot Video Bokep Bokepin","deskripsi":"Nonton Sepong Manja Doodflix Doods Pro Ngentot Video Bokep Bokepin gratis. Ukuran File: 223.00 MB, Durasi: 03:43. Populer: 816 tayangan. Diunggah pada 2023-08-16 15:18:11 melalui doodstream. Kata Kunci Terkait: .","tag":null,"protected_embed":"https://dodl.pages.dev/9my9jyfsbvx9","protected_dl":"https://myvidplay.com/d/9my9jyfsbvx9","single_img":"https://postercdn.net/snaps/fy3vssox0cne0m75.jpg","splash_img":"https://postercdn.net/splash/fy3vssox0cne0m75.jpg","size":"233832448","length":"223","duration":"PT3M43S","views":"816","uploaded":"2023-08-16 15:18:11","last_view":"2023-08-16 15:18:11","api_source":"doodstream","kategori":"Video Bokep","page":117,"index":135}