{"filecode":"9mymykdy9flh","title":"Enak Ngentot Simontok Crot Bokep Nt Video Sma Dodstream Doodstreem Website Viral","deskripsi":"Nonton Enak Ngentot Simontok Crot Bokep Nt Video Sma Dodstream Doodstreem Website Viral gratis. Ukuran File: 366.00 MB, Durasi: 06:06. Populer: 23842 tayangan. Diunggah pada 2023-07-27 16:58:46 melalui doodstream. Kata Kunci Terkait: .","tag":null,"protected_embed":"https://dodl.pages.dev/9mymykdy9flh","protected_dl":"https://myvidplay.com/d/9mymykdy9flh","single_img":"https://postercdn.net/snaps/yzbwxn3earzcezhg.jpg","splash_img":"https://postercdn.net/splash/yzbwxn3earzcezhg.jpg","size":"383778816","length":"366","duration":"PT6M6S","views":"23842","uploaded":"2023-07-27 16:58:46","last_view":"2023-07-27 16:58:46","api_source":"doodstream","kategori":"Video Viral","page":125,"index":29}