{"filecode":"9mzekxdqxti8","title":"Anak Pramuka Di Hukum Nyepong Kontol Kakak Pembina Asupan Viral Twitter Indo","deskripsi":"Nonton Anak Pramuka Di Hukum Nyepong Kontol Kakak Pembina Asupan Viral Twitter Indo gratis. Ukuran File: 125.00 MB, Durasi: 02:05. Populer: 7946 tayangan. Diunggah pada 2023-07-04 21:27:51 melalui doodstream. Kata Kunci Terkait: .","tag":null,"protected_embed":"https://dodl.pages.dev/9mzekxdqxti8","protected_dl":"https://myvidplay.com/d/9mzekxdqxti8","single_img":"https://postercdn.net/snaps/puyj25td8ax60i39.jpg","splash_img":"https://postercdn.net/splash/puyj25td8ax60i39.jpg","size":"131072000","length":"125","duration":"PT2M5S","views":"7946","uploaded":"2023-07-04 21:27:51","last_view":"2023-07-04 21:27:51","api_source":"doodstream","kategori":"Video Viral","page":128,"index":154}