{"filecode":"ss01kszqqqxx","title":"Bokep Indo Mahasiswi Hijab Viral Fake Agent Bokepsin Yakwad Video Links Doostream","deskripsi":"Nonton Bokep Indo Mahasiswi Hijab Viral Fake Agent Bokepsin Yakwad Video Links Doostream gratis. Ukuran File: 601.00 MB, Durasi: 10:01. Populer: 1315 tayangan. Diunggah pada 2024-01-21 14:32:57 melalui doodstream. Kata Kunci Terkait: .","tag":null,"protected_embed":"https://dodl.pages.dev/ss01kszqqqxx","protected_dl":"https://myvidplay.com/d/ss01kszqqqxx","single_img":"https://postercdn.net/snaps/2l9osb1svlx3f0xd.jpg","splash_img":"https://postercdn.net/splash/2l9osb1svlx3f0xd.jpg","size":"630194176","length":"601","duration":"PT10M1S","views":"1315","uploaded":"2024-01-21 14:32:57","last_view":"2024-01-21 14:32:57","api_source":"doodstream","kategori":"Video Hijab","page":61,"index":53}