{"filecode":"ss0fi542mvui","title":"Enaknya Punya Tetangga Kosan Binor Hyper Live Poophd Ngentot Video Viral Twitter","deskripsi":"Nonton Enaknya Punya Tetangga Kosan Binor Hyper Live Poophd Ngentot Video Viral Twitter gratis. Ukuran File: 126.00 MB, Durasi: 02:06. Populer: 264 tayangan. Diunggah pada 2025-01-13 20:14:07 melalui doodstream. Kata Kunci Terkait: .","tag":null,"protected_embed":"https://dodl.pages.dev/ss0fi542mvui","protected_dl":"https://myvidplay.com/d/ss0fi542mvui","single_img":"https://postercdn.net/snaps/uphh6nywxmpj3qb7.jpg","splash_img":"https://postercdn.net/splash/uphh6nywxmpj3qb7.jpg","size":"132120576","length":"126","duration":"PT2M6S","views":"264","uploaded":"2025-01-13 20:14:07","last_view":"2025-01-13 20:14:07","api_source":"doodstream","kategori":"Video Viral","page":18,"index":81}