{"filecode":"ss5pf4koycpy","title":"Ngewe Abg Polos Bulu Lebat Namun Halus Videos Popstream Bokepsin Staklam Pejuang","deskripsi":"Nonton Ngewe Abg Polos Bulu Lebat Namun Halus Videos Popstream Bokepsin Staklam Pejuang gratis. Ukuran File: 81.00 MB, Durasi: 01:21. Populer: 972 tayangan. Diunggah pada 2024-01-02 10:30:19 melalui doodstream. Kata Kunci Terkait: .","tag":null,"protected_embed":"https://dodl.pages.dev/ss5pf4koycpy","protected_dl":"https://myvidplay.com/d/ss5pf4koycpy","single_img":"https://postercdn.net/snaps/cxwx67ackw4y35n0.jpg","splash_img":"https://postercdn.net/splash/cxwx67ackw4y35n0.jpg","size":"84934656","length":"81","duration":"PT1M21S","views":"972","uploaded":"2024-01-02 10:30:19","last_view":"2024-01-02 10:30:19","api_source":"doodstream","kategori":"Video Abg","page":65,"index":145}