{"filecode":"ss6yuz92f351","title":"Ngewe Denadha Bahenol Di Toilet Kantor Dood Stream Bokep Video Bokepsin Simintok","deskripsi":"Nonton Ngewe Denadha Bahenol Di Toilet Kantor Dood Stream Bokep Video Bokepsin Simintok gratis. Ukuran File: 685.00 MB, Durasi: 11:25. Populer: 978 tayangan. Diunggah pada 2023-12-11 11:11:42 melalui doodstream. Kata Kunci Terkait: .","tag":null,"protected_embed":"https://dodl.pages.dev/ss6yuz92f351","protected_dl":"https://myvidplay.com/d/ss6yuz92f351","single_img":"https://postercdn.net/snaps/fiuedjqjc9qi2mmk.jpg","splash_img":"https://postercdn.net/splash/fiuedjqjc9qi2mmk.jpg","size":"718274560","length":"685","duration":"PT11M25S","views":"978","uploaded":"2023-12-11 11:11:42","last_view":"2023-12-11 11:11:42","api_source":"doodstream","kategori":"Video Dood","page":73,"index":156}