{"filecode":"ssb5nd7lli0f","title":"Bokep Indo Syakirah Bulu Jembut Lebat Colmek Nobokep Cantik Tobrut Video Links","deskripsi":"Nonton Bokep Indo Syakirah Bulu Jembut Lebat Colmek Nobokep Cantik Tobrut Video Links gratis. Ukuran File: 165.00 MB, Durasi: 02:45. Populer: 7083 tayangan. Diunggah pada 2024-10-15 21:58:10 melalui doodstream. Kata Kunci Terkait: .","tag":null,"protected_embed":"https://dodl.pages.dev/ssb5nd7lli0f","protected_dl":"https://myvidplay.com/d/ssb5nd7lli0f","single_img":"https://postercdn.net/snaps/y428vjrzlall5mt6.jpg","splash_img":"https://postercdn.net/splash/y428vjrzlall5mt6.jpg","size":"173015040","length":"165","duration":"PT2M45S","views":"7083","uploaded":"2024-10-15 21:58:10","last_view":"2024-10-15 21:58:10","api_source":"doodstream","kategori":"Video Indo","page":33,"index":142}