{"filecode":"sscmk4fjp9e7","title":"Vita Tiktok Video Indo Xpanas Doodstream Doods Pro Link Web","deskripsi":"Nonton Vita Tiktok Video Indo Xpanas Doodstream Doods Pro Link Web gratis. Ukuran File: 72.00 MB, Durasi: 01:12. Populer: 234 tayangan. Diunggah pada 2025-01-27 20:11:04 melalui doodstream. Kata Kunci Terkait: .","tag":null,"protected_embed":"https://dodl.pages.dev/sscmk4fjp9e7","protected_dl":"https://myvidplay.com/d/sscmk4fjp9e7","single_img":"https://postercdn.net/snaps/scmtxxv8nt9skgxk.jpg","splash_img":"https://postercdn.net/splash/scmtxxv8nt9skgxk.jpg","size":"75497472","length":"72","duration":"PT1M12S","views":"234","uploaded":"2025-01-27 20:11:04","last_view":"2025-01-27 20:11:04","api_source":"doodstream","kategori":"Video Indo","page":16,"index":48}