{"filecode":"ssdbi2g9orkq","title":"Ukhti Baju Batik Nemenin Pascol Poophd Tobrut Links Live Simontok","deskripsi":"Nonton Ukhti Baju Batik Nemenin Pascol Poophd Tobrut Links Live Simontok gratis. Ukuran File: 325.00 MB, Durasi: 05:25. Populer: 627 tayangan. Diunggah pada 2024-03-12 03:25:32 melalui doodstream. Kata Kunci Terkait: .","tag":null,"protected_embed":"https://dodl.pages.dev/ssdbi2g9orkq","protected_dl":"https://myvidplay.com/d/ssdbi2g9orkq","single_img":"https://postercdn.net/snaps/ugy3thdvf3gn6ng3.jpg","splash_img":"https://postercdn.net/splash/ugy3thdvf3gn6ng3.jpg","size":"340787200","length":"325","duration":"PT5M25S","views":"627","uploaded":"2024-03-12 03:25:32","last_view":"2024-03-12 03:25:32","api_source":"doodstream","kategori":"Video Live","page":50,"index":110}