{"filecode":"ssdoge2jyv9l","title":"Bokep Miss Kocok Prank Grab Food Indo Indojav Bokepin Simontok Tobrut Jilbab","deskripsi":"Nonton Bokep Miss Kocok Prank Grab Food Indo Indojav Bokepin Simontok Tobrut Jilbab gratis. Ukuran File: 794.00 MB, Durasi: 13:14. Populer: 10206 tayangan. Diunggah pada 2023-08-17 18:48:22 melalui doodstream. Kata Kunci Terkait: .","tag":null,"protected_embed":"https://dodl.pages.dev/ssdoge2jyv9l","protected_dl":"https://myvidplay.com/d/ssdoge2jyv9l","single_img":"https://postercdn.net/snaps/fv2kvvrusd01n2d6.jpg","splash_img":"https://postercdn.net/splash/fv2kvvrusd01n2d6.jpg","size":"832569344","length":"794","duration":"PT13M14S","views":"10206","uploaded":"2023-08-17 18:48:22","last_view":"2023-08-17 18:48:22","api_source":"doodstream","kategori":"Video Indo","page":115,"index":128}