{"filecode":"sshyiocdcypq","title":"Ngewe Semua Gaya Mbak Vikicung Live Bareng Selingkuhan Lagi Viral Dood Popstream","deskripsi":"Nonton Ngewe Semua Gaya Mbak Vikicung Live Bareng Selingkuhan Lagi Viral Dood Popstream gratis. Ukuran File: 737.00 MB, Durasi: 12:17. Populer: 1358 tayangan. Diunggah pada 2023-12-21 00:17:26 melalui doodstream. Kata Kunci Terkait: .","tag":null,"protected_embed":"https://dodl.pages.dev/sshyiocdcypq","protected_dl":"https://myvidplay.com/d/sshyiocdcypq","single_img":"https://postercdn.net/snaps/50uww913pxqxvqy7.jpg","splash_img":"https://postercdn.net/splash/50uww913pxqxvqy7.jpg","size":"772800512","length":"737","duration":"PT12M17S","views":"1358","uploaded":"2023-12-21 00:17:26","last_view":"2023-12-21 00:17:26","api_source":"doodstream","kategori":"Video Viral","page":68,"index":71}