{"filecode":"ssi4pl1jtlpi","title":"Tukang Pijat Mbah Maryono Website Lagi Viral Asupan Videos Links","deskripsi":"Nonton Tukang Pijat Mbah Maryono Website Lagi Viral Asupan Videos Links gratis. Ukuran File: 414.00 MB, Durasi: 06:54. Populer: 29063 tayangan. Diunggah pada 2023-07-04 21:25:07 melalui doodstream. Kata Kunci Terkait: .","tag":null,"protected_embed":"https://dodl.pages.dev/ssi4pl1jtlpi","protected_dl":"https://myvidplay.com/d/ssi4pl1jtlpi","single_img":"https://postercdn.net/snaps/n7rnhegfs5euef7y.jpg","splash_img":"https://postercdn.net/splash/n7rnhegfs5euef7y.jpg","size":"434110464","length":"414","duration":"PT6M54S","views":"29063","uploaded":"2023-07-04 21:25:07","last_view":"2023-07-04 21:25:07","api_source":"doodstream","kategori":"Video Viral","page":129,"index":120}