{"filecode":"ssju6ckn8a5t","title":"Pijat Mbah Maryono Dpt Official Staklam Bokepsin Bokep Dood Video Viral Doodstreem","deskripsi":"Nonton Pijat Mbah Maryono Dpt Official Staklam Bokepsin Bokep Dood Video Viral Doodstreem gratis. Ukuran File: 69.00 MB, Durasi: 01:09. Populer: 76464 tayangan. Diunggah pada 2023-06-30 11:11:08 melalui doodstream. Kata Kunci Terkait: .","tag":null,"protected_embed":"https://dodl.pages.dev/ssju6ckn8a5t","protected_dl":"https://myvidplay.com/d/ssju6ckn8a5t","single_img":"https://postercdn.net/snaps/dvhka39victs6wkm.jpg","splash_img":"https://postercdn.net/splash/dvhka39victs6wkm.jpg","size":"72351744","length":"69","duration":"PT1M9S","views":"76464","uploaded":"2023-06-30 11:11:08","last_view":"2023-06-30 11:11:08","api_source":"doodstream","kategori":"Video Viral","page":133,"index":132}