{"filecode":"ssjxhlk3buc3","title":"Bokep Hijab Pembantu Layani Majikan Sange Doodstreem Staklam Video Colmek Update Tele","deskripsi":"Nonton Bokep Hijab Pembantu Layani Majikan Sange Doodstreem Staklam Video Colmek Update Tele gratis. Ukuran File: 2.24 GB, Durasi: 38:18. Populer: 1618 tayangan. Diunggah pada 2024-02-02 07:18:58 melalui doodstream. Kata Kunci Terkait: .","tag":null,"protected_embed":"https://dodl.pages.dev/ssjxhlk3buc3","protected_dl":"https://myvidplay.com/d/ssjxhlk3buc3","single_img":"https://postercdn.net/snaps/zt2w6636iy57a8th.jpg","splash_img":"https://postercdn.net/splash/zt2w6636iy57a8th.jpg","size":"2409627648","length":"2298","duration":"PT38M18S","views":"1618","uploaded":"2024-02-02 07:18:58","last_view":"2024-02-02 07:18:58","api_source":"doodstream","kategori":"Video Hijab","page":60,"index":114}