{"filecode":"sskc5gqf0ezs","title":"Bocil Gadis China Vs Negro Videos Live Website Viral Update","deskripsi":"Nonton Bocil Gadis China Vs Negro Videos Live Website Viral Update gratis. Ukuran File: 758.00 MB, Durasi: 12:38. Populer: 13731 tayangan. Diunggah pada 2024-02-02 07:27:45 melalui doodstream. Kata Kunci Terkait: .","tag":null,"protected_embed":"https://dodl.pages.dev/sskc5gqf0ezs","protected_dl":"https://myvidplay.com/d/sskc5gqf0ezs","single_img":"https://postercdn.net/snaps/l43ttdj9dgibbw2o.jpg","splash_img":"https://postercdn.net/splash/l43ttdj9dgibbw2o.jpg","size":"794820608","length":"758","duration":"PT12M38S","views":"13731","uploaded":"2024-02-02 07:27:45","last_view":"2024-02-02 07:27:45","api_source":"doodstream","kategori":"Video Viral","page":60,"index":108}