{"filecode":"ssko2dso5gqy","title":"Janda Muda Montok Tobrut Sange Video Bokep Terbaru Cilbo Lokal Xpanas Streaming","deskripsi":"Nonton Janda Muda Montok Tobrut Sange Video Bokep Terbaru Cilbo Lokal Xpanas Streaming gratis. Ukuran File: 250.00 MB, Durasi: 04:10. Populer: 608 tayangan. Diunggah pada 2023-11-24 20:43:25 melalui doodstream. Kata Kunci Terkait: .","tag":null,"protected_embed":"https://dodl.pages.dev/ssko2dso5gqy","protected_dl":"https://myvidplay.com/d/ssko2dso5gqy","single_img":"https://postercdn.net/snaps/kiwjoww2qin3sxkc.jpg","splash_img":"https://postercdn.net/splash/kiwjoww2qin3sxkc.jpg","size":"262144000","length":"250","duration":"PT4M10S","views":"608","uploaded":"2023-11-24 20:43:25","last_view":"2023-11-24 20:43:25","api_source":"doodstream","kategori":"Video Terbaru","page":81,"index":117}