{"filecode":"ssv55775rqy9","title":"Step Mom Waited Husband From Shower But Son Make Surprise Fuck And","deskripsi":"Nonton Step Mom Waited Husband From Shower But Son Make Surprise Fuck And gratis. Ukuran File: 606.00 MB, Durasi: 10:06. Populer: 5656 tayangan. Diunggah pada 2023-12-24 21:27:49 melalui doodstream. Kata Kunci Terkait: .","tag":null,"protected_embed":"https://dodl.pages.dev/ssv55775rqy9","protected_dl":"https://myvidplay.com/d/ssv55775rqy9","single_img":"https://postercdn.net/snaps/1bxrkswfiwcat9zn.jpg","splash_img":"https://postercdn.net/splash/1bxrkswfiwcat9zn.jpg","size":"635437056","length":"606","duration":"PT10M6S","views":"5656","uploaded":"2023-12-24 21:27:49","last_view":"2023-12-24 21:27:49","api_source":"doodstream","kategori":"Video Step","page":67,"index":21}