{"filecode":"sswy2r7qavaq","title":"Publik Ruang Ganti Tenggorokan Sepong Blowjob Yakwad Xpanas Doodsflix Videos Bokepind","deskripsi":"Nonton Publik Ruang Ganti Tenggorokan Sepong Blowjob Yakwad Xpanas Doodsflix Videos Bokepind gratis. Ukuran File: 886.00 MB, Durasi: 14:46. Populer: 211 tayangan. Diunggah pada 2025-01-11 00:03:18 melalui doodstream. Kata Kunci Terkait: .","tag":null,"protected_embed":"https://dodl.pages.dev/sswy2r7qavaq","protected_dl":"https://myvidplay.com/d/sswy2r7qavaq","single_img":"https://postercdn.net/snaps/tj79444imzwghe1l.jpg","splash_img":"https://postercdn.net/splash/tj79444imzwghe1l.jpg","size":"929038336","length":"886","duration":"PT14M46S","views":"211","uploaded":"2025-01-11 00:03:18","last_view":"2025-01-11 00:03:18","api_source":"doodstream","kategori":"Video Publik","page":29,"index":14}