{"filecode":"ssx5xvcy96c1","title":"Film Semi Jepang Sub Indo Part Memeksiana Video Viral Bokepsin Yakwad Jilbab","deskripsi":"Nonton Film Semi Jepang Sub Indo Part Memeksiana Video Viral Bokepsin Yakwad Jilbab gratis. Ukuran File: 5.83 GB, Durasi: 01:39:34. Populer: 1907 tayangan. Diunggah pada 2023-11-30 17:11:18 melalui doodstream. Kata Kunci Terkait: .","tag":null,"protected_embed":"https://dodl.pages.dev/ssx5xvcy96c1","protected_dl":"https://myvidplay.com/d/ssx5xvcy96c1","single_img":"https://postercdn.net/snaps/l5jamw2qxreru447.jpg","splash_img":"https://postercdn.net/splash/l5jamw2qxreru447.jpg","size":"6264193024","length":"5974","duration":"PT99M34S","views":"1907","uploaded":"2023-11-30 17:11:18","last_view":"2023-11-30 17:11:18","api_source":"doodstream","kategori":"Video Viral","page":77,"index":99}