{"filecode":"ssydn2z6ihhz","title":"Tante Sama Ponakan Bokep Dood Folder Simontok Streaming Asupan Viral","deskripsi":"Nonton Tante Sama Ponakan Bokep Dood Folder Simontok Streaming Asupan Viral gratis. Ukuran File: 254.00 MB, Durasi: 04:14. Populer: 5514 tayangan. Diunggah pada 2024-02-11 00:37:06 melalui doodstream. Kata Kunci Terkait: .","tag":null,"protected_embed":"https://dodl.pages.dev/ssydn2z6ihhz","protected_dl":"https://myvidplay.com/d/ssydn2z6ihhz","single_img":"https://postercdn.net/snaps/8tfa6t3um71nwpxs.jpg","splash_img":"https://postercdn.net/splash/8tfa6t3um71nwpxs.jpg","size":"266338304","length":"254","duration":"PT4M14S","views":"5514","uploaded":"2024-02-11 00:37:06","last_view":"2024-02-11 00:37:06","api_source":"doodstream","kategori":"Video Viral","page":57,"index":134}