{"filecode":"ssyjm003kjqv","title":"Kelihatan Tembem M K Buchsaya Onlyfans Twitter Telegram Live Dood Tele Pejuang","deskripsi":"Nonton Kelihatan Tembem M K Buchsaya Onlyfans Twitter Telegram Live Dood Tele Pejuang gratis. Ukuran File: 357.00 MB, Durasi: 05:57. Populer: 892 tayangan. Diunggah pada 2023-10-05 14:47:51 melalui doodstream. Kata Kunci Terkait: .","tag":null,"protected_embed":"https://dodl.pages.dev/ssyjm003kjqv","protected_dl":"https://myvidplay.com/d/ssyjm003kjqv","single_img":"https://postercdn.net/snaps/zunm1j3hsxho53ex.jpg","splash_img":"https://postercdn.net/splash/zunm1j3hsxho53ex.jpg","size":"374341632","length":"357","duration":"PT5M57S","views":"892","uploaded":"2023-10-05 14:47:51","last_view":"2023-10-05 14:47:51","api_source":"doodstream","kategori":"Video Dood","page":104,"index":153}