{"filecode":"lm19bvxiakxd","title":"Bokep Indo Video Viral Neysa Tiktok Bochiel Terupdate Telegram Doodstream Bokepsin","deskripsi":"Nonton Bokep Indo Video Viral Neysa Tiktok Bochiel Terupdate Telegram Doodstream Bokepsin gratis. Ukuran File: 152.00 MB, Durasi: 02:32. Populer: 1411 tayangan. Diunggah pada 2023-12-15 18:56:49 melalui doodstream. Kata Kunci Terkait: .","tag":null,"protected_embed":"https://dodl.pages.dev/lm19bvxiakxd","protected_dl":"https://myvidplay.com/d/lm19bvxiakxd","single_img":"https://postercdn.net/snaps/oe9au7nn18gtuegq.jpg","splash_img":"https://postercdn.net/splash/oe9au7nn18gtuegq.jpg","size":"159383552","length":"152","duration":"PT2M32S","views":"1411","uploaded":"2023-12-15 18:56:49","last_view":"2023-12-15 18:56:49","api_source":"doodstream","kategori":"Video Viral","page":70,"index":73}