{"filecode":"lm2gkt2k6jyb","title":"Bokep Indo Lola Scorpio Hijab Viral Full Video Links Telegram Doodflix Doods","deskripsi":"Nonton Bokep Indo Lola Scorpio Hijab Viral Full Video Links Telegram Doodflix Doods gratis. Ukuran File: 203.00 MB, Durasi: 03:23. Populer: 896 tayangan. Diunggah pada 2024-02-16 10:19:56 melalui doodstream. Kata Kunci Terkait: .","tag":null,"protected_embed":"https://dodl.pages.dev/lm2gkt2k6jyb","protected_dl":"https://myvidplay.com/d/lm2gkt2k6jyb","single_img":"https://postercdn.net/snaps/7ctpdfcr1wkobhrs.jpg","splash_img":"https://postercdn.net/splash/7ctpdfcr1wkobhrs.jpg","size":"212860928","length":"203","duration":"PT3M23S","views":"896","uploaded":"2024-02-16 10:19:56","last_view":"2024-02-16 10:19:56","api_source":"doodstream","kategori":"Video Hijab","page":56,"index":96}