{"filecode":"lm2idmaks08e","title":"Urfavgirlshit Full Album Telegram Twitter Video Viral Bokep","deskripsi":"Nonton Urfavgirlshit Full Album Telegram Twitter Video Viral Bokep gratis. Ukuran File: 300.00 MB, Durasi: 05:00. Populer: 66 tayangan. Diunggah pada 2025-10-20 09:01:30 melalui doodstream. Kata Kunci Terkait: .","tag":null,"protected_embed":"https://dodl.pages.dev/lm2idmaks08e","protected_dl":"https://myvidplay.com/d/lm2idmaks08e","single_img":"https://postercdn.net/snaps/fsrt08wbcw8upstk.jpg","splash_img":"https://postercdn.net/splash/fsrt08wbcw8upstk.jpg","size":"314572800","length":"300","duration":"PT5M","views":"66","uploaded":"2025-10-20 09:01:30","last_view":"2025-10-20 09:01:30","api_source":"doodstream","kategori":"Video Viral","page":6,"index":32}