{"filecode":"lm30pi907uuh","title":"Cindo Mantab Banget Cowo Bule Website Pejuang Lendir Tobrut Terabox Video Viral","deskripsi":"Nonton Cindo Mantab Banget Cowo Bule Website Pejuang Lendir Tobrut Terabox Video Viral gratis. Ukuran File: 250.00 MB, Durasi: 04:10. Populer: 4717 tayangan. Diunggah pada 2023-08-07 21:38:27 melalui doodstream. Kata Kunci Terkait: .","tag":null,"protected_embed":"https://dodl.pages.dev/lm30pi907uuh","protected_dl":"https://myvidplay.com/d/lm30pi907uuh","single_img":"https://postercdn.net/snaps/ibnvw7iuz22z081j.jpg","splash_img":"https://postercdn.net/splash/ibnvw7iuz22z081j.jpg","size":"262144000","length":"250","duration":"PT4M10S","views":"4717","uploaded":"2023-08-07 21:38:27","last_view":"2023-08-07 21:38:27","api_source":"doodstream","kategori":"Video Viral","page":122,"index":7}