{"filecode":"lm31r09zj3cx","title":"Janda Pirang Cantik Banget Dood Stream Video Viral Doodflix Doostream Lulustream","deskripsi":"Nonton Janda Pirang Cantik Banget Dood Stream Video Viral Doodflix Doostream Lulustream gratis. Ukuran File: 31.00 MB, Durasi: 00:31. Populer: 3384 tayangan. Diunggah pada 2023-10-22 16:52:14 melalui doodstream. Kata Kunci Terkait: .","tag":null,"protected_embed":"https://dodl.pages.dev/lm31r09zj3cx","protected_dl":"https://myvidplay.com/d/lm31r09zj3cx","single_img":"https://postercdn.net/snaps/6ckhx3aiiklej347.jpg","splash_img":"https://postercdn.net/splash/6ckhx3aiiklej347.jpg","size":"32505856","length":"31","duration":"PT31S","views":"3384","uploaded":"2023-10-22 16:52:14","last_view":"2023-10-22 16:52:14","api_source":"doodstream","kategori":"Video Viral","page":91,"index":148}