{"filecode":"lm3nllq9d1r5","title":"Bokep Indo Clara Bebas Abg Smp Cantik Toge Asupan Links Tobrut Sotwe","deskripsi":"Nonton Bokep Indo Clara Bebas Abg Smp Cantik Toge Asupan Links Tobrut Sotwe gratis. Ukuran File: 100.00 MB, Durasi: 01:40. Populer: 26035 tayangan. Diunggah pada 2024-04-24 10:57:34 melalui doodstream. Kata Kunci Terkait: .","tag":null,"protected_embed":"https://dodl.pages.dev/lm3nllq9d1r5","protected_dl":"https://myvidplay.com/d/lm3nllq9d1r5","single_img":"https://postercdn.net/snaps/zkqlktoof8sl9aa2.jpg","splash_img":"https://postercdn.net/splash/zkqlktoof8sl9aa2.jpg","size":"104857600","length":"100","duration":"PT1M40S","views":"26035","uploaded":"2024-04-24 10:57:34","last_view":"2024-04-24 10:57:34","api_source":"doodstream","kategori":"Video Indo","page":46,"index":18}