{"filecode":"lm5ma2i4kt6a","title":"Body Sexy Keringetan Pekoblive Simontok Tiktok Bokep Dood Doodstream","deskripsi":"Nonton Body Sexy Keringetan Pekoblive Simontok Tiktok Bokep Dood Doodstream gratis. Ukuran File: 123.00 MB, Durasi: 02:03. Populer: 68 tayangan. Diunggah pada 2025-01-13 05:35:38 melalui doodstream. Kata Kunci Terkait: .","tag":null,"protected_embed":"https://dodl.pages.dev/lm5ma2i4kt6a","protected_dl":"https://myvidplay.com/d/lm5ma2i4kt6a","single_img":"https://postercdn.net/snaps/w7ij6hequfrhl84m.jpg","splash_img":"https://postercdn.net/splash/w7ij6hequfrhl84m.jpg","size":"128974848","length":"123","duration":"PT2M3S","views":"68","uploaded":"2025-01-13 05:35:38","last_view":"2025-01-13 05:35:38","api_source":"doodstream","kategori":"Video Doodstream","page":18,"index":151}