{"filecode":"lm5o0yacrcpo","title":"Nenenin Abang Ojol Kontol Panjang Kenyotan Nya Uhhh Memeksiana Doodstreem Bebasindo Asupan","deskripsi":"Nonton Nenenin Abang Ojol Kontol Panjang Kenyotan Nya Uhhh Memeksiana Doodstreem Bebasindo Asupan gratis. Ukuran File: 617.00 MB, Durasi: 10:17. Populer: 27955 tayangan. Diunggah pada 2023-10-20 03:01:15 melalui doodstream. Kata Kunci Terkait: .","tag":null,"protected_embed":"https://dodl.pages.dev/lm5o0yacrcpo","protected_dl":"https://myvidplay.com/d/lm5o0yacrcpo","single_img":"https://postercdn.net/snaps/2pgnflutvhstb3iq.jpg","splash_img":"https://postercdn.net/splash/2pgnflutvhstb3iq.jpg","size":"646971392","length":"617","duration":"PT10M17S","views":"27955","uploaded":"2023-10-20 03:01:15","last_view":"2023-10-20 03:01:15","api_source":"doodstream","kategori":"Video Nenenin","page":92,"index":100}