{"filecode":"lm68sacngb1s","title":"Chuppy Bokep Bokepsin Bokep31 Doodsflix Update","deskripsi":"Nonton Chuppy Bokep Bokepsin Bokep31 Doodsflix Update gratis. Ukuran File: 177.00 MB, Durasi: 02:57. Populer: 6 tayangan. Diunggah pada 2025-10-17 18:05:16 melalui doodstream. Kata Kunci Terkait: .","tag":null,"protected_embed":"https://dodl.pages.dev/lm68sacngb1s","protected_dl":"https://myvidplay.com/d/lm68sacngb1s","single_img":"https://postercdn.net/snaps/tbg795gko6qsllt8.jpg","splash_img":"https://postercdn.net/splash/tbg795gko6qsllt8.jpg","size":"185597952","length":"177","duration":"PT2M57S","views":"6","uploaded":"2025-10-17 18:05:16","last_view":"2025-10-17 18:05:16","api_source":"doodstream","kategori":"Video Bokep","page":8,"index":165}