{"filecode":"lm6qem6n0b0m","title":"Kontendewasa Lemes Bestie Abis Digenjodd Ayank Tiktok Bochiel Dodstream Doodsflix Xpanas","deskripsi":"Nonton Kontendewasa Lemes Bestie Abis Digenjodd Ayank Tiktok Bochiel Dodstream Doodsflix Xpanas gratis. Ukuran File: 183.00 MB, Durasi: 03:03. Populer: 72 tayangan. Diunggah pada 2025-10-16 15:37:17 melalui doodstream. Kata Kunci Terkait: .","tag":null,"protected_embed":"https://dodl.pages.dev/lm6qem6n0b0m","protected_dl":"https://myvidplay.com/d/lm6qem6n0b0m","single_img":"https://postercdn.net/snaps/sypsm86edu88wj40.jpg","splash_img":"https://postercdn.net/splash/sypsm86edu88wj40.jpg","size":"191889408","length":"183","duration":"PT3M3S","views":"72","uploaded":"2025-10-16 15:37:17","last_view":"2025-10-16 15:37:17","api_source":"doodstream","kategori":"Video Tiktok","page":9,"index":66}