{"filecode":"lm6t8necj2qg","title":"Di Kocokin Tante Sampai Muncrat Www Yesdownloader Com Link Web Cilbo Streaming","deskripsi":"Nonton Di Kocokin Tante Sampai Muncrat Www Yesdownloader Com Link Web Cilbo Streaming gratis. Ukuran File: 186.00 MB, Durasi: 03:06. Populer: 1215 tayangan. Diunggah pada 2024-03-13 18:24:29 melalui doodstream. Kata Kunci Terkait: .","tag":null,"protected_embed":"https://dodl.pages.dev/lm6t8necj2qg","protected_dl":"https://myvidplay.com/d/lm6t8necj2qg","single_img":"https://postercdn.net/snaps/8v148h3ckmewoyb2.jpg","splash_img":"https://postercdn.net/splash/8v148h3ckmewoyb2.jpg","size":"195035136","length":"186","duration":"PT3M6S","views":"1215","uploaded":"2024-03-13 18:24:29","last_view":"2024-03-13 18:24:29","api_source":"doodstream","kategori":"Video Streaming","page":50,"index":47}