{"filecode":"lm84j3ygup5p","title":"Abg Seragam Sma Sange Berat Lulustream Video Colmek Full Album Bokepsin Doodstreem","deskripsi":"Nonton Abg Seragam Sma Sange Berat Lulustream Video Colmek Full Album Bokepsin Doodstreem gratis. Ukuran File: 180.00 MB, Durasi: 03:00. Populer: 4273 tayangan. Diunggah pada 2023-07-04 21:29:15 melalui doodstream. Kata Kunci Terkait: .","tag":null,"protected_embed":"https://dodl.pages.dev/lm84j3ygup5p","protected_dl":"https://myvidplay.com/d/lm84j3ygup5p","single_img":"https://postercdn.net/snaps/q306v4eh63zjmc12.jpg","splash_img":"https://postercdn.net/splash/q306v4eh63zjmc12.jpg","size":"188743680","length":"180","duration":"PT3M","views":"4273","uploaded":"2023-07-04 21:29:15","last_view":"2023-07-04 21:29:15","api_source":"doodstream","kategori":"Video Lulustream","page":128,"index":96}