{"filecode":"lmaaj8j5dih2","title":"Nabil Dood Stream Jilbab Tele Bokep Terupdate Viral","deskripsi":"Nonton Nabil Dood Stream Jilbab Tele Bokep Terupdate Viral gratis. Ukuran File: 4.03 GB, Durasi: 01:08:47. Populer: 43 tayangan. Diunggah pada 2025-01-13 05:33:46 melalui doodstream. Kata Kunci Terkait: .","tag":null,"protected_embed":"https://dodl.pages.dev/lmaaj8j5dih2","protected_dl":"https://myvidplay.com/d/lmaaj8j5dih2","single_img":"https://postercdn.net/snaps/ak3rtbebs9797qhq.jpg","splash_img":"https://postercdn.net/splash/ak3rtbebs9797qhq.jpg","size":"4327473152","length":"4127","duration":"PT68M47S","views":"43","uploaded":"2025-01-13 05:33:46","last_view":"2025-01-13 05:33:46","api_source":"doodstream","kategori":"Video Viral","page":19,"index":129}