{"filecode":"lmayjrthsmxa","title":"Bokep Mia Stark Cewek Toket Gede Dientot Ayang Telegram Update Bokepsin Pekoblive","deskripsi":"Nonton Bokep Mia Stark Cewek Toket Gede Dientot Ayang Telegram Update Bokepsin Pekoblive gratis. Ukuran File: 404.00 MB, Durasi: 06:44. Populer: 801 tayangan. Diunggah pada 2024-03-06 19:37:55 melalui doodstream. Kata Kunci Terkait: .","tag":null,"protected_embed":"https://dodl.pages.dev/lmayjrthsmxa","protected_dl":"https://myvidplay.com/d/lmayjrthsmxa","single_img":"https://postercdn.net/snaps/zotzmasl8ve2e6bt.jpg","splash_img":"https://postercdn.net/splash/zotzmasl8ve2e6bt.jpg","size":"423624704","length":"404","duration":"PT6M44S","views":"801","uploaded":"2024-03-06 19:37:55","last_view":"2024-03-06 19:37:55","api_source":"doodstream","kategori":"Video Bokep","page":54,"index":5}