{"filecode":"lmd7hu4g27fg","title":"Viral Abg Cobain Anal Asupan Cantik Tobrut","deskripsi":"Nonton Viral Abg Cobain Anal Asupan Cantik Tobrut gratis. Ukuran File: 111.00 MB, Durasi: 01:51. Populer: 1602 tayangan. Diunggah pada 2023-11-30 12:50:36 melalui doodstream. Kata Kunci Terkait: .","tag":null,"protected_embed":"https://dodl.pages.dev/lmd7hu4g27fg","protected_dl":"https://myvidplay.com/d/lmd7hu4g27fg","single_img":"https://postercdn.net/snaps/40eskyc2sccfoxrs.jpg","splash_img":"https://postercdn.net/splash/40eskyc2sccfoxrs.jpg","size":"116391936","length":"111","duration":"PT1M51S","views":"1602","uploaded":"2023-11-30 12:50:36","last_view":"2023-11-30 12:50:36","api_source":"doodstream","kategori":"Video Viral","page":78,"index":10}