{"filecode":"lmdtmcvp6mdx","title":"Live Show Ngewe Tante Sabila Vs Kribo Dood Stream Links Videos Doodsflix","deskripsi":"Nonton Live Show Ngewe Tante Sabila Vs Kribo Dood Stream Links Videos Doodsflix gratis. Ukuran File: 2.49 GB, Durasi: 42:28. Populer: 7519 tayangan. Diunggah pada 2023-10-22 21:37:14 melalui doodstream. Kata Kunci Terkait: .","tag":null,"protected_embed":"https://dodl.pages.dev/lmdtmcvp6mdx","protected_dl":"https://myvidplay.com/d/lmdtmcvp6mdx","single_img":"https://postercdn.net/snaps/2rrnbhmii594ou3f.jpg","splash_img":"https://postercdn.net/splash/2rrnbhmii594ou3f.jpg","size":"2671771648","length":"2548","duration":"PT42M28S","views":"7519","uploaded":"2023-10-22 21:37:14","last_view":"2023-10-22 21:37:14","api_source":"doodstream","kategori":"Video Dood","page":91,"index":99}