{"filecode":"lme6mr35hosg","title":"Yandex Indo Seenak Ini Crot Didalam Poop Hd Tobrut Simintok Asupan Viral","deskripsi":"Nonton Yandex Indo Seenak Ini Crot Didalam Poop Hd Tobrut Simintok Asupan Viral gratis. Ukuran File: 323.00 MB, Durasi: 05:23. Populer: 1511 tayangan. Diunggah pada 2024-01-04 10:29:56 melalui doodstream. Kata Kunci Terkait: .","tag":null,"protected_embed":"https://dodl.pages.dev/lme6mr35hosg","protected_dl":"https://myvidplay.com/d/lme6mr35hosg","single_img":"https://postercdn.net/snaps/az4z5y1ls1a6djcz.jpg","splash_img":"https://postercdn.net/splash/az4z5y1ls1a6djcz.jpg","size":"338690048","length":"323","duration":"PT5M23S","views":"1511","uploaded":"2024-01-04 10:29:56","last_view":"2024-01-04 10:29:56","api_source":"doodstream","kategori":"Video Viral","page":65,"index":55}