{"filecode":"lmf6iruqhmy8","title":"Lexsya Abg Yo Pemersatu Fun Doodstream Bebasindo Tobrut Popstream Bokepsin","deskripsi":"Nonton Lexsya Abg Yo Pemersatu Fun Doodstream Bebasindo Tobrut Popstream Bokepsin gratis. Ukuran File: 65.00 MB, Durasi: 01:05. Populer: 1003 tayangan. Diunggah pada 2023-12-23 21:23:20 melalui doodstream. Kata Kunci Terkait: .","tag":null,"protected_embed":"https://dodl.pages.dev/lmf6iruqhmy8","protected_dl":"https://myvidplay.com/d/lmf6iruqhmy8","single_img":"https://postercdn.net/snaps/ymta5g3xx23xb99n.jpg","splash_img":"https://postercdn.net/splash/ymta5g3xx23xb99n.jpg","size":"68157440","length":"65","duration":"PT1M5S","views":"1003","uploaded":"2023-12-23 21:23:20","last_view":"2023-12-23 21:23:20","api_source":"doodstream","kategori":"Video Doodstream","page":67,"index":68}