{"filecode":"lmflbzbbpwlc","title":"Cewek Teman Di Gilir Saat Sedang Mabok Sampe Basah Pekob Live Mp","deskripsi":"Nonton Cewek Teman Di Gilir Saat Sedang Mabok Sampe Basah Pekob Live Mp gratis. Ukuran File: 1.11 GB, Durasi: 19:01. Populer: 10742 tayangan. Diunggah pada 2023-10-24 23:40:33 melalui doodstream. Kata Kunci Terkait: .","tag":null,"protected_embed":"https://dodl.pages.dev/lmflbzbbpwlc","protected_dl":"https://myvidplay.com/d/lmflbzbbpwlc","single_img":"https://postercdn.net/snaps/e8dkl98o5ajbzlou.jpg","splash_img":"https://postercdn.net/splash/e8dkl98o5ajbzlou.jpg","size":"1196425216","length":"1141","duration":"PT19M1S","views":"10742","uploaded":"2023-10-24 23:40:33","last_view":"2023-10-24 23:40:33","api_source":"doodstream","kategori":"Video Live","page":89,"index":176}