{"filecode":"lmglq30gohbd","title":"Bokep Indo Abg Bocil Baru Beres Mandi Colmek Poophd Doods Pro Dood","deskripsi":"Nonton Bokep Indo Abg Bocil Baru Beres Mandi Colmek Poophd Doods Pro Dood gratis. Ukuran File: 192.00 MB, Durasi: 03:12. Populer: 4660 tayangan. Diunggah pada 2024-09-14 17:41:33 melalui doodstream. Kata Kunci Terkait: .","tag":null,"protected_embed":"https://dodl.pages.dev/lmglq30gohbd","protected_dl":"https://myvidplay.com/d/lmglq30gohbd","single_img":"https://postercdn.net/snaps/ycvldl9y51m7ozk1.jpg","splash_img":"https://postercdn.net/splash/ycvldl9y51m7ozk1.jpg","size":"201326592","length":"192","duration":"PT3M12S","views":"4660","uploaded":"2024-09-14 17:41:33","last_view":"2024-09-14 17:41:33","api_source":"doodstream","kategori":"Video Indo","page":34,"index":75}