{"filecode":"lmjpjl19gwnb","title":"Simontok Liveshow Bar Lokal Bebasindo Streaming Sotwe Terabox","deskripsi":"Nonton Simontok Liveshow Bar Lokal Bebasindo Streaming Sotwe Terabox gratis. Ukuran File: 1.61 GB, Durasi: 27:31. Populer: 2536 tayangan. Diunggah pada 2023-08-17 17:55:51 melalui doodstream. Kata Kunci Terkait: .","tag":null,"protected_embed":"https://dodl.pages.dev/lmjpjl19gwnb","protected_dl":"https://myvidplay.com/d/lmjpjl19gwnb","single_img":"https://postercdn.net/snaps/xcnvc36sig3hhhzf.jpg","splash_img":"https://postercdn.net/splash/xcnvc36sig3hhhzf.jpg","size":"1731198976","length":"1651","duration":"PT27M31S","views":"2536","uploaded":"2023-08-17 17:55:51","last_view":"2023-08-17 17:55:51","api_source":"doodstream","kategori":"Video Lokal","page":115,"index":186}