{"filecode":"lmk2upz2nc9l","title":"Bokep Indo Bunda Butuh Protein Untuk Muka Bokepind Doostream Doodflix Cantik Tobrut","deskripsi":"Nonton Bokep Indo Bunda Butuh Protein Untuk Muka Bokepind Doostream Doodflix Cantik Tobrut gratis. Ukuran File: 182.00 MB, Durasi: 03:02. Populer: 269 tayangan. Diunggah pada 2024-11-22 03:56:39 melalui doodstream. Kata Kunci Terkait: .","tag":null,"protected_embed":"https://dodl.pages.dev/lmk2upz2nc9l","protected_dl":"https://myvidplay.com/d/lmk2upz2nc9l","single_img":"https://postercdn.net/snaps/qiariofsa98jqlj0.jpg","splash_img":"https://postercdn.net/splash/qiariofsa98jqlj0.jpg","size":"190840832","length":"182","duration":"PT3M2S","views":"269","uploaded":"2024-11-22 03:56:39","last_view":"2024-11-22 03:56:39","api_source":"doodstream","kategori":"Video Indo","page":31,"index":148}