{"filecode":"lmlr4zrqzc3r","title":"Selebgram Cantik Nan Imut Dengan Desahan Telegram Video Bokep Ngentot Cilbo Links","deskripsi":"Nonton Selebgram Cantik Nan Imut Dengan Desahan Telegram Video Bokep Ngentot Cilbo Links gratis. Ukuran File: 180.00 MB, Durasi: 03:00. Populer: 876 tayangan. Diunggah pada 2023-11-06 03:07:29 melalui doodstream. Kata Kunci Terkait: .","tag":null,"protected_embed":"https://dodl.pages.dev/lmlr4zrqzc3r","protected_dl":"https://myvidplay.com/d/lmlr4zrqzc3r","single_img":"https://postercdn.net/snaps/r0gkbd07t7x57ru4.jpg","splash_img":"https://postercdn.net/splash/r0gkbd07t7x57ru4.jpg","size":"188743680","length":"180","duration":"PT3M","views":"876","uploaded":"2023-11-06 03:07:29","last_view":"2023-11-06 03:07:29","api_source":"doodstream","kategori":"Video Selebgram","page":86,"index":61}