{"filecode":"lmm9pm1z6rl7","title":"Bokep Indo Highsstn Seleb Tiktok Thailand Pemersatu Bokepind Lokal Simontok Viral","deskripsi":"Nonton Bokep Indo Highsstn Seleb Tiktok Thailand Pemersatu Bokepind Lokal Simontok Viral gratis. Ukuran File: 676.00 MB, Durasi: 11:16. Populer: 438 tayangan. Diunggah pada 2024-11-22 03:57:42 melalui doodstream. Kata Kunci Terkait: .","tag":null,"protected_embed":"https://dodl.pages.dev/lmm9pm1z6rl7","protected_dl":"https://myvidplay.com/d/lmm9pm1z6rl7","single_img":"https://postercdn.net/snaps/oo5ozy904ciddtas.jpg","splash_img":"https://postercdn.net/splash/oo5ozy904ciddtas.jpg","size":"708837376","length":"676","duration":"PT11M16S","views":"438","uploaded":"2024-11-22 03:57:42","last_view":"2024-11-22 03:57:42","api_source":"doodstream","kategori":"Video Viral","page":31,"index":31}