{"filecode":"lmn9q5oc7oig","title":"Sleep Call Sama Miss Kay Cakep Asli Temenin Kalian Crot Dood Stream","deskripsi":"Nonton Sleep Call Sama Miss Kay Cakep Asli Temenin Kalian Crot Dood Stream gratis. Ukuran File: 300.00 MB, Durasi: 05:00. Populer: 2607 tayangan. Diunggah pada 2023-08-09 11:29:24 melalui doodstream. Kata Kunci Terkait: .","tag":null,"protected_embed":"https://dodl.pages.dev/lmn9q5oc7oig","protected_dl":"https://myvidplay.com/d/lmn9q5oc7oig","single_img":"https://postercdn.net/snaps/vjv50uffjpc96oen.jpg","splash_img":"https://postercdn.net/splash/vjv50uffjpc96oen.jpg","size":"314572800","length":"300","duration":"PT5M","views":"2607","uploaded":"2023-08-09 11:29:24","last_view":"2023-08-09 11:29:24","api_source":"doodstream","kategori":"Video Dood","page":118,"index":3}