{"filecode":"lmo9tttn6q4w","title":"Bokep Indo Olla Maudy Prank Ojol Indojav Dood Stream Website Dodstream Tele","deskripsi":"Nonton Bokep Indo Olla Maudy Prank Ojol Indojav Dood Stream Website Dodstream Tele gratis. Ukuran File: 139.00 MB, Durasi: 02:19. Populer: 7755 tayangan. Diunggah pada 2023-08-17 18:48:14 melalui doodstream. Kata Kunci Terkait: .","tag":null,"protected_embed":"https://dodl.pages.dev/lmo9tttn6q4w","protected_dl":"https://myvidplay.com/d/lmo9tttn6q4w","single_img":"https://postercdn.net/snaps/9g0mn35s0y943lpg.jpg","splash_img":"https://postercdn.net/splash/9g0mn35s0y943lpg.jpg","size":"145752064","length":"139","duration":"PT2M19S","views":"7755","uploaded":"2023-08-17 18:48:14","last_view":"2023-08-17 18:48:14","api_source":"doodstream","kategori":"Video Indo","page":115,"index":134}