{"filecode":"lmptj2xp2qti","title":"Tante Minta Jatah Tiap Malem P Bochiel Bokep31 Terabox Bokepsin Twitter","deskripsi":"Nonton Tante Minta Jatah Tiap Malem P Bochiel Bokep31 Terabox Bokepsin Twitter gratis. Ukuran File: 131.00 MB, Durasi: 02:11. Populer: 496 tayangan. Diunggah pada 2025-11-19 16:00:48 melalui doodstream. Kata Kunci Terkait: .","tag":null,"protected_embed":"https://dodl.pages.dev/lmptj2xp2qti","protected_dl":"https://myvidplay.com/d/lmptj2xp2qti","single_img":"https://postercdn.net/snaps/hptq1doznok39t9u.jpg","splash_img":"https://postercdn.net/splash/hptq1doznok39t9u.jpg","size":"137363456","length":"131","duration":"PT2M11S","views":"496","uploaded":"2025-11-19 16:00:48","last_view":"2025-11-19 16:00:48","api_source":"doodstream","kategori":"Video Terabox","page":2,"index":145}