{"filecode":"lmqgs4k1rtp2","title":"Tubuh Indah Mulus Toket Mengkal Colok Memek Bokepind Video Sma Tobrut Terupdate","deskripsi":"Nonton Tubuh Indah Mulus Toket Mengkal Colok Memek Bokepind Video Sma Tobrut Terupdate gratis. Ukuran File: 65.00 MB, Durasi: 01:05. Populer: 603 tayangan. Diunggah pada 2023-11-23 19:14:44 melalui doodstream. Kata Kunci Terkait: .","tag":null,"protected_embed":"https://dodl.pages.dev/lmqgs4k1rtp2","protected_dl":"https://myvidplay.com/d/lmqgs4k1rtp2","single_img":"https://postercdn.net/snaps/m2dz3hu5oewz57kt.jpg","splash_img":"https://postercdn.net/splash/m2dz3hu5oewz57kt.jpg","size":"68157440","length":"65","duration":"PT1M5S","views":"603","uploaded":"2023-11-23 19:14:44","last_view":"2023-11-23 19:14:44","api_source":"doodstream","kategori":"Video Sma","page":82,"index":110}