{"filecode":"lmtcy3t1kwm5","title":"Ngecas Didapur Lulustream Website Lokal Link Web Video Viral","deskripsi":"Nonton Ngecas Didapur Lulustream Website Lokal Link Web Video Viral gratis. Ukuran File: 592.00 MB, Durasi: 09:52. Populer: 533 tayangan. Diunggah pada 2025-01-16 06:16:39 melalui doodstream. Kata Kunci Terkait: .","tag":null,"protected_embed":"https://dodl.pages.dev/lmtcy3t1kwm5","protected_dl":"https://myvidplay.com/d/lmtcy3t1kwm5","single_img":"https://postercdn.net/snaps/hlosvjc7jru8g458.jpg","splash_img":"https://postercdn.net/splash/hlosvjc7jru8g458.jpg","size":"620756992","length":"592","duration":"PT9M52S","views":"533","uploaded":"2025-01-16 06:16:39","last_view":"2025-01-16 06:16:39","api_source":"doodstream","kategori":"Video Viral","page":18,"index":51}