{"filecode":"lmtfuxbufbfr","title":"Lagi Akur Sama Guru Olahraga Simontok Live Lokal Downloader Sotwe","deskripsi":"Nonton Lagi Akur Sama Guru Olahraga Simontok Live Lokal Downloader Sotwe gratis. Ukuran File: 91.00 MB, Durasi: 01:31. Populer: 47 tayangan. Diunggah pada 2025-10-16 15:34:01 melalui doodstream. Kata Kunci Terkait: .","tag":null,"protected_embed":"https://dodl.pages.dev/lmtfuxbufbfr","protected_dl":"https://myvidplay.com/d/lmtfuxbufbfr","single_img":"https://postercdn.net/snaps/opwx6ct2cwbda6je.jpg","splash_img":"https://postercdn.net/splash/opwx6ct2cwbda6je.jpg","size":"95420416","length":"91","duration":"PT1M31S","views":"47","uploaded":"2025-10-16 15:34:01","last_view":"2025-10-16 15:34:01","api_source":"doodstream","kategori":"Video Lokal","page":9,"index":178}