{"filecode":"lmvu9am3zq6q","title":"Padahal Masih Pake Daster Xpanas Telegram Simontok Dood Video Viral","deskripsi":"Nonton Padahal Masih Pake Daster Xpanas Telegram Simontok Dood Video Viral gratis. Ukuran File: 121.00 MB, Durasi: 02:01. Populer: 967 tayangan. Diunggah pada 2025-01-27 06:10:38 melalui doodstream. Kata Kunci Terkait: .","tag":null,"protected_embed":"https://dodl.pages.dev/lmvu9am3zq6q","protected_dl":"https://myvidplay.com/d/lmvu9am3zq6q","single_img":"https://postercdn.net/snaps/6vjgn56pmbp3bisl.jpg","splash_img":"https://postercdn.net/splash/6vjgn56pmbp3bisl.jpg","size":"126877696","length":"121","duration":"PT2M1S","views":"967","uploaded":"2025-01-27 06:10:38","last_view":"2025-01-27 06:10:38","api_source":"doodstream","kategori":"Video Viral","page":16,"index":70}