{"filecode":"lmza44zwbwy3","title":"Amerlita Spill Toked Dan Memek Toketbagus Terabox Pekoblive Cilbo Tele","deskripsi":"Nonton Amerlita Spill Toked Dan Memek Toketbagus Terabox Pekoblive Cilbo Tele gratis. Ukuran File: 667.00 MB, Durasi: 11:07. Populer: 70 tayangan. Diunggah pada 2025-01-13 05:26:23 melalui doodstream. Kata Kunci Terkait: .","tag":null,"protected_embed":"https://dodl.pages.dev/lmza44zwbwy3","protected_dl":"https://myvidplay.com/d/lmza44zwbwy3","single_img":"https://postercdn.net/snaps/4yrtqcbmdhufzku9.jpg","splash_img":"https://postercdn.net/splash/4yrtqcbmdhufzku9.jpg","size":"699400192","length":"667","duration":"PT11M7S","views":"70","uploaded":"2025-01-13 05:26:23","last_view":"2025-01-13 05:26:23","api_source":"doodstream","kategori":"Video Terabox","page":23,"index":164}