{"filecode":"lmzx291iecd4","title":"Bacol Vcs Cewek Semok Toket Montok Bugil Terabox Video Sma Bokepind Yakwad","deskripsi":"Nonton Bacol Vcs Cewek Semok Toket Montok Bugil Terabox Video Sma Bokepind Yakwad gratis. Ukuran File: 163.00 MB, Durasi: 02:43. Populer: 53204 tayangan. Diunggah pada 2023-07-02 20:25:06 melalui doodstream. Kata Kunci Terkait: .","tag":null,"protected_embed":"https://dodl.pages.dev/lmzx291iecd4","protected_dl":"https://myvidplay.com/d/lmzx291iecd4","single_img":"https://postercdn.net/snaps/q9nxueta77rnt9u2.jpg","splash_img":"https://postercdn.net/splash/q9nxueta77rnt9u2.jpg","size":"170917888","length":"163","duration":"PT2M43S","views":"53204","uploaded":"2023-07-02 20:25:06","last_view":"2023-07-02 20:25:06","api_source":"doodstream","kategori":"Video Terabox","page":130,"index":141}