{"filecode":"rn082zmye1w2","title":"Kirana Gadis Bali Live Show Colmek Di Kebun Video Doods Pro Doostream","deskripsi":"Nonton Kirana Gadis Bali Live Show Colmek Di Kebun Video Doods Pro Doostream gratis. Ukuran File: 1.45 GB, Durasi: 24:46. Populer: 2533 tayangan. Diunggah pada 2023-11-23 19:19:27 melalui doodstream. Kata Kunci Terkait: .","tag":null,"protected_embed":"https://dodl.pages.dev/rn082zmye1w2","protected_dl":"https://myvidplay.com/d/rn082zmye1w2","single_img":"https://postercdn.net/snaps/1nxz0f6ox9e4218v.jpg","splash_img":"https://postercdn.net/splash/1nxz0f6ox9e4218v.jpg","size":"1558183936","length":"1486","duration":"PT24M46S","views":"2533","uploaded":"2023-11-23 19:19:27","last_view":"2023-11-23 19:19:27","api_source":"doodstream","kategori":"Video Colmek","page":82,"index":77}