{"filecode":"rn1tbb0usoaf","title":"Khilafnya Ibu Tiri Tobrut Full Album Poophd Links Doodsflix","deskripsi":"Nonton Khilafnya Ibu Tiri Tobrut Full Album Poophd Links Doodsflix gratis. Ukuran File: 481.00 MB, Durasi: 08:01. Populer: 2346 tayangan. Diunggah pada 2023-10-20 02:47:22 melalui doodstream. Kata Kunci Terkait: .","tag":null,"protected_embed":"https://dodl.pages.dev/rn1tbb0usoaf","protected_dl":"https://myvidplay.com/d/rn1tbb0usoaf","single_img":"https://postercdn.net/snaps/nalmkqktge9uu4if.jpg","splash_img":"https://postercdn.net/splash/nalmkqktge9uu4if.jpg","size":"504365056","length":"481","duration":"PT8M1S","views":"2346","uploaded":"2023-10-20 02:47:22","last_view":"2023-10-20 02:47:22","api_source":"doodstream","kategori":"Video Ibu","page":92,"index":157}