{"filecode":"rn1yfdw3m38g","title":"Petualangan Panas Dengan Sepupu Klimaks Tak Terduga Indo Asupan Viral Jilbab Lagi","deskripsi":"Nonton Petualangan Panas Dengan Sepupu Klimaks Tak Terduga Indo Asupan Viral Jilbab Lagi gratis. Ukuran File: 331.00 MB, Durasi: 05:31. Populer: 33 tayangan. Diunggah pada 2026-01-10 06:47:42 melalui lulustream. Kata Kunci Terkait: .","tag":null,"protected_embed":"https://luvluv.pages.dev/rn1yfdw3m38g","protected_dl":"https://lulustream.com/d/rn1yfdw3m38g","single_img":"https://img.lulucdn.com/rn1yfdw3m38g_t.jpg","splash_img":"https://img.lulucdn.com/rn1yfdw3m38g_xt.jpg","size":"347078656","length":"331","duration":"PT5M31S","views":33,"uploaded":"2026-01-10 06:47:42","last_view":"2026-01-10 06:47:42","api_source":"lulustream","kategori":"Video Viral","page":1,"index":62}