{"filecode":"rn27pjjv126p","title":"Hijab Girl Cowgirl Riding Doodflix Lokal Website Bokep31 Popstream","deskripsi":"Nonton Hijab Girl Cowgirl Riding Doodflix Lokal Website Bokep31 Popstream gratis. Ukuran File: 704.00 MB, Durasi: 11:44. Populer: 1466 tayangan. Diunggah pada 2024-05-09 00:52:12 melalui doodstream. Kata Kunci Terkait: .","tag":null,"protected_embed":"https://dodl.pages.dev/rn27pjjv126p","protected_dl":"https://myvidplay.com/d/rn27pjjv126p","single_img":"https://postercdn.net/snaps/n3g5mzwdahc4plwb.jpg","splash_img":"https://postercdn.net/splash/n3g5mzwdahc4plwb.jpg","size":"738197504","length":"704","duration":"PT11M44S","views":"1466","uploaded":"2024-05-09 00:52:12","last_view":"2024-05-09 00:52:12","api_source":"doodstream","kategori":"Video Hijab","page":44,"index":96}