{"filecode":"rn61rh9wk984","title":"Bokep Indo Tika Nesya Viral Tiktok Website Video Yakwad Simintok Doods Pro","deskripsi":"Nonton Bokep Indo Tika Nesya Viral Tiktok Website Video Yakwad Simintok Doods Pro gratis. Ukuran File: 141.00 MB, Durasi: 02:21. Populer: 501 tayangan. Diunggah pada 2024-03-01 03:44:08 melalui doodstream. Kata Kunci Terkait: .","tag":null,"protected_embed":"https://dodl.pages.dev/rn61rh9wk984","protected_dl":"https://myvidplay.com/d/rn61rh9wk984","single_img":"https://postercdn.net/snaps/rmuacllfg011e0n6.jpg","splash_img":"https://postercdn.net/splash/rmuacllfg011e0n6.jpg","size":"147849216","length":"141","duration":"PT2M21S","views":"501","uploaded":"2024-03-01 03:44:08","last_view":"2024-03-01 03:44:08","api_source":"doodstream","kategori":"Video Viral","page":56,"index":23}