{"filecode":"rn6saw8oukp4","title":"Asian Sex Diary Lita Lokal Telegram Dood Bebasindo Video Sma","deskripsi":"Nonton Asian Sex Diary Lita Lokal Telegram Dood Bebasindo Video Sma gratis. Ukuran File: 2.17 GB, Durasi: 37:05. Populer: 2175 tayangan. Diunggah pada 2023-08-16 15:27:28 melalui doodstream. Kata Kunci Terkait: .","tag":null,"protected_embed":"https://dodl.pages.dev/rn6saw8oukp4","protected_dl":"https://myvidplay.com/d/rn6saw8oukp4","single_img":"https://postercdn.net/snaps/m9sq49o05juw5f58.jpg","splash_img":"https://postercdn.net/splash/m9sq49o05juw5f58.jpg","size":"2333081600","length":"2225","duration":"PT37M5S","views":"2175","uploaded":"2023-08-16 15:27:28","last_view":"2023-08-16 15:27:28","api_source":"doodstream","kategori":"Video Lokal","page":116,"index":178}