{"filecode":"rn7vwrr83pn1","title":"Malu Tapi Keenakan Di Ewe Videos Pemersatu Popstream Downloader Bokepsatset","deskripsi":"Nonton Malu Tapi Keenakan Di Ewe Videos Pemersatu Popstream Downloader Bokepsatset gratis. Ukuran File: 71.00 MB, Durasi: 01:11. Populer: 9300 tayangan. Diunggah pada 2023-07-04 21:27:30 melalui doodstream. Kata Kunci Terkait: .","tag":null,"protected_embed":"https://dodl.pages.dev/rn7vwrr83pn1","protected_dl":"https://myvidplay.com/d/rn7vwrr83pn1","single_img":"https://postercdn.net/snaps/jhqfv3hbegdhxzgg.jpg","splash_img":"https://postercdn.net/splash/jhqfv3hbegdhxzgg.jpg","size":"74448896","length":"71","duration":"PT1M11S","views":"9300","uploaded":"2023-07-04 21:27:30","last_view":"2023-07-04 21:27:30","api_source":"doodstream","kategori":"Video Malu","page":128,"index":185}