{"filecode":"rn83s3sodljl","title":"Air Susu Segar Diperas Dari Tetek Siswi Menyusui Link Web Pemersatu Yakwad","deskripsi":"Nonton Air Susu Segar Diperas Dari Tetek Siswi Menyusui Link Web Pemersatu Yakwad gratis. Ukuran File: 687.00 MB, Durasi: 11:27. Populer: 950 tayangan. Diunggah pada 2023-11-23 00:49:07 melalui doodstream. Kata Kunci Terkait: .","tag":null,"protected_embed":"https://dodl.pages.dev/rn83s3sodljl","protected_dl":"https://myvidplay.com/d/rn83s3sodljl","single_img":"https://postercdn.net/snaps/6w14wnbg25ku1ps8.jpg","splash_img":"https://postercdn.net/splash/6w14wnbg25ku1ps8.jpg","size":"720371712","length":"687","duration":"PT11M27S","views":"950","uploaded":"2023-11-23 00:49:07","last_view":"2023-11-23 00:49:07","api_source":"doodstream","kategori":"Video Siswi","page":83,"index":60}