{"filecode":"rn8ifsrj992b","title":"Bokep Smp Pramuka Toket Mantap Bh Ungu Bokepind Lagi Viral Lokal Telegram","deskripsi":"Nonton Bokep Smp Pramuka Toket Mantap Bh Ungu Bokepind Lagi Viral Lokal Telegram gratis. Ukuran File: 104.00 MB, Durasi: 01:44. Populer: 1183 tayangan. Diunggah pada 2024-08-08 02:05:32 melalui doodstream. Kata Kunci Terkait: .","tag":null,"protected_embed":"https://dodl.pages.dev/rn8ifsrj992b","protected_dl":"https://myvidplay.com/d/rn8ifsrj992b","single_img":"https://postercdn.net/snaps/f0ysh7155z82ry4d.jpg","splash_img":"https://postercdn.net/splash/f0ysh7155z82ry4d.jpg","size":"109051904","length":"104","duration":"PT1M44S","views":"1183","uploaded":"2024-08-08 02:05:32","last_view":"2024-08-08 02:05:32","api_source":"doodstream","kategori":"Video Viral","page":40,"index":13}