{"filecode":"rn8w11b3clv0","title":"Bokep Indo Ngewe Dengan Selingkuhan Cantik Sangetube Tobrut Link Web Video Cilbo","deskripsi":"Nonton Bokep Indo Ngewe Dengan Selingkuhan Cantik Sangetube Tobrut Link Web Video Cilbo gratis. Ukuran File: 690.00 MB, Durasi: 11:30. Populer: 4640 tayangan. Diunggah pada 2023-07-26 21:01:28 melalui doodstream. Kata Kunci Terkait: .","tag":null,"protected_embed":"https://dodl.pages.dev/rn8w11b3clv0","protected_dl":"https://myvidplay.com/d/rn8w11b3clv0","single_img":"https://postercdn.net/snaps/2a2petwi3bdsj50f.jpg","splash_img":"https://postercdn.net/splash/2a2petwi3bdsj50f.jpg","size":"723517440","length":"690","duration":"PT11M30S","views":"4640","uploaded":"2023-07-26 21:01:28","last_view":"2023-07-26 21:01:28","api_source":"doodstream","kategori":"Video Indo","page":125,"index":136}