{"filecode":"rn9zzkpiqugn","title":"Jav Sub Indo Jul Dood Stream Streaming Ngentot Terabox Bokepsatset Doods Pro","deskripsi":"Nonton Jav Sub Indo Jul Dood Stream Streaming Ngentot Terabox Bokepsatset Doods Pro gratis. Ukuran File: 6.93 GB, Durasi: 01:58:13. Populer: 588 tayangan. Diunggah pada 2023-06-17 14:59:50 melalui doodstream. Kata Kunci Terkait: .","tag":null,"protected_embed":"https://dodl.pages.dev/rn9zzkpiqugn","protected_dl":"https://myvidplay.com/d/rn9zzkpiqugn","single_img":"https://postercdn.net/snaps/swd2izhuoapr9o4z.jpg","splash_img":"https://postercdn.net/splash/swd2izhuoapr9o4z.jpg","size":"7437549568","length":"7093","duration":"PT118M13S","views":"588","uploaded":"2023-06-17 14:59:50","last_view":"2023-06-17 14:59:50","api_source":"doodstream","kategori":"Video Indo","page":134,"index":136}