{"filecode":"rnagp9dl53l1","title":"X Auri Memek Becek Trakteer Indo Premium Avtub Doodflix Cantik Tobrut Terupdate","deskripsi":"Nonton X Auri Memek Becek Trakteer Indo Premium Avtub Doodflix Cantik Tobrut Terupdate gratis. Ukuran File: 299.00 MB, Durasi: 04:59. Populer: 617 tayangan. Diunggah pada 2024-01-15 08:24:57 melalui doodstream. Kata Kunci Terkait: .","tag":null,"protected_embed":"https://dodl.pages.dev/rnagp9dl53l1","protected_dl":"https://myvidplay.com/d/rnagp9dl53l1","single_img":"https://postercdn.net/snaps/m9nx4neuf4lzj1oh.jpg","splash_img":"https://postercdn.net/splash/m9nx4neuf4lzj1oh.jpg","size":"313524224","length":"299","duration":"PT4M59S","views":"617","uploaded":"2024-01-15 08:24:57","last_view":"2024-01-15 08:24:57","api_source":"doodstream","kategori":"Video Indo","page":62,"index":151}