{"filecode":"rne30i0p5xgi","title":"Video Viral Pijat Plus Terbaru Bokep Dood Poophd Pekoblive Sma Bokepsin","deskripsi":"Nonton Video Viral Pijat Plus Terbaru Bokep Dood Poophd Pekoblive Sma Bokepsin gratis. Ukuran File: 281.00 MB, Durasi: 04:41. Populer: 42136 tayangan. Diunggah pada 2023-08-28 05:01:04 melalui doodstream. Kata Kunci Terkait: .","tag":null,"protected_embed":"https://dodl.pages.dev/rne30i0p5xgi","protected_dl":"https://myvidplay.com/d/rne30i0p5xgi","single_img":"https://postercdn.net/snaps/by67wl5i006j4kop.jpg","splash_img":"https://postercdn.net/splash/by67wl5i006j4kop.jpg","size":"294649856","length":"281","duration":"PT4M41S","views":"42136","uploaded":"2023-08-28 05:01:04","last_view":"2023-08-28 05:01:04","api_source":"doodstream","kategori":"Video Viral","page":111,"index":174}