{"filecode":"rneilrkf0w59","title":"Minta Jatah Mantan Pacar Pt Doodsflix Bokepin Folder Dodstream Website","deskripsi":"Nonton Minta Jatah Mantan Pacar Pt Doodsflix Bokepin Folder Dodstream Website gratis. Ukuran File: 139.00 MB, Durasi: 02:19. Populer: 823 tayangan. Diunggah pada 2023-10-05 20:45:55 melalui doodstream. Kata Kunci Terkait: .","tag":null,"protected_embed":"https://dodl.pages.dev/rneilrkf0w59","protected_dl":"https://myvidplay.com/d/rneilrkf0w59","single_img":"https://postercdn.net/snaps/qjalrs14gdzj1ooo.jpg","splash_img":"https://postercdn.net/splash/qjalrs14gdzj1ooo.jpg","size":"145752064","length":"139","duration":"PT2M19S","views":"823","uploaded":"2023-10-05 20:45:55","last_view":"2023-10-05 20:45:55","api_source":"doodstream","kategori":"Video Pacar","page":104,"index":11}