{"filecode":"rnhh08mpjt1v","title":"Dinda Superindo Poophd Telegram Pemersatu Video Bokep Full Album","deskripsi":"Nonton Dinda Superindo Poophd Telegram Pemersatu Video Bokep Full Album gratis. Ukuran File: 78.00 MB, Durasi: 01:18. Populer: 1408 tayangan. Diunggah pada 2025-01-15 17:57:42 melalui doodstream. Kata Kunci Terkait: .","tag":null,"protected_embed":"https://dodl.pages.dev/rnhh08mpjt1v","protected_dl":"https://myvidplay.com/d/rnhh08mpjt1v","single_img":"https://postercdn.net/snaps/eykc6twxo9zqong0.jpg","splash_img":"https://postercdn.net/splash/eykc6twxo9zqong0.jpg","size":"81788928","length":"78","duration":"PT1M18S","views":"1408","uploaded":"2025-01-15 17:57:42","last_view":"2025-01-15 17:57:42","api_source":"doodstream","kategori":"Video Bokep","page":18,"index":56}