{"filecode":"rnhhcfsjvlqx","title":"Bokep Indo Pns Toge Montok Ngewe Di Kamar Mandi Pejuang Lendir Pekoblive","deskripsi":"Nonton Bokep Indo Pns Toge Montok Ngewe Di Kamar Mandi Pejuang Lendir Pekoblive gratis. Ukuran File: 621.00 MB, Durasi: 10:21. Populer: 1324 tayangan. Diunggah pada 2024-03-08 18:34:34 melalui doodstream. Kata Kunci Terkait: .","tag":null,"protected_embed":"https://dodl.pages.dev/rnhhcfsjvlqx","protected_dl":"https://myvidplay.com/d/rnhhcfsjvlqx","single_img":"https://postercdn.net/snaps/lmb8809lbs2ps97z.jpg","splash_img":"https://postercdn.net/splash/lmb8809lbs2ps97z.jpg","size":"651165696","length":"621","duration":"PT10M21S","views":"1324","uploaded":"2024-03-08 18:34:34","last_view":"2024-03-08 18:34:34","api_source":"doodstream","kategori":"Video Indo","page":52,"index":2}