{"filecode":"rni147l33jq3","title":"Keenakan Dimentokin Lokal Pride Net Bokep Dood Videos Doodsflix Bokepsin","deskripsi":"Nonton Keenakan Dimentokin Lokal Pride Net Bokep Dood Videos Doodsflix Bokepsin gratis. Ukuran File: 69.00 MB, Durasi: 01:09. Populer: 84 tayangan. Diunggah pada 2025-01-13 05:24:39 melalui doodstream. Kata Kunci Terkait: .","tag":null,"protected_embed":"https://dodl.pages.dev/rni147l33jq3","protected_dl":"https://myvidplay.com/d/rni147l33jq3","single_img":"https://postercdn.net/snaps/eapdavrxm9uhjw88.jpg","splash_img":"https://postercdn.net/splash/eapdavrxm9uhjw88.jpg","size":"72351744","length":"69","duration":"PT1M9S","views":"84","uploaded":"2025-01-13 05:24:39","last_view":"2025-01-13 05:24:39","api_source":"doodstream","kategori":"Video Lokal","page":24,"index":39}