{"filecode":"rnilyq7w75r7","title":"Bokep Tante Tobrut Ukhti Pasrah Dientot Skandal Pemersatu Videos Cantik Website Asupan","deskripsi":"Nonton Bokep Tante Tobrut Ukhti Pasrah Dientot Skandal Pemersatu Videos Cantik Website Asupan gratis. Ukuran File: 61.00 MB, Durasi: 01:01. Populer: 1903 tayangan. Diunggah pada 2024-02-11 05:32:48 melalui doodstream. Kata Kunci Terkait: .","tag":null,"protected_embed":"https://dodl.pages.dev/rnilyq7w75r7","protected_dl":"https://myvidplay.com/d/rnilyq7w75r7","single_img":"https://postercdn.net/snaps/wl4dl6jhmjb4n7ii.jpg","splash_img":"https://postercdn.net/splash/wl4dl6jhmjb4n7ii.jpg","size":"63963136","length":"61","duration":"PT1M1S","views":"1903","uploaded":"2024-02-11 05:32:48","last_view":"2024-02-11 05:32:48","api_source":"doodstream","kategori":"Video Skandal","page":57,"index":106}