{"filecode":"rnjty6befcdj","title":"Aku Gak Kuat Sayang Pokeh Croot Bokep Video Asupan Viral Bebasindo Dodstream","deskripsi":"Nonton Aku Gak Kuat Sayang Pokeh Croot Bokep Video Asupan Viral Bebasindo Dodstream gratis. Ukuran File: 486.00 MB, Durasi: 08:06. Populer: 7788 tayangan. Diunggah pada 2023-10-18 17:12:43 melalui doodstream. Kata Kunci Terkait: .","tag":null,"protected_embed":"https://dodl.pages.dev/rnjty6befcdj","protected_dl":"https://myvidplay.com/d/rnjty6befcdj","single_img":"https://postercdn.net/snaps/g51vzuuv7otq5c43.jpg","splash_img":"https://postercdn.net/splash/g51vzuuv7otq5c43.jpg","size":"509607936","length":"486","duration":"PT8M6S","views":"7788","uploaded":"2023-10-18 17:12:43","last_view":"2023-10-18 17:12:43","api_source":"doodstream","kategori":"Video Viral","page":94,"index":146}