{"filecode":"rnkuhkgchyf4","title":"Ngintip Kakak Cantik Ganti Baju Dikamar Eh Malah Dikasih Liat Semua Memeksiana","deskripsi":"Nonton Ngintip Kakak Cantik Ganti Baju Dikamar Eh Malah Dikasih Liat Semua Memeksiana gratis. Ukuran File: 85.00 MB, Durasi: 01:25. Populer: 4055 tayangan. Diunggah pada 2025-01-13 05:28:18 melalui doodstream. Kata Kunci Terkait: .","tag":null,"protected_embed":"https://dodl.pages.dev/rnkuhkgchyf4","protected_dl":"https://myvidplay.com/d/rnkuhkgchyf4","single_img":"https://postercdn.net/snaps/v637z0brh25ywv3c.jpg","splash_img":"https://postercdn.net/splash/v637z0brh25ywv3c.jpg","size":"89128960","length":"85","duration":"PT1M25S","views":"4055","uploaded":"2025-01-13 05:28:18","last_view":"2025-01-13 05:28:18","api_source":"doodstream","kategori":"Video Cantik","page":22,"index":72}