{"filecode":"rnnfr0krgkgo","title":"Nyobain Boking Spg Mobil Lagi Viral Asupan Bokep Dood Doodsflix Indo","deskripsi":"Nonton Nyobain Boking Spg Mobil Lagi Viral Asupan Bokep Dood Doodsflix Indo gratis. Ukuran File: 140.00 MB, Durasi: 02:20. Populer: 2131 tayangan. Diunggah pada 2023-07-02 20:24:39 melalui doodstream. Kata Kunci Terkait: .","tag":null,"protected_embed":"https://dodl.pages.dev/rnnfr0krgkgo","protected_dl":"https://myvidplay.com/d/rnnfr0krgkgo","single_img":"https://postercdn.net/snaps/d29z8wdj1gja7g2s.jpg","splash_img":"https://postercdn.net/splash/d29z8wdj1gja7g2s.jpg","size":"146800640","length":"140","duration":"PT2M20S","views":"2131","uploaded":"2023-07-02 20:24:39","last_view":"2023-07-02 20:24:39","api_source":"doodstream","kategori":"Video Viral","page":131,"index":109}