{"filecode":"rnrh37h7tdql","title":"Video Bokep Ngentot Anus Full Anal Sex Ceweknya Menjeri Jerit Merintih Indonesia","deskripsi":"Nonton Video Bokep Ngentot Anus Full Anal Sex Ceweknya Menjeri Jerit Merintih Indonesia gratis. Ukuran File: 463.00 MB, Durasi: 07:43. Populer: 1926 tayangan. Diunggah pada 2024-05-10 09:40:28 melalui doodstream. Kata Kunci Terkait: .","tag":null,"protected_embed":"https://dodl.pages.dev/rnrh37h7tdql","protected_dl":"https://myvidplay.com/d/rnrh37h7tdql","single_img":"https://postercdn.net/snaps/b6st07me9hru4yp0.jpg","splash_img":"https://postercdn.net/splash/b6st07me9hru4yp0.jpg","size":"485490688","length":"463","duration":"PT7M43S","views":"1926","uploaded":"2024-05-10 09:40:28","last_view":"2024-05-10 09:40:28","api_source":"doodstream","kategori":"Video Indonesia","page":44,"index":17}