{"filecode":"rns308z8y5wb","title":"Jav Hd Sub Indo Full Part Xpanas Dood Tele Terabox Simontok Twitter","deskripsi":"Nonton Jav Hd Sub Indo Full Part Xpanas Dood Tele Terabox Simontok Twitter gratis. Ukuran File: 613.00 MB, Durasi: 10:13. Populer: 9234 tayangan. Diunggah pada 2023-06-28 22:30:56 melalui doodstream. Kata Kunci Terkait: .","tag":null,"protected_embed":"https://dodl.pages.dev/rns308z8y5wb","protected_dl":"https://myvidplay.com/d/rns308z8y5wb","single_img":"https://postercdn.net/snaps/0vot28simq4o0pzl.jpg","splash_img":"https://postercdn.net/splash/0vot28simq4o0pzl.jpg","size":"642777088","length":"613","duration":"PT10M13S","views":"9234","uploaded":"2023-06-28 22:30:56","last_view":"2023-06-28 22:30:56","api_source":"doodstream","kategori":"Video Indo","page":134,"index":33}