{"filecode":"rntyzwlfz76i","title":"Bokep Mesum Abg Ngewe Di Wc Rumah Sakit Link Web Pemersatu Bokepsin","deskripsi":"Nonton Bokep Mesum Abg Ngewe Di Wc Rumah Sakit Link Web Pemersatu Bokepsin gratis. Ukuran File: 191.00 MB, Durasi: 03:11. Populer: 561 tayangan. Diunggah pada 2024-03-02 11:10:56 melalui doodstream. Kata Kunci Terkait: .","tag":null,"protected_embed":"https://dodl.pages.dev/rntyzwlfz76i","protected_dl":"https://myvidplay.com/d/rntyzwlfz76i","single_img":"https://postercdn.net/snaps/dyrljb6t2qsl4x4s.jpg","splash_img":"https://postercdn.net/splash/dyrljb6t2qsl4x4s.jpg","size":"200278016","length":"191","duration":"PT3M11S","views":"561","uploaded":"2024-03-02 11:10:56","last_view":"2024-03-02 11:10:56","api_source":"doodstream","kategori":"Video Abg","page":55,"index":40}