{"filecode":"rnu7y46t7toz","title":"Disepongin Sama Kakak Ipar Poophd Yakwad Xpanas Bokep Dood Lokal","deskripsi":"Nonton Disepongin Sama Kakak Ipar Poophd Yakwad Xpanas Bokep Dood Lokal gratis. Ukuran File: 348.00 MB, Durasi: 05:48. Populer: 22330 tayangan. Diunggah pada 2023-07-04 21:38:52 melalui doodstream. Kata Kunci Terkait: .","tag":null,"protected_embed":"https://dodl.pages.dev/rnu7y46t7toz","protected_dl":"https://myvidplay.com/d/rnu7y46t7toz","single_img":"https://postercdn.net/snaps/nynam6gydne9ico5.jpg","splash_img":"https://postercdn.net/splash/nynam6gydne9ico5.jpg","size":"364904448","length":"348","duration":"PT5M48S","views":"22330","uploaded":"2023-07-04 21:38:52","last_view":"2023-07-04 21:38:52","api_source":"doodstream","kategori":"Video Lokal","page":127,"index":195}