{"filecode":"rnvmaxzl58eb","title":"Abg Smp Pamer Susu Yang Indah Rm S Pemersatu Pekoblive Ful Album","deskripsi":"Nonton Abg Smp Pamer Susu Yang Indah Rm S Pemersatu Pekoblive Ful Album gratis. Ukuran File: 123.00 MB, Durasi: 02:03. Populer: 12459 tayangan. Diunggah pada 2023-10-06 00:36:52 melalui doodstream. Kata Kunci Terkait: .","tag":null,"protected_embed":"https://dodl.pages.dev/rnvmaxzl58eb","protected_dl":"https://myvidplay.com/d/rnvmaxzl58eb","single_img":"https://postercdn.net/snaps/a11cjwirt8fh71sr.jpg","splash_img":"https://postercdn.net/splash/a11cjwirt8fh71sr.jpg","size":"128974848","length":"123","duration":"PT2M3S","views":"12459","uploaded":"2023-10-06 00:36:52","last_view":"2023-10-06 00:36:52","api_source":"doodstream","kategori":"Video Abg","page":102,"index":79}