{"filecode":"rnvnvjjfnaly","title":"Cewek Hijab Pasrah Diapain Aja Video Colmek Bebasindo Full Album Viral Tele","deskripsi":"Nonton Cewek Hijab Pasrah Diapain Aja Video Colmek Bebasindo Full Album Viral Tele gratis. Ukuran File: 181.00 MB, Durasi: 03:01. Populer: 4490 tayangan. Diunggah pada 2023-10-22 16:52:29 melalui doodstream. Kata Kunci Terkait: .","tag":null,"protected_embed":"https://dodl.pages.dev/rnvnvjjfnaly","protected_dl":"https://myvidplay.com/d/rnvnvjjfnaly","single_img":"https://postercdn.net/snaps/56hpm8xusv7om53g.jpg","splash_img":"https://postercdn.net/splash/56hpm8xusv7om53g.jpg","size":"189792256","length":"181","duration":"PT3M1S","views":"4490","uploaded":"2023-10-22 16:52:29","last_view":"2023-10-22 16:52:29","api_source":"doodstream","kategori":"Video Hijab","page":91,"index":147}