{"filecode":"rnw8oc3vui7j","title":"Disepongin Cewek Berkerudung Di Mobil Streaming Doostream Bochiel Dood Doods Pro","deskripsi":"Nonton Disepongin Cewek Berkerudung Di Mobil Streaming Doostream Bochiel Dood Doods Pro gratis. Ukuran File: 91.00 MB, Durasi: 01:31. Populer: 27155 tayangan. Diunggah pada 2023-07-02 20:24:57 melalui doodstream. Kata Kunci Terkait: .","tag":null,"protected_embed":"https://dodl.pages.dev/rnw8oc3vui7j","protected_dl":"https://myvidplay.com/d/rnw8oc3vui7j","single_img":"https://postercdn.net/snaps/lvx1dovc3ww2ms9w.jpg","splash_img":"https://postercdn.net/splash/lvx1dovc3ww2ms9w.jpg","size":"95420416","length":"91","duration":"PT1M31S","views":"27155","uploaded":"2023-07-02 20:24:57","last_view":"2023-07-02 20:24:57","api_source":"doodstream","kategori":"Video Streaming","page":131,"index":48}