{"filecode":"rnyegup45fgu","title":"Puting Nenen Kak Meme Ngangkang Menggoda Id Mango Update Telegram Video Sma","deskripsi":"Nonton Puting Nenen Kak Meme Ngangkang Menggoda Id Mango Update Telegram Video Sma gratis. Ukuran File: 1.99 GB, Durasi: 33:58. Populer: 1185 tayangan. Diunggah pada 2023-12-27 11:07:16 melalui doodstream. Kata Kunci Terkait: .","tag":null,"protected_embed":"https://dodl.pages.dev/rnyegup45fgu","protected_dl":"https://myvidplay.com/d/rnyegup45fgu","single_img":"https://postercdn.net/snaps/16qk3xxxjlj4mke6.jpg","splash_img":"https://postercdn.net/splash/16qk3xxxjlj4mke6.jpg","size":"2136997888","length":"2038","duration":"PT33M58S","views":"1185","uploaded":"2023-12-27 11:07:16","last_view":"2023-12-27 11:07:16","api_source":"doodstream","kategori":"Video Sma","page":66,"index":63}