{"filecode":"rnymt14d23lh","title":"Bokep Sonia Colmek Cosplay Reverse Bunny Girl Video Pemersatu Telegram Doodstream","deskripsi":"Nonton Bokep Sonia Colmek Cosplay Reverse Bunny Girl Video Pemersatu Telegram Doodstream gratis. Ukuran File: 1.16 GB, Durasi: 19:43. Populer: 529 tayangan. Diunggah pada 2024-08-08 02:05:06 melalui doodstream. Kata Kunci Terkait: .","tag":null,"protected_embed":"https://dodl.pages.dev/rnymt14d23lh","protected_dl":"https://myvidplay.com/d/rnymt14d23lh","single_img":"https://postercdn.net/snaps/wyb7hox9kvihci4n.jpg","splash_img":"https://postercdn.net/splash/wyb7hox9kvihci4n.jpg","size":"1240465408","length":"1183","duration":"PT19M43S","views":"529","uploaded":"2024-08-08 02:05:06","last_view":"2024-08-08 02:05:06","api_source":"doodstream","kategori":"Video Doodstream","page":40,"index":58}