{"filecode":"lt1kldf7mclx","title":"Bu Bidan Maen Dihotel Bochiel Lokal Poophd Video Indo Tele","deskripsi":"Nonton Bu Bidan Maen Dihotel Bochiel Lokal Poophd Video Indo Tele gratis. Ukuran File: 536.00 MB, Durasi: 08:56. Populer: 4274 tayangan. Diunggah pada 2023-10-22 23:20:33 melalui doodstream. Kata Kunci Terkait: .","tag":null,"protected_embed":"https://dodl.pages.dev/lt1kldf7mclx","protected_dl":"https://myvidplay.com/d/lt1kldf7mclx","single_img":"https://postercdn.net/snaps/qyq0bo6f28dznjhz.jpg","splash_img":"https://postercdn.net/splash/qyq0bo6f28dznjhz.jpg","size":"562036736","length":"536","duration":"PT8M56S","views":"4274","uploaded":"2023-10-22 23:20:33","last_view":"2023-10-22 23:20:33","api_source":"doodstream","kategori":"Video Indo","page":91,"index":14}