{"filecode":"lt3mmc1uxsqg","title":"Sama Janda Semok Di Siang Bolong Video Viral Yakwad Simontok Downloader Sotwe","deskripsi":"Nonton Sama Janda Semok Di Siang Bolong Video Viral Yakwad Simontok Downloader Sotwe gratis. Ukuran File: 336.00 MB, Durasi: 05:36. Populer: 775 tayangan. Diunggah pada 2025-01-26 15:26:51 melalui doodstream. Kata Kunci Terkait: .","tag":null,"protected_embed":"https://dodl.pages.dev/lt3mmc1uxsqg","protected_dl":"https://myvidplay.com/d/lt3mmc1uxsqg","single_img":"https://postercdn.net/snaps/ndovbyxlve02cuff.jpg","splash_img":"https://postercdn.net/splash/ndovbyxlve02cuff.jpg","size":"352321536","length":"336","duration":"PT5M36S","views":"775","uploaded":"2025-01-26 15:26:51","last_view":"2025-01-26 15:26:51","api_source":"doodstream","kategori":"Video Viral","page":16,"index":113}