{"filecode":"lt5nqssh6hw7","title":"Tkw Dood Stream Bokepsin Yakwad Video Sma Doods Pro Full Album","deskripsi":"Nonton Tkw Dood Stream Bokepsin Yakwad Video Sma Doods Pro Full Album gratis. Ukuran File: 93.00 MB, Durasi: 01:33. Populer: 1930 tayangan. Diunggah pada 2023-12-14 01:40:21 melalui doodstream. Kata Kunci Terkait: .","tag":null,"protected_embed":"https://dodl.pages.dev/lt5nqssh6hw7","protected_dl":"https://myvidplay.com/d/lt5nqssh6hw7","single_img":"https://postercdn.net/snaps/l9rxqnipiycc4dzx.jpg","splash_img":"https://postercdn.net/splash/l9rxqnipiycc4dzx.jpg","size":"97517568","length":"93","duration":"PT1M33S","views":"1930","uploaded":"2023-12-14 01:40:21","last_view":"2023-12-14 01:40:21","api_source":"doodstream","kategori":"Video Dood","page":71,"index":11}