{"filecode":"lt6i4zm8h1by","title":"Vianita Telegram Kissmee Cilbo Live Video Bokep Bebasindo Colmek","deskripsi":"Nonton Vianita Telegram Kissmee Cilbo Live Video Bokep Bebasindo Colmek gratis. Ukuran File: 973.00 MB, Durasi: 16:13. Populer: 16 tayangan. Diunggah pada 2025-10-18 18:11:39 melalui doodstream. Kata Kunci Terkait: .","tag":null,"protected_embed":"https://dodl.pages.dev/lt6i4zm8h1by","protected_dl":"https://myvidplay.com/d/lt6i4zm8h1by","single_img":"https://postercdn.net/snaps/f74hrh99l6p92h4t.jpg","splash_img":"https://postercdn.net/splash/f74hrh99l6p92h4t.jpg","size":"1020264448","length":"973","duration":"PT16M13S","views":"16","uploaded":"2025-10-18 18:11:39","last_view":"2025-10-18 18:11:39","api_source":"doodstream","kategori":"Video Bokep","page":8,"index":96}