{"filecode":"lt7lw6znariz","title":"Seneng Banget Ngewe Mantan Baju Biru Doostream Videos Lulustream Toketbagus Update","deskripsi":"Nonton Seneng Banget Ngewe Mantan Baju Biru Doostream Videos Lulustream Toketbagus Update gratis. Ukuran File: 269.00 MB, Durasi: 04:29. Populer: 1892 tayangan. Diunggah pada 2023-08-07 21:38:27 melalui doodstream. Kata Kunci Terkait: .","tag":null,"protected_embed":"https://dodl.pages.dev/lt7lw6znariz","protected_dl":"https://myvidplay.com/d/lt7lw6znariz","single_img":"https://postercdn.net/snaps/4c8fr3ofoq6huf49.jpg","splash_img":"https://postercdn.net/splash/4c8fr3ofoq6huf49.jpg","size":"282066944","length":"269","duration":"PT4M29S","views":"1892","uploaded":"2023-08-07 21:38:27","last_view":"2023-08-07 21:38:27","api_source":"doodstream","kategori":"Video Lulustream","page":122,"index":2}