{"filecode":"lt8r2ei9j3n8","title":"Twitter Jajuan Savannah Yang Lagi Vi Ral Nikmat Juga Ternyata Se Video","deskripsi":"Nonton Twitter Jajuan Savannah Yang Lagi Vi Ral Nikmat Juga Ternyata Se Video gratis. Ukuran File: 45.00 MB, Durasi: 00:45. Populer: 2608 tayangan. Diunggah pada 2024-02-02 07:30:24 melalui doodstream. Kata Kunci Terkait: .","tag":null,"protected_embed":"https://dodl.pages.dev/lt8r2ei9j3n8","protected_dl":"https://myvidplay.com/d/lt8r2ei9j3n8","single_img":"https://postercdn.net/snaps/st5v0n3y1estcteo.jpg","splash_img":"https://postercdn.net/splash/st5v0n3y1estcteo.jpg","size":"47185920","length":"45","duration":"PT45S","views":"2608","uploaded":"2024-02-02 07:30:24","last_view":"2024-02-02 07:30:24","api_source":"doodstream","kategori":"Video Twitter","page":60,"index":78}