{"filecode":"ltb7jy2w8qk2","title":"Jilbab Malaysia Viral Simintok Bokepsin Poophd Dood Tele Doostream","deskripsi":"Nonton Jilbab Malaysia Viral Simintok Bokepsin Poophd Dood Tele Doostream gratis. Ukuran File: 180.00 MB, Durasi: 03:00. Populer: 1323 tayangan. Diunggah pada 2023-10-08 04:37:15 melalui doodstream. Kata Kunci Terkait: .","tag":null,"protected_embed":"https://dodl.pages.dev/ltb7jy2w8qk2","protected_dl":"https://myvidplay.com/d/ltb7jy2w8qk2","single_img":"https://postercdn.net/snaps/5qrwbp3z6n5x4uxk.jpg","splash_img":"https://postercdn.net/splash/5qrwbp3z6n5x4uxk.jpg","size":"188743680","length":"180","duration":"PT3M","views":"1323","uploaded":"2023-10-08 04:37:15","last_view":"2023-10-08 04:37:15","api_source":"doodstream","kategori":"Video Viral","page":100,"index":185}