{"filecode":"ltcdyrvrd5lv","title":"Gadis Tato Ini Dientot Habis Habisan Sama Pelanggannya Sampai Dicrot Di Dalam","deskripsi":"Nonton Gadis Tato Ini Dientot Habis Habisan Sama Pelanggannya Sampai Dicrot Di Dalam gratis. Ukuran File: 1.05 GB, Durasi: 17:59. Populer: 2341 tayangan. Diunggah pada 2024-05-08 11:51:02 melalui doodstream. Kata Kunci Terkait: .","tag":null,"protected_embed":"https://dodl.pages.dev/ltcdyrvrd5lv","protected_dl":"https://myvidplay.com/d/ltcdyrvrd5lv","single_img":"https://postercdn.net/snaps/aox3u2w6juba7obx.jpg","splash_img":"https://postercdn.net/splash/aox3u2w6juba7obx.jpg","size":"1131413504","length":"1079","duration":"PT17M59S","views":"2341","uploaded":"2024-05-08 11:51:02","last_view":"2024-05-08 11:51:02","api_source":"doodstream","kategori":"Video Gadis","page":45,"index":148}