{"filecode":"ltdlnxswje62","title":"Ngentot Teman Kelas Kampus Lagi Hamil Buat Bayar Spp Video Sma Ful","deskripsi":"Nonton Ngentot Teman Kelas Kampus Lagi Hamil Buat Bayar Spp Video Sma Ful gratis. Ukuran File: 479.00 MB, Durasi: 07:59. Populer: 4712 tayangan. Diunggah pada 2023-11-06 03:13:12 melalui doodstream. Kata Kunci Terkait: .","tag":null,"protected_embed":"https://dodl.pages.dev/ltdlnxswje62","protected_dl":"https://myvidplay.com/d/ltdlnxswje62","single_img":"https://postercdn.net/snaps/m6rva2lxu9dezme8.jpg","splash_img":"https://postercdn.net/splash/m6rva2lxu9dezme8.jpg","size":"502267904","length":"479","duration":"PT7M59S","views":"4712","uploaded":"2023-11-06 03:13:12","last_view":"2023-11-06 03:13:12","api_source":"doodstream","kategori":"Video Sma","page":86,"index":28}