{"filecode":"ltdtygu705q4","title":"Jav Sub Indo Selingkuh Dengan Berondong Dodstream Folder Bokepind Simontok Doostream","deskripsi":"Nonton Jav Sub Indo Selingkuh Dengan Berondong Dodstream Folder Bokepind Simontok Doostream gratis. Ukuran File: 6.33 GB, Durasi: 01:48:00. Populer: 60 tayangan. Diunggah pada 2023-08-09 10:50:40 melalui doodstream. Kata Kunci Terkait: .","tag":null,"protected_embed":"https://dodl.pages.dev/ltdtygu705q4","protected_dl":"https://myvidplay.com/d/ltdtygu705q4","single_img":"https://postercdn.net/snaps/mknevekya861bahw.jpg","splash_img":"https://postercdn.net/splash/mknevekya861bahw.jpg","size":"6794772480","length":"6480","duration":"PT108M","views":"60","uploaded":"2023-08-09 10:50:40","last_view":"2023-08-09 10:50:40","api_source":"doodstream","kategori":"Video Indo","page":118,"index":70}