{"filecode":"ltg14i41fxtx","title":"Msbreewc Koleksi Pejuang Lendir Poophd Live Lagi Viral Video Sma Telegram","deskripsi":"Nonton Msbreewc Koleksi Pejuang Lendir Poophd Live Lagi Viral Video Sma Telegram gratis. Ukuran File: 349.00 MB, Durasi: 05:49. Populer: 13280 tayangan. Diunggah pada 2023-10-06 01:34:22 melalui doodstream. Kata Kunci Terkait: .","tag":null,"protected_embed":"https://dodl.pages.dev/ltg14i41fxtx","protected_dl":"https://myvidplay.com/d/ltg14i41fxtx","single_img":"https://postercdn.net/snaps/ugj3uui5i9u0f6ib.jpg","splash_img":"https://postercdn.net/splash/ugj3uui5i9u0f6ib.jpg","size":"365953024","length":"349","duration":"PT5M49S","views":"13280","uploaded":"2023-10-06 01:34:22","last_view":"2023-10-06 01:34:22","api_source":"doodstream","kategori":"Video Viral","page":102,"index":33}