{"filecode":"lth2205s4mzg","title":"Indonesia Terbaru Bersiin Bulu Memek Tembemku Dulu Biar Makin Banyak Yang Mau","deskripsi":"Nonton Indonesia Terbaru Bersiin Bulu Memek Tembemku Dulu Biar Makin Banyak Yang Mau gratis. Ukuran File: 603.00 MB, Durasi: 10:03. Populer: 948 tayangan. Diunggah pada 2024-05-10 09:41:15 melalui doodstream. Kata Kunci Terkait: .","tag":null,"protected_embed":"https://dodl.pages.dev/lth2205s4mzg","protected_dl":"https://myvidplay.com/d/lth2205s4mzg","single_img":"https://postercdn.net/snaps/hakpbqtw0wn3qog9.jpg","splash_img":"https://postercdn.net/splash/hakpbqtw0wn3qog9.jpg","size":"632291328","length":"603","duration":"PT10M3S","views":"948","uploaded":"2024-05-10 09:41:15","last_view":"2024-05-10 09:41:15","api_source":"doodstream","kategori":"Video Terbaru","page":44,"index":2}