{"filecode":"lti06tx48lzm","title":"Bokep Abg Colmek Lubang Memek Masih Sempit Indonesia Xpanas Live Dood","deskripsi":"Nonton Bokep Abg Colmek Lubang Memek Masih Sempit Indonesia Xpanas Live Dood gratis. Ukuran File: 64.00 MB, Durasi: 01:04. Populer: 2412 tayangan. Diunggah pada 2024-09-10 06:52:00 melalui doodstream. Kata Kunci Terkait: .","tag":null,"protected_embed":"https://dodl.pages.dev/lti06tx48lzm","protected_dl":"https://myvidplay.com/d/lti06tx48lzm","single_img":"https://postercdn.net/snaps/vva4izfn4w0s49o4.jpg","splash_img":"https://postercdn.net/splash/vva4izfn4w0s49o4.jpg","size":"67108864","length":"64","duration":"PT1M4S","views":"2412","uploaded":"2024-09-10 06:52:00","last_view":"2024-09-10 06:52:00","api_source":"doodstream","kategori":"Video Indonesia","page":36,"index":95}