{"filecode":"ltidfo5wfo8y","title":"Bokep Indo Viral Bocil Pecah Perawan Nangis Bochiel Full Album Memeksiana Doods","deskripsi":"Nonton Bokep Indo Viral Bocil Pecah Perawan Nangis Bochiel Full Album Memeksiana Doods gratis. Ukuran File: 138.00 MB, Durasi: 02:18. Populer: 10038 tayangan. Diunggah pada 2025-08-16 19:56:50 melalui lulustream. Kata Kunci Terkait: .","tag":null,"protected_embed":"https://luvluv.pages.dev/ltidfo5wfo8y","protected_dl":"https://lulustream.com/d/ltidfo5wfo8y","single_img":"https://img.lulucdn.com/ltidfo5wfo8y_t.jpg","splash_img":"https://img.lulucdn.com/ltidfo5wfo8y_xt.jpg","size":"144703488","length":"138","duration":"PT2M18S","views":10038,"uploaded":"2025-08-16 19:56:50","last_view":"2025-08-16 19:56:50","api_source":"lulustream","kategori":"Video Viral","page":12,"index":127}