{"filecode":"ltiujmumyrsj","title":"Watch Lepas Busana Telanjang Show Dedek Cayumie Ukhti Hot Bokepss Com Mp","deskripsi":"Nonton Watch Lepas Busana Telanjang Show Dedek Cayumie Ukhti Hot Bokepss Com Mp gratis. Ukuran File: 340.00 MB, Durasi: 05:40. Populer: 1659 tayangan. Diunggah pada 2023-10-24 23:40:55 melalui doodstream. Kata Kunci Terkait: .","tag":null,"protected_embed":"https://dodl.pages.dev/ltiujmumyrsj","protected_dl":"https://myvidplay.com/d/ltiujmumyrsj","single_img":"https://postercdn.net/snaps/on74w47o90oaxn4e.jpg","splash_img":"https://postercdn.net/splash/on74w47o90oaxn4e.jpg","size":"356515840","length":"340","duration":"PT5M40S","views":"1659","uploaded":"2023-10-24 23:40:55","last_view":"2023-10-24 23:40:55","api_source":"doodstream","kategori":"Video Hot","page":89,"index":174}