{"filecode":"ltj6yznz8bc8","title":"Video Bokep Bebby Udah Gatel Di Mobil Pengen Ngewe Doodstream Dood Bond","deskripsi":"Nonton Video Bokep Bebby Udah Gatel Di Mobil Pengen Ngewe Doodstream Dood Bond gratis. Ukuran File: 199.00 MB, Durasi: 03:19. Populer: 8661 tayangan. Diunggah pada 2023-07-10 11:46:11 melalui doodstream. Kata Kunci Terkait: .","tag":null,"protected_embed":"https://dodl.pages.dev/ltj6yznz8bc8","protected_dl":"https://myvidplay.com/d/ltj6yznz8bc8","single_img":"https://postercdn.net/snaps/ubdvqh52zt5eln5a.jpg","splash_img":"https://postercdn.net/splash/ubdvqh52zt5eln5a.jpg","size":"208666624","length":"199","duration":"PT3M19S","views":"8661","uploaded":"2023-07-10 11:46:11","last_view":"2023-07-10 11:46:11","api_source":"doodstream","kategori":"Video Doodstream","page":126,"index":160}