{"filecode":"ltkqbf2utq33","title":"Akibat Sange Sama Temen Kkn Bokep31 Update Bokep Video Doodstream Bokepind","deskripsi":"Nonton Akibat Sange Sama Temen Kkn Bokep31 Update Bokep Video Doodstream Bokepind gratis. Ukuran File: 753.00 MB, Durasi: 12:33. Populer: 514 tayangan. Diunggah pada 2025-07-05 06:06:39 melalui doodstream. Kata Kunci Terkait: .","tag":null,"protected_embed":"https://dodl.pages.dev/ltkqbf2utq33","protected_dl":"https://myvidplay.com/d/ltkqbf2utq33","single_img":"https://postercdn.net/snaps/y8hfbkcnb53ewfbj.jpg","splash_img":"https://postercdn.net/splash/y8hfbkcnb53ewfbj.jpg","size":"789577728","length":"753","duration":"PT12M33S","views":"514","uploaded":"2025-07-05 06:06:39","last_view":"2025-07-05 06:06:39","api_source":"doodstream","kategori":"Video Doodstream","page":13,"index":89}