{"filecode":"ltlfe2ayypmp","title":"Masih Subuh Diam Masuk Ke Kamar Staklam Telegram Doodflix Twitter Doodsflix","deskripsi":"Nonton Masih Subuh Diam Masuk Ke Kamar Staklam Telegram Doodflix Twitter Doodsflix gratis. Ukuran File: 465.00 MB, Durasi: 07:45. Populer: 810 tayangan. Diunggah pada 2025-11-19 16:00:36 melalui doodstream. Kata Kunci Terkait: .","tag":null,"protected_embed":"https://dodl.pages.dev/ltlfe2ayypmp","protected_dl":"https://myvidplay.com/d/ltlfe2ayypmp","single_img":"https://postercdn.net/snaps/15ib4ag2whw65swf.jpg","splash_img":"https://postercdn.net/splash/15ib4ag2whw65swf.jpg","size":"487587840","length":"465","duration":"PT7M45S","views":"810","uploaded":"2025-11-19 16:00:36","last_view":"2025-11-19 16:00:36","api_source":"doodstream","kategori":"Video Kamar","page":2,"index":151}