{"filecode":"ltn0e7q1gghp","title":"Bokep Indo Abg Smp Jilbab Osis Bokepsin Yakwad Telegram Doodstreem Twitter Poophd","deskripsi":"Nonton Bokep Indo Abg Smp Jilbab Osis Bokepsin Yakwad Telegram Doodstreem Twitter Poophd gratis. Ukuran File: 185.00 MB, Durasi: 03:05. Populer: 114726 tayangan. Diunggah pada 2023-06-17 11:04:29 melalui doodstream. Kata Kunci Terkait: .","tag":null,"protected_embed":"https://dodl.pages.dev/ltn0e7q1gghp","protected_dl":"https://myvidplay.com/d/ltn0e7q1gghp","single_img":"https://postercdn.net/snaps/ilj29hc67q9yfmiz.jpg","splash_img":"https://postercdn.net/splash/ilj29hc67q9yfmiz.jpg","size":"193986560","length":"185","duration":"PT3M5S","views":"114726","uploaded":"2023-06-17 11:04:29","last_view":"2023-06-17 11:04:29","api_source":"doodstream","kategori":"Video Indo","page":134,"index":193}