{"filecode":"ltoljw4wmcel","title":"Bokep Pembantu Toge Sexy Dientot Sama Anak Majikan Poop Hd Lulustream Telegram","deskripsi":"Nonton Bokep Pembantu Toge Sexy Dientot Sama Anak Majikan Poop Hd Lulustream Telegram gratis. Ukuran File: 74.00 MB, Durasi: 01:14. Populer: 1187 tayangan. Diunggah pada 2024-03-29 02:11:00 melalui doodstream. Kata Kunci Terkait: .","tag":null,"protected_embed":"https://dodl.pages.dev/ltoljw4wmcel","protected_dl":"https://myvidplay.com/d/ltoljw4wmcel","single_img":"https://postercdn.net/snaps/jmdqyxo81gskl4zc.jpg","splash_img":"https://postercdn.net/splash/jmdqyxo81gskl4zc.jpg","size":"77594624","length":"74","duration":"PT1M14S","views":"1187","uploaded":"2024-03-29 02:11:00","last_view":"2024-03-29 02:11:00","api_source":"doodstream","kategori":"Video Lulustream","page":48,"index":58}