{"filecode":"ltouhrc48mvm","title":"Viral Terbaru Ngewe Ayam Kampus Direkam Gaya Menyamping Bokepind Xpanas Yakwad Videos","deskripsi":"Nonton Viral Terbaru Ngewe Ayam Kampus Direkam Gaya Menyamping Bokepind Xpanas Yakwad Videos gratis. Ukuran File: 79.00 MB, Durasi: 01:19. Populer: 949 tayangan. Diunggah pada 2023-12-16 00:28:02 melalui doodstream. Kata Kunci Terkait: .","tag":null,"protected_embed":"https://dodl.pages.dev/ltouhrc48mvm","protected_dl":"https://myvidplay.com/d/ltouhrc48mvm","single_img":"https://postercdn.net/snaps/wybsxsrvnwqsxpek.jpg","splash_img":"https://postercdn.net/splash/wybsxsrvnwqsxpek.jpg","size":"82837504","length":"79","duration":"PT1M19S","views":"949","uploaded":"2023-12-16 00:28:02","last_view":"2023-12-16 00:28:02","api_source":"doodstream","kategori":"Video Viral","page":69,"index":197}