{"filecode":"ltrmq389os5b","title":"Indonesia Viral Bokep Terbaru Adalah Seleb Cantik Yang Berhubungan Seks Di Atas","deskripsi":"Nonton Indonesia Viral Bokep Terbaru Adalah Seleb Cantik Yang Berhubungan Seks Di Atas gratis. Ukuran File: 603.00 MB, Durasi: 10:03. Populer: 441 tayangan. Diunggah pada 2024-05-10 09:42:28 melalui doodstream. Kata Kunci Terkait: .","tag":null,"protected_embed":"https://dodl.pages.dev/ltrmq389os5b","protected_dl":"https://myvidplay.com/d/ltrmq389os5b","single_img":"https://postercdn.net/snaps/tjh4g18317u8oons.jpg","splash_img":"https://postercdn.net/splash/tjh4g18317u8oons.jpg","size":"632291328","length":"603","duration":"PT10M3S","views":"441","uploaded":"2024-05-10 09:42:28","last_view":"2024-05-10 09:42:28","api_source":"doodstream","kategori":"Video Viral","page":43,"index":199}