{"filecode":"ltx4p1ashlkp","title":"Jadi Sange Lihat Tante Dientot Sama Kakak Bokepsin Dood Stream Tobrut Doodstreem","deskripsi":"Nonton Jadi Sange Lihat Tante Dientot Sama Kakak Bokepsin Dood Stream Tobrut Doodstreem gratis. Ukuran File: 604.00 MB, Durasi: 10:04. Populer: 1033 tayangan. Diunggah pada 2023-11-02 23:10:43 melalui doodstream. Kata Kunci Terkait: .","tag":null,"protected_embed":"https://dodl.pages.dev/ltx4p1ashlkp","protected_dl":"https://myvidplay.com/d/ltx4p1ashlkp","single_img":"https://postercdn.net/snaps/qmtvwdoraq8ezbqw.jpg","splash_img":"https://postercdn.net/splash/qmtvwdoraq8ezbqw.jpg","size":"633339904","length":"604","duration":"PT10M4S","views":"1033","uploaded":"2023-11-02 23:10:43","last_view":"2023-11-02 23:10:43","api_source":"doodstream","kategori":"Video Dood","page":87,"index":99}