{"filecode":"ltx9tqbehh5s","title":"Bokep Murid Dan Ibu Guru Smp Live Asupan Pejuang Lendir Link Web","deskripsi":"Nonton Bokep Murid Dan Ibu Guru Smp Live Asupan Pejuang Lendir Link Web gratis. Ukuran File: 71.00 MB, Durasi: 01:11. Populer: 5958 tayangan. Diunggah pada 2024-08-08 02:04:42 melalui doodstream. Kata Kunci Terkait: .","tag":null,"protected_embed":"https://dodl.pages.dev/ltx9tqbehh5s","protected_dl":"https://myvidplay.com/d/ltx9tqbehh5s","single_img":"https://postercdn.net/snaps/obiri6qirzjg423n.jpg","splash_img":"https://postercdn.net/splash/obiri6qirzjg423n.jpg","size":"74448896","length":"71","duration":"PT1M11S","views":"5958","uploaded":"2024-08-08 02:04:42","last_view":"2024-08-08 02:04:42","api_source":"doodstream","kategori":"Video Ibu","page":40,"index":117}