{"filecode":"ltxgumzmfml0","title":"Hijab Tetenya Di Tindik Memeksiana Xpanas Dodstream Simontok Sotwe","deskripsi":"Nonton Hijab Tetenya Di Tindik Memeksiana Xpanas Dodstream Simontok Sotwe gratis. Ukuran File: 65.00 MB, Durasi: 01:05. Populer: 924 tayangan. Diunggah pada 2023-11-28 08:48:39 melalui doodstream. Kata Kunci Terkait: .","tag":null,"protected_embed":"https://dodl.pages.dev/ltxgumzmfml0","protected_dl":"https://myvidplay.com/d/ltxgumzmfml0","single_img":"https://postercdn.net/snaps/rvsfrqfkz19dubxk.jpg","splash_img":"https://postercdn.net/splash/rvsfrqfkz19dubxk.jpg","size":"68157440","length":"65","duration":"PT1M5S","views":"924","uploaded":"2023-11-28 08:48:39","last_view":"2023-11-28 08:48:39","api_source":"doodstream","kategori":"Video Hijab","page":79,"index":127}