{"filecode":"ltztv0y89oth","title":"Dwi Sri Ningsih Pemersatu Indo Indonesia Video Sma Simintok","deskripsi":"Nonton Dwi Sri Ningsih Pemersatu Indo Indonesia Video Sma Simintok gratis. Ukuran File: 334.00 MB, Durasi: 05:34. Populer: 78 tayangan. Diunggah pada 2025-01-13 05:22:17 melalui doodstream. Kata Kunci Terkait: .","tag":null,"protected_embed":"https://dodl.pages.dev/ltztv0y89oth","protected_dl":"https://myvidplay.com/d/ltztv0y89oth","single_img":"https://postercdn.net/snaps/2kjfmvn9t4qi3eor.jpg","splash_img":"https://postercdn.net/splash/2kjfmvn9t4qi3eor.jpg","size":"350224384","length":"334","duration":"PT5M34S","views":"78","uploaded":"2025-01-13 05:22:17","last_view":"2025-01-13 05:22:17","api_source":"doodstream","kategori":"Video Indo","page":25,"index":162}