{"filecode":"bz0j0i8bh4sz","title":"Boso Dos Sub Indo Bokep Film Semi Subtitle Indonesia Dood Stream Jilbab","deskripsi":"Nonton Boso Dos Sub Indo Bokep Film Semi Subtitle Indonesia Dood Stream Jilbab gratis. Ukuran File: 6.03 GB, Durasi: 01:42:56. Populer: 1295 tayangan. Diunggah pada 2023-10-08 13:04:50 melalui doodstream. Kata Kunci Terkait: .","tag":null,"protected_embed":"https://dodl.pages.dev/bz0j0i8bh4sz","protected_dl":"https://myvidplay.com/d/bz0j0i8bh4sz","single_img":"https://postercdn.net/snaps/am5o3y9sg3uw01iz.jpg","splash_img":"https://postercdn.net/splash/am5o3y9sg3uw01iz.jpg","size":"6476005376","length":"6176","duration":"PT102M56S","views":"1295","uploaded":"2023-10-08 13:04:50","last_view":"2023-10-08 13:04:50","api_source":"doodstream","kategori":"Video Indo","page":100,"index":64}