{"filecode":"bz2kx8z1k71f","title":"Mainin Toketnya Kakak Ms Breewc Kenyal Enakin Sangetube Streaming Doods Pro Lulustream","deskripsi":"Nonton Mainin Toketnya Kakak Ms Breewc Kenyal Enakin Sangetube Streaming Doods Pro Lulustream gratis. Ukuran File: 299.00 MB, Durasi: 04:59. Populer: 29612 tayangan. Diunggah pada 2023-07-26 21:00:57 melalui doodstream. Kata Kunci Terkait: .","tag":null,"protected_embed":"https://dodl.pages.dev/bz2kx8z1k71f","protected_dl":"https://myvidplay.com/d/bz2kx8z1k71f","single_img":"https://postercdn.net/snaps/5j83m19jctxescfv.jpg","splash_img":"https://postercdn.net/splash/5j83m19jctxescfv.jpg","size":"313524224","length":"299","duration":"PT4M59S","views":"29612","uploaded":"2023-07-26 21:00:57","last_view":"2023-07-26 21:00:57","api_source":"doodstream","kategori":"Video Lulustream","page":125,"index":167}