{"filecode":"bz3cex26meu9","title":"Yang Lagi Viral Dosen Hijab Di Entod Ruang Kelas Video Pekoblive Doodsflix","deskripsi":"Nonton Yang Lagi Viral Dosen Hijab Di Entod Ruang Kelas Video Pekoblive Doodsflix gratis. Ukuran File: 115.00 MB, Durasi: 01:55. Populer: 1073 tayangan. Diunggah pada 2024-03-08 18:39:03 melalui doodstream. Kata Kunci Terkait: .","tag":null,"protected_embed":"https://dodl.pages.dev/bz3cex26meu9","protected_dl":"https://myvidplay.com/d/bz3cex26meu9","single_img":"https://postercdn.net/snaps/e0ssusun2c2wm2cr.jpg","splash_img":"https://postercdn.net/splash/e0ssusun2c2wm2cr.jpg","size":"120586240","length":"115","duration":"PT1M55S","views":"1073","uploaded":"2024-03-08 18:39:03","last_view":"2024-03-08 18:39:03","api_source":"doodstream","kategori":"Video Hijab","page":51,"index":190}