{"filecode":"bz6r1md47ajx","title":"Hjb Chubby Titjob Sampe Muncrat Enak Mamang Doods Pro Video Bokep Link","deskripsi":"Nonton Hjb Chubby Titjob Sampe Muncrat Enak Mamang Doods Pro Video Bokep Link gratis. Ukuran File: 170.00 MB, Durasi: 02:50. Populer: 3192 tayangan. Diunggah pada 2023-11-06 02:11:12 melalui doodstream. Kata Kunci Terkait: .","tag":null,"protected_embed":"https://dodl.pages.dev/bz6r1md47ajx","protected_dl":"https://myvidplay.com/d/bz6r1md47ajx","single_img":"https://postercdn.net/snaps/gkj1kh0oick7uccl.jpg","splash_img":"https://postercdn.net/splash/gkj1kh0oick7uccl.jpg","size":"178257920","length":"170","duration":"PT2M50S","views":"3192","uploaded":"2023-11-06 02:11:12","last_view":"2023-11-06 02:11:12","api_source":"doodstream","kategori":"Video Bokep","page":86,"index":84}