{"filecode":"bz8c9vqnkxg4","title":"Puasin Tante Toketbagus Lokal Dodstream Indonesia Doods Pro","deskripsi":"Nonton Puasin Tante Toketbagus Lokal Dodstream Indonesia Doods Pro gratis. Ukuran File: 242.00 MB, Durasi: 04:02. Populer: 313 tayangan. Diunggah pada 2024-03-13 18:24:22 melalui doodstream. Kata Kunci Terkait: .","tag":null,"protected_embed":"https://dodl.pages.dev/bz8c9vqnkxg4","protected_dl":"https://myvidplay.com/d/bz8c9vqnkxg4","single_img":"https://postercdn.net/snaps/38wiintyn958ietr.jpg","splash_img":"https://postercdn.net/splash/38wiintyn958ietr.jpg","size":"253755392","length":"242","duration":"PT4M2S","views":"313","uploaded":"2024-03-13 18:24:22","last_view":"2024-03-13 18:24:22","api_source":"doodstream","kategori":"Video Indonesia","page":50,"index":51}