{"filecode":"bza3nol3e0hl","title":"Guru Cantik Yang Menjadi Target Clening Service Bokepsin Doodstream Ful Album Website","deskripsi":"Nonton Guru Cantik Yang Menjadi Target Clening Service Bokepsin Doodstream Ful Album Website gratis. Ukuran File: 5.02 GB, Durasi: 01:25:42. Populer: 2377 tayangan. Diunggah pada 2023-08-26 14:09:00 melalui doodstream. Kata Kunci Terkait: .","tag":null,"protected_embed":"https://dodl.pages.dev/bza3nol3e0hl","protected_dl":"https://myvidplay.com/d/bza3nol3e0hl","single_img":"https://postercdn.net/snaps/vswl3el0d1vyd5kg.jpg","splash_img":"https://postercdn.net/splash/vswl3el0d1vyd5kg.jpg","size":"5391777792","length":"5142","duration":"PT85M42S","views":"2377","uploaded":"2023-08-26 14:09:00","last_view":"2023-08-26 14:09:00","api_source":"doodstream","kategori":"Video Doodstream","page":112,"index":17}