{"filecode":"bzars7np59wy","title":"Entot Mulut Jilbab Seragam Sma Terupdate Simintok Bokepin Bokep Bochiel","deskripsi":"Nonton Entot Mulut Jilbab Seragam Sma Terupdate Simintok Bokepin Bokep Bochiel gratis. Ukuran File: 242.00 MB, Durasi: 04:02. Populer: 22205 tayangan. Diunggah pada 2023-07-04 21:39:17 melalui doodstream. Kata Kunci Terkait: .","tag":null,"protected_embed":"https://dodl.pages.dev/bzars7np59wy","protected_dl":"https://myvidplay.com/d/bzars7np59wy","single_img":"https://postercdn.net/snaps/bd0jflp43pi2g5m5.jpg","splash_img":"https://postercdn.net/splash/bd0jflp43pi2g5m5.jpg","size":"253755392","length":"242","duration":"PT4M2S","views":"22205","uploaded":"2023-07-04 21:39:17","last_view":"2023-07-04 21:39:17","api_source":"doodstream","kategori":"Video Sma","page":127,"index":128}