{"filecode":"bzbeo6dlgnx4","title":"Bokep Bree Wales Maid Onlyfans Leaked Sangetube Terupdate Bebasindo Link Web Bokepsin","deskripsi":"Nonton Bokep Bree Wales Maid Onlyfans Leaked Sangetube Terupdate Bebasindo Link Web Bokepsin gratis. Ukuran File: 891.00 MB, Durasi: 14:51. Populer: 1711 tayangan. Diunggah pada 2023-07-26 21:01:46 melalui doodstream. Kata Kunci Terkait: .","tag":null,"protected_embed":"https://dodl.pages.dev/bzbeo6dlgnx4","protected_dl":"https://myvidplay.com/d/bzbeo6dlgnx4","single_img":"https://postercdn.net/snaps/gvvbkfi0o24nr4eg.jpg","splash_img":"https://postercdn.net/splash/gvvbkfi0o24nr4eg.jpg","size":"934281216","length":"891","duration":"PT14M51S","views":"1711","uploaded":"2023-07-26 21:01:46","last_view":"2023-07-26 21:01:46","api_source":"doodstream","kategori":"Video Bokep","page":125,"index":130}