{"filecode":"bzcndn2akgqm","title":"Ara Chuu Baju Olahraga Bugil Full Video Update K Bokepsin Dood Stream","deskripsi":"Nonton Ara Chuu Baju Olahraga Bugil Full Video Update K Bokepsin Dood Stream gratis. Ukuran File: 228.00 MB, Durasi: 03:48. Populer: 655 tayangan. Diunggah pada 2023-11-23 18:56:04 melalui doodstream. Kata Kunci Terkait: .","tag":null,"protected_embed":"https://dodl.pages.dev/bzcndn2akgqm","protected_dl":"https://myvidplay.com/d/bzcndn2akgqm","single_img":"https://postercdn.net/snaps/it0gcvudhpajp5n3.jpg","splash_img":"https://postercdn.net/splash/it0gcvudhpajp5n3.jpg","size":"239075328","length":"228","duration":"PT3M48S","views":"655","uploaded":"2023-11-23 18:56:04","last_view":"2023-11-23 18:56:04","api_source":"doodstream","kategori":"Video Dood","page":82,"index":170}