{"filecode":"bzd0g9tio75k","title":"Bokep Indo Chella Abg Toge Lingerie Hitam Colmek Staklam Lulustream Ngentot Viral","deskripsi":"Nonton Bokep Indo Chella Abg Toge Lingerie Hitam Colmek Staklam Lulustream Ngentot Viral gratis. Ukuran File: 495.00 MB, Durasi: 08:15. Populer: 2038 tayangan. Diunggah pada 2024-02-05 14:16:18 melalui doodstream. Kata Kunci Terkait: .","tag":null,"protected_embed":"https://dodl.pages.dev/bzd0g9tio75k","protected_dl":"https://myvidplay.com/d/bzd0g9tio75k","single_img":"https://postercdn.net/snaps/r7kwqarnh8d8fajw.jpg","splash_img":"https://postercdn.net/splash/r7kwqarnh8d8fajw.jpg","size":"519045120","length":"495","duration":"PT8M15S","views":"2038","uploaded":"2024-02-05 14:16:18","last_view":"2024-02-05 14:16:18","api_source":"doodstream","kategori":"Video Viral","page":59,"index":157}