{"filecode":"bzitcswvqqng","title":"Bokep Jepang Ngentot Dua Spg Nakal Asupan Viral Poophd Dodstream Toketbagus Tobrut","deskripsi":"Nonton Bokep Jepang Ngentot Dua Spg Nakal Asupan Viral Poophd Dodstream Toketbagus Tobrut gratis. Ukuran File: 3.61 GB, Durasi: 01:01:34. Populer: 196 tayangan. Diunggah pada 2024-08-08 02:03:21 melalui doodstream. Kata Kunci Terkait: .","tag":null,"protected_embed":"https://dodl.pages.dev/bzitcswvqqng","protected_dl":"https://myvidplay.com/d/bzitcswvqqng","single_img":"https://postercdn.net/snaps/x71k9hm0ccf2aj0l.jpg","splash_img":"https://postercdn.net/splash/x71k9hm0ccf2aj0l.jpg","size":"3873439744","length":"3694","duration":"PT61M34S","views":"196","uploaded":"2024-08-08 02:03:21","last_view":"2024-08-08 02:03:21","api_source":"doodstream","kategori":"Video Viral","page":41,"index":45}