{"filecode":"bzkndnvzfg01","title":"Nabilla Tiktok Ml Live Di Tele Pemersatu Sotwe Video Indo Viral Website","deskripsi":"Nonton Nabilla Tiktok Ml Live Di Tele Pemersatu Sotwe Video Indo Viral Website gratis. Ukuran File: 527.00 MB, Durasi: 08:47. Populer: 103 tayangan. Diunggah pada 2025-01-13 05:20:51 melalui doodstream. Kata Kunci Terkait: .","tag":null,"protected_embed":"https://dodl.pages.dev/bzkndnvzfg01","protected_dl":"https://myvidplay.com/d/bzkndnvzfg01","single_img":"https://postercdn.net/snaps/xo3qa0zqm5g2hamq.jpg","splash_img":"https://postercdn.net/splash/xo3qa0zqm5g2hamq.jpg","size":"552599552","length":"527","duration":"PT8M47S","views":"103","uploaded":"2025-01-13 05:20:51","last_view":"2025-01-13 05:20:51","api_source":"doodstream","kategori":"Video Viral","page":26,"index":61}