{"filecode":"bzlmcggg14n1","title":"Chindo Hyper Penikmat Kontol Bule Besar Bokep Id Jilbab Pekoblive Lulustream Indo","deskripsi":"Nonton Chindo Hyper Penikmat Kontol Bule Besar Bokep Id Jilbab Pekoblive Lulustream Indo gratis. Ukuran File: 620.00 MB, Durasi: 10:20. Populer: 1520 tayangan. Diunggah pada 2023-10-13 20:39:15 melalui doodstream. Kata Kunci Terkait: .","tag":null,"protected_embed":"https://dodl.pages.dev/bzlmcggg14n1","protected_dl":"https://myvidplay.com/d/bzlmcggg14n1","single_img":"https://postercdn.net/snaps/op7wb44k9g4yrzol.jpg","splash_img":"https://postercdn.net/splash/op7wb44k9g4yrzol.jpg","size":"650117120","length":"620","duration":"PT10M20S","views":"1520","uploaded":"2023-10-13 20:39:15","last_view":"2023-10-13 20:39:15","api_source":"doodstream","kategori":"Video Indo","page":98,"index":154}