{"filecode":"bzsl199yv75b","title":"Jilbab Pramuka Bocil Smp Yo Sange Colmek Dildo Videos Cilbo Live Terupdate","deskripsi":"Nonton Jilbab Pramuka Bocil Smp Yo Sange Colmek Dildo Videos Cilbo Live Terupdate gratis. Ukuran File: 119.00 MB, Durasi: 01:59. Populer: 98677 tayangan. Diunggah pada 2023-10-20 01:53:04 melalui doodstream. Kata Kunci Terkait: .","tag":null,"protected_embed":"https://dodl.pages.dev/bzsl199yv75b","protected_dl":"https://myvidplay.com/d/bzsl199yv75b","single_img":"https://postercdn.net/snaps/zz5i73ek5hh4p9fr.jpg","splash_img":"https://postercdn.net/splash/zz5i73ek5hh4p9fr.jpg","size":"124780544","length":"119","duration":"PT1M59S","views":"98677","uploaded":"2023-10-20 01:53:04","last_view":"2023-10-20 01:53:04","api_source":"doodstream","kategori":"Video Colmek","page":93,"index":96}