{"filecode":"bzss4m6njnbq","title":"Siskaeee Mandi Basah Bokepin Lokal Jilbab Tobrut Indo","deskripsi":"Nonton Siskaeee Mandi Basah Bokepin Lokal Jilbab Tobrut Indo gratis. Ukuran File: 83.00 MB, Durasi: 01:23. Populer: 962 tayangan. Diunggah pada 2025-01-13 05:33:34 melalui doodstream. Kata Kunci Terkait: .","tag":null,"protected_embed":"https://dodl.pages.dev/bzss4m6njnbq","protected_dl":"https://myvidplay.com/d/bzss4m6njnbq","single_img":"https://postercdn.net/snaps/z0tw40tkksji56ra.jpg","splash_img":"https://postercdn.net/splash/z0tw40tkksji56ra.jpg","size":"87031808","length":"83","duration":"PT1M23S","views":"962","uploaded":"2025-01-13 05:33:34","last_view":"2025-01-13 05:33:34","api_source":"doodstream","kategori":"Video Indo","page":19,"index":153}