{"filecode":"bztpc8yhqiwe","title":"Bokep Ngentot Jeje Hijab Open Bo Viral Indo Twitter Toketbagus Update Cantik","deskripsi":"Nonton Bokep Ngentot Jeje Hijab Open Bo Viral Indo Twitter Toketbagus Update Cantik gratis. Ukuran File: 85.00 MB, Durasi: 01:25. Populer: 3067 tayangan. Diunggah pada 2024-09-14 17:40:41 melalui doodstream. Kata Kunci Terkait: .","tag":null,"protected_embed":"https://dodl.pages.dev/bztpc8yhqiwe","protected_dl":"https://myvidplay.com/d/bztpc8yhqiwe","single_img":"https://postercdn.net/snaps/4v0yy49jlh9a568p.jpg","splash_img":"https://postercdn.net/splash/4v0yy49jlh9a568p.jpg","size":"89128960","length":"85","duration":"PT1M25S","views":"3067","uploaded":"2024-09-14 17:40:41","last_view":"2024-09-14 17:40:41","api_source":"doodstream","kategori":"Video Hijab","page":35,"index":82}