{"filecode":"bzv7351pd35i","title":"Cewek Aremanita Sange Colmek Di Kamar Tele Cilbo Bebasindo Video Indo Downloader","deskripsi":"Nonton Cewek Aremanita Sange Colmek Di Kamar Tele Cilbo Bebasindo Video Indo Downloader gratis. Ukuran File: 136.00 MB, Durasi: 02:16. Populer: 5623 tayangan. Diunggah pada 2023-08-07 21:39:01 melalui doodstream. Kata Kunci Terkait: .","tag":null,"protected_embed":"https://dodl.pages.dev/bzv7351pd35i","protected_dl":"https://myvidplay.com/d/bzv7351pd35i","single_img":"https://postercdn.net/snaps/k2pgare42k6jwokv.jpg","splash_img":"https://postercdn.net/splash/k2pgare42k6jwokv.jpg","size":"142606336","length":"136","duration":"PT2M16S","views":"5623","uploaded":"2023-08-07 21:39:01","last_view":"2023-08-07 21:39:01","api_source":"doodstream","kategori":"Video Indo","page":121,"index":160}