{"filecode":"bzvvv4zjlfew","title":"Tasya Review Boba Viral Bebasindo Twitter Full Album Telegram","deskripsi":"Nonton Tasya Review Boba Viral Bebasindo Twitter Full Album Telegram gratis. Ukuran File: 289.00 MB, Durasi: 04:49. Populer: 3538 tayangan. Diunggah pada 2024-06-14 05:03:17 melalui doodstream. Kata Kunci Terkait: .","tag":null,"protected_embed":"https://dodl.pages.dev/bzvvv4zjlfew","protected_dl":"https://myvidplay.com/d/bzvvv4zjlfew","single_img":"https://postercdn.net/snaps/zbbzs9z6uwaqm6mb.jpg","splash_img":"https://postercdn.net/splash/zbbzs9z6uwaqm6mb.jpg","size":"303038464","length":"289","duration":"PT4M49S","views":"3538","uploaded":"2024-06-14 05:03:17","last_view":"2024-06-14 05:03:17","api_source":"doodstream","kategori":"Video Viral","page":41,"index":176}