{"filecode":"bzwafxo994w0","title":"Dood Share Miss Kocok Doods Pro Terabox Tiktok Indo Staklam","deskripsi":"Nonton Dood Share Miss Kocok Doods Pro Terabox Tiktok Indo Staklam gratis. Ukuran File: 1.04 GB, Durasi: 17:41. Populer: 60 tayangan. Diunggah pada 2025-12-02 03:32:27 melalui doodstream. Kata Kunci Terkait: .","tag":null,"protected_embed":"https://dodl.pages.dev/bzwafxo994w0","protected_dl":"https://myvidplay.com/d/bzwafxo994w0","single_img":"https://postercdn.net/snaps/04bjsufges1adhpz.jpg","splash_img":"https://postercdn.net/splash/04bjsufges1adhpz.jpg","size":"1112539136","length":"1061","duration":"PT17M41S","views":"60","uploaded":"2025-12-02 03:32:27","last_view":"2025-12-02 03:32:27","api_source":"doodstream","kategori":"Video Indo","page":2,"index":80}