{"filecode":"bzya6072f6zb","title":"Bokep Desahan Mantan Selalu Bikin Makin Ngaceng Xbokep Fb Lulustream Link Web","deskripsi":"Nonton Bokep Desahan Mantan Selalu Bikin Makin Ngaceng Xbokep Fb Lulustream Link Web gratis. Ukuran File: 232.00 MB, Durasi: 03:52. Populer: 1370 tayangan. Diunggah pada 2023-12-10 14:17:20 melalui doodstream. Kata Kunci Terkait: .","tag":null,"protected_embed":"https://dodl.pages.dev/bzya6072f6zb","protected_dl":"https://myvidplay.com/d/bzya6072f6zb","single_img":"https://postercdn.net/snaps/bssubj9xq9p50vbk.jpg","splash_img":"https://postercdn.net/splash/bssubj9xq9p50vbk.jpg","size":"243269632","length":"232","duration":"PT3M52S","views":"1370","uploaded":"2023-12-10 14:17:20","last_view":"2023-12-10 14:17:20","api_source":"doodstream","kategori":"Video Lulustream","page":74,"index":50}