{"filecode":"bzyfqd5mduvd","title":"Nikmat Banget Depan Belakang Ls Update Twitter Xpanas Bokep31 Bokep Video","deskripsi":"Nonton Nikmat Banget Depan Belakang Ls Update Twitter Xpanas Bokep31 Bokep Video gratis. Ukuran File: 574.00 MB, Durasi: 09:34. Populer: 845 tayangan. Diunggah pada 2024-06-14 05:03:04 melalui doodstream. Kata Kunci Terkait: .","tag":null,"protected_embed":"https://dodl.pages.dev/bzyfqd5mduvd","protected_dl":"https://myvidplay.com/d/bzyfqd5mduvd","single_img":"https://postercdn.net/snaps/pq0b1qp3iypy642c.jpg","splash_img":"https://postercdn.net/splash/pq0b1qp3iypy642c.jpg","size":"601882624","length":"574","duration":"PT9M34S","views":"845","uploaded":"2024-06-14 05:03:04","last_view":"2024-06-14 05:03:04","api_source":"doodstream","kategori":"Video Bokep","page":42,"index":42}