{"filecode":"bzyjpne01zj0","title":"Pulang Kondangan Diajak Tante Ke Hotel Live Lagi Viral Terupdate Terabox Bokepin","deskripsi":"Nonton Pulang Kondangan Diajak Tante Ke Hotel Live Lagi Viral Terupdate Terabox Bokepin gratis. Ukuran File: 409.00 MB, Durasi: 06:49. Populer: 9517 tayangan. Diunggah pada 2023-08-16 15:27:58 melalui doodstream. Kata Kunci Terkait: .","tag":null,"protected_embed":"https://dodl.pages.dev/bzyjpne01zj0","protected_dl":"https://myvidplay.com/d/bzyjpne01zj0","single_img":"https://postercdn.net/snaps/svd2fzd3r27aupj2.jpg","splash_img":"https://postercdn.net/splash/svd2fzd3r27aupj2.jpg","size":"428867584","length":"409","duration":"PT6M49S","views":"9517","uploaded":"2023-08-16 15:27:58","last_view":"2023-08-16 15:27:58","api_source":"doodstream","kategori":"Video Viral","page":116,"index":152}