{"filecode":"bzyr9suga9r9","title":"Bokep Viral Pijat Mbah Maryono Lulustream Folder Telegram Dodstream Live","deskripsi":"Nonton Bokep Viral Pijat Mbah Maryono Lulustream Folder Telegram Dodstream Live gratis. Ukuran File: 821.00 MB, Durasi: 13:41. Populer: 38412 tayangan. Diunggah pada 2023-07-04 21:31:45 melalui doodstream. Kata Kunci Terkait: .","tag":null,"protected_embed":"https://dodl.pages.dev/bzyr9suga9r9","protected_dl":"https://myvidplay.com/d/bzyr9suga9r9","single_img":"https://postercdn.net/snaps/bau5o71is9bqanyu.jpg","splash_img":"https://postercdn.net/splash/bau5o71is9bqanyu.jpg","size":"860880896","length":"821","duration":"PT13M41S","views":"38412","uploaded":"2023-07-04 21:31:45","last_view":"2023-07-04 21:31:45","api_source":"doodstream","kategori":"Video Viral","page":128,"index":9}