{"filecode":"o52x2i8x8ppv","title":"Anisa Rahmawati Full Album Telegram Indonesia Video Sma Pejuang Lendir","deskripsi":"Nonton Anisa Rahmawati Full Album Telegram Indonesia Video Sma Pejuang Lendir gratis. Ukuran File: 592.00 MB, Durasi: 09:52. Populer: 154 tayangan. Diunggah pada 2025-01-13 05:23:43 melalui doodstream. Kata Kunci Terkait: .","tag":null,"protected_embed":"https://dodl.pages.dev/o52x2i8x8ppv","protected_dl":"https://myvidplay.com/d/o52x2i8x8ppv","single_img":"https://postercdn.net/snaps/x42olpb4m6ij9f1k.jpg","splash_img":"https://postercdn.net/splash/x42olpb4m6ij9f1k.jpg","size":"620756992","length":"592","duration":"PT9M52S","views":"154","uploaded":"2025-01-13 05:23:43","last_view":"2025-01-13 05:23:43","api_source":"doodstream","kategori":"Video Indonesia","page":25,"index":25}