{"filecode":"o58625cmanjl","title":"Viral Dalam Enak Luarpun Lega Popstream Bochiel Sotwe Streaming","deskripsi":"Nonton Viral Dalam Enak Luarpun Lega Popstream Bochiel Sotwe Streaming gratis. Ukuran File: 1.20 GB, Durasi: 20:28. Populer: 6484 tayangan. Diunggah pada 2023-07-02 20:24:02 melalui doodstream. Kata Kunci Terkait: .","tag":null,"protected_embed":"https://dodl.pages.dev/o58625cmanjl","protected_dl":"https://myvidplay.com/d/o58625cmanjl","single_img":"https://postercdn.net/snaps/84qt0ormwfj297m4.jpg","splash_img":"https://postercdn.net/splash/84qt0ormwfj297m4.jpg","size":"1287651328","length":"1228","duration":"PT20M28S","views":"6484","uploaded":"2023-07-02 20:24:02","last_view":"2023-07-02 20:24:02","api_source":"doodstream","kategori":"Video Viral","page":131,"index":187}