{"filecode":"o58ilfiev6vz","title":"Natasya Cewe Bogor Viral Asupanbancolmu Terupdate Ful Album Terabox Staklam Twitter","deskripsi":"Nonton Natasya Cewe Bogor Viral Asupanbancolmu Terupdate Ful Album Terabox Staklam Twitter gratis. Ukuran File: 87.00 MB, Durasi: 01:27. Populer: 2525 tayangan. Diunggah pada 2023-10-23 06:33:50 melalui doodstream. Kata Kunci Terkait: .","tag":null,"protected_embed":"https://dodl.pages.dev/o58ilfiev6vz","protected_dl":"https://myvidplay.com/d/o58ilfiev6vz","single_img":"https://postercdn.net/snaps/e07rpcsx26xtcxvs.jpg","splash_img":"https://postercdn.net/splash/e07rpcsx26xtcxvs.jpg","size":"91226112","length":"87","duration":"PT1M27S","views":"2525","uploaded":"2023-10-23 06:33:50","last_view":"2023-10-23 06:33:50","api_source":"doodstream","kategori":"Video Viral","page":90,"index":154}