{"filecode":"o5crpy9pq0y2","title":"Bokep Indo Viral Mirip Tokyolagii Bugil Ba Esport Selebgram Artis Abg Terabox","deskripsi":"Nonton Bokep Indo Viral Mirip Tokyolagii Bugil Ba Esport Selebgram Artis Abg Terabox gratis. Ukuran File: 75.00 MB, Durasi: 01:15. Populer: 27237 tayangan. Diunggah pada 2023-06-30 18:16:12 melalui doodstream. Kata Kunci Terkait: .","tag":null,"protected_embed":"https://dodl.pages.dev/o5crpy9pq0y2","protected_dl":"https://myvidplay.com/d/o5crpy9pq0y2","single_img":"https://postercdn.net/snaps/6axdxu5sxcgopk58.jpg","splash_img":"https://postercdn.net/splash/6axdxu5sxcgopk58.jpg","size":"78643200","length":"75","duration":"PT1M15S","views":"27237","uploaded":"2023-06-30 18:16:12","last_view":"2023-06-30 18:16:12","api_source":"doodstream","kategori":"Video Viral","page":133,"index":105}