{"filecode":"o5g2jdbr2xa4","title":"Padaha Baru Mau Make Up Malah Ditusuk Bokep Viral Terbaru Agenbokep Website","deskripsi":"Nonton Padaha Baru Mau Make Up Malah Ditusuk Bokep Viral Terbaru Agenbokep Website gratis. Ukuran File: 127.00 MB, Durasi: 02:07. Populer: 2741 tayangan. Diunggah pada 2023-10-03 09:35:12 melalui doodstream. Kata Kunci Terkait: .","tag":null,"protected_embed":"https://dodl.pages.dev/o5g2jdbr2xa4","protected_dl":"https://myvidplay.com/d/o5g2jdbr2xa4","single_img":"https://postercdn.net/snaps/qff4pgp9ogize1cy.jpg","splash_img":"https://postercdn.net/splash/qff4pgp9ogize1cy.jpg","size":"133169152","length":"127","duration":"PT2M7S","views":"2741","uploaded":"2023-10-03 09:35:12","last_view":"2023-10-03 09:35:12","api_source":"doodstream","kategori":"Video Viral","page":106,"index":1}