{"filecode":"o5ngjqajb3o3","title":"Selingkuh Di Kocokin Ngentot Binor Jilbab Hitam Dood Asupan Viral Bochiel Bokep","deskripsi":"Nonton Selingkuh Di Kocokin Ngentot Binor Jilbab Hitam Dood Asupan Viral Bochiel Bokep gratis. Ukuran File: 458.00 MB, Durasi: 07:38. Populer: 8648 tayangan. Diunggah pada 2023-12-30 17:45:02 melalui doodstream. Kata Kunci Terkait: .","tag":null,"protected_embed":"https://dodl.pages.dev/o5ngjqajb3o3","protected_dl":"https://myvidplay.com/d/o5ngjqajb3o3","single_img":"https://postercdn.net/snaps/q4o16lmr1vb06zg4.jpg","splash_img":"https://postercdn.net/splash/q4o16lmr1vb06zg4.jpg","size":"480247808","length":"458","duration":"PT7M38S","views":"8648","uploaded":"2023-12-30 17:45:02","last_view":"2023-12-30 17:45:02","api_source":"doodstream","kategori":"Video Viral","page":65,"index":163}