{"filecode":"o5qmvhot5z83","title":"Viral Aliya Tobrut Colmek Body Idaman Telegram Asupan Doodflix Live Twitter","deskripsi":"Nonton Viral Aliya Tobrut Colmek Body Idaman Telegram Asupan Doodflix Live Twitter gratis. Ukuran File: 359.00 MB, Durasi: 05:59. Populer: 11288 tayangan. Diunggah pada 2024-01-04 19:32:04 melalui doodstream. Kata Kunci Terkait: .","tag":null,"protected_embed":"https://dodl.pages.dev/o5qmvhot5z83","protected_dl":"https://myvidplay.com/d/o5qmvhot5z83","single_img":"https://postercdn.net/snaps/uujeqot4uyhfdkhy.jpg","splash_img":"https://postercdn.net/splash/uujeqot4uyhfdkhy.jpg","size":"376438784","length":"359","duration":"PT5M59S","views":"11288","uploaded":"2024-01-04 19:32:04","last_view":"2024-01-04 19:32:04","api_source":"doodstream","kategori":"Video Viral","page":64,"index":32}