{"filecode":"o5rs2atfbplk","title":"Staycation Di Hotel Bareng Ayang Bokep Indo Viral Twitter Lollipopviral Lollipop Grup","deskripsi":"Nonton Staycation Di Hotel Bareng Ayang Bokep Indo Viral Twitter Lollipopviral Lollipop Grup gratis. Ukuran File: 755.00 MB, Durasi: 12:35. Populer: 2297 tayangan. Diunggah pada 2024-01-04 19:31:17 melalui doodstream. Kata Kunci Terkait: .","tag":null,"protected_embed":"https://dodl.pages.dev/o5rs2atfbplk","protected_dl":"https://myvidplay.com/d/o5rs2atfbplk","single_img":"https://postercdn.net/snaps/o9hy42luk5a9hhy9.jpg","splash_img":"https://postercdn.net/splash/o9hy42luk5a9hhy9.jpg","size":"791674880","length":"755","duration":"PT12M35S","views":"2297","uploaded":"2024-01-04 19:31:17","last_view":"2024-01-04 19:31:17","api_source":"doodstream","kategori":"Video Viral","page":64,"index":51}