{"filecode":"o5t9yenkmh48","title":"Abg Hijab Remas Tocil Nikmat Bokep Ukhti Jilbab Viral Tiktok Telegram Popstream","deskripsi":"Nonton Abg Hijab Remas Tocil Nikmat Bokep Ukhti Jilbab Viral Tiktok Telegram Popstream gratis. Ukuran File: 129.00 MB, Durasi: 02:09. Populer: 5057 tayangan. Diunggah pada 2023-10-25 19:49:45 melalui doodstream. Kata Kunci Terkait: .","tag":null,"protected_embed":"https://dodl.pages.dev/o5t9yenkmh48","protected_dl":"https://myvidplay.com/d/o5t9yenkmh48","single_img":"https://postercdn.net/snaps/dk4sv4mucx3365xp.jpg","splash_img":"https://postercdn.net/splash/dk4sv4mucx3365xp.jpg","size":"135266304","length":"129","duration":"PT2M9S","views":"5057","uploaded":"2023-10-25 19:49:45","last_view":"2023-10-25 19:49:45","api_source":"doodstream","kategori":"Video Hijab","page":89,"index":67}