{"filecode":"o5va0y2dhx7m","title":"Main Sama Kakak Tiri Di Gudang Gelap Gelapan Ful Album Lulustream Downloader","deskripsi":"Nonton Main Sama Kakak Tiri Di Gudang Gelap Gelapan Ful Album Lulustream Downloader gratis. Ukuran File: 403.00 MB, Durasi: 06:43. Populer: 374 tayangan. Diunggah pada 2025-01-13 05:19:59 melalui doodstream. Kata Kunci Terkait: .","tag":null,"protected_embed":"https://dodl.pages.dev/o5va0y2dhx7m","protected_dl":"https://myvidplay.com/d/o5va0y2dhx7m","single_img":"https://postercdn.net/snaps/8628dzm7sdkl1kpp.jpg","splash_img":"https://postercdn.net/splash/8628dzm7sdkl1kpp.jpg","size":"422576128","length":"403","duration":"PT6M43S","views":"374","uploaded":"2025-01-13 05:19:59","last_view":"2025-01-13 05:19:59","api_source":"doodstream","kategori":"Video Lulustream","page":27,"index":106}