{"filecode":"o5wg4ccaz6vz","title":"Abg Mulus Pakek Alat Keluar Putih Live Bokepsin Bochiel Cantik Tobrut Jilbab","deskripsi":"Nonton Abg Mulus Pakek Alat Keluar Putih Live Bokepsin Bochiel Cantik Tobrut Jilbab gratis. Ukuran File: 147.00 MB, Durasi: 02:27. Populer: 1632 tayangan. Diunggah pada 2023-09-22 20:32:55 melalui doodstream. Kata Kunci Terkait: .","tag":null,"protected_embed":"https://dodl.pages.dev/o5wg4ccaz6vz","protected_dl":"https://myvidplay.com/d/o5wg4ccaz6vz","single_img":"https://postercdn.net/snaps/y8zihkrfax8a27ul.jpg","splash_img":"https://postercdn.net/splash/y8zihkrfax8a27ul.jpg","size":"154140672","length":"147","duration":"PT2M27S","views":"1632","uploaded":"2023-09-22 20:32:55","last_view":"2023-09-22 20:32:55","api_source":"doodstream","kategori":"Video Abg","page":109,"index":15}