{"filecode":"o5wsxw7tg0kw","title":"Dikasih Ayang Link Web Video Sma Folder Doods Pro Tiktok","deskripsi":"Nonton Dikasih Ayang Link Web Video Sma Folder Doods Pro Tiktok gratis. Ukuran File: 118.00 MB, Durasi: 01:58. Populer: 18 tayangan. Diunggah pada 2025-10-16 15:33:36 melalui doodstream. Kata Kunci Terkait: .","tag":null,"protected_embed":"https://dodl.pages.dev/o5wsxw7tg0kw","protected_dl":"https://myvidplay.com/d/o5wsxw7tg0kw","single_img":"https://postercdn.net/snaps/xug309n8b30ynj8c.jpg","splash_img":"https://postercdn.net/splash/xug309n8b30ynj8c.jpg","size":"123731968","length":"118","duration":"PT1M58S","views":"18","uploaded":"2025-10-16 15:33:36","last_view":"2025-10-16 15:33:36","api_source":"doodstream","kategori":"Video Sma","page":9,"index":195}