{"filecode":"o5xru741tihf","title":"Celiana Gangbang Dood Stream Full Album Bokep Update Sotwe Live","deskripsi":"Nonton Celiana Gangbang Dood Stream Full Album Bokep Update Sotwe Live gratis. Ukuran File: 447.00 MB, Durasi: 07:27. Populer: 3991 tayangan. Diunggah pada 2023-09-22 20:31:12 melalui doodstream. Kata Kunci Terkait: .","tag":null,"protected_embed":"https://dodl.pages.dev/o5xru741tihf","protected_dl":"https://myvidplay.com/d/o5xru741tihf","single_img":"https://postercdn.net/snaps/fxwrfw2bp83i3akx.jpg","splash_img":"https://postercdn.net/splash/fxwrfw2bp83i3akx.jpg","size":"468713472","length":"447","duration":"PT7M27S","views":"3991","uploaded":"2023-09-22 20:31:12","last_view":"2023-09-22 20:31:12","api_source":"doodstream","kategori":"Video Dood","page":109,"index":47}